=== 2026-09-22 18:55:01 ===
=== 2026-09-22 19:00:01 ===
Traceback (most recent call last):
  File "/home/pi/netatmo/netatmo_climate.py", line 141, in <module>
    main()
    ~~~~^^
  File "/home/pi/netatmo/netatmo_climate.py", line 134, in main
    access_token = get_access_token()
  File "/home/pi/netatmo/netatmo_climate.py", line 57, in get_access_token
    return refresh_access_token()
  File "/home/pi/netatmo/netatmo_climate.py", line 46, in refresh_access_token
    r.raise_for_status()
    ~~~~~~~~~~~~~~~~~~^^
  File "/home/pi/netatmo/venv/lib/python3.13/site-packages/requests/models.py", line 1026, in raise_for_status
    raise HTTPError(http_error_msg, response=self)
requests.exceptions.HTTPError: 503 Server Error: Service Unavailable for url: https://api.netatmo.com/oauth2/token
=== 2026-09-22 19:05:01 ===
=== 2026-09-22 19:10:02 ===
Traceback (most recent call last):
  File "/home/pi/netatmo/netatmo_climate.py", line 141, in <module>
    main()
    ~~~~^^
  File "/home/pi/netatmo/netatmo_climate.py", line 134, in main
    access_token = get_access_token()
  File "/home/pi/netatmo/netatmo_climate.py", line 57, in get_access_token
    return refresh_access_token()
  File "/home/pi/netatmo/netatmo_climate.py", line 46, in refresh_access_token
    r.raise_for_status()
    ~~~~~~~~~~~~~~~~~~^^
  File "/home/pi/netatmo/venv/lib/python3.13/site-packages/requests/models.py", line 1026, in raise_for_status
    raise HTTPError(http_error_msg, response=self)
requests.exceptions.HTTPError: 503 Server Error: Service Unavailable for url: https://api.netatmo.com/oauth2/token
=== 2026-09-22 19:15:01 ===
Traceback (most recent call last):
  File "/home/pi/netatmo/netatmo_climate.py", line 141, in <module>
    main()
    ~~~~^^
  File "/home/pi/netatmo/netatmo_climate.py", line 135, in main
    home, status = get_climate_data(access_token, HOME_ID)
                   ~~~~~~~~~~~~~~~~^^^^^^^^^^^^^^^^^^^^^^^
  File "/home/pi/netatmo/netatmo_climate.py", line 69, in get_climate_data
    r1.raise_for_status()
    ~~~~~~~~~~~~~~~~~~~^^
  File "/home/pi/netatmo/venv/lib/python3.13/site-packages/requests/models.py", line 1026, in raise_for_status
    raise HTTPError(http_error_msg, response=self)
requests.exceptions.HTTPError: 503 Server Error: Service Temporarily Unavailable for url: https://api.netatmo.com/api/homesdata
=== 2026-09-22 19:20:02 ===
=== 2026-09-22 19:25:01 ===
=== 2026-09-22 19:30:01 ===
=== 2026-09-22 19:35:01 ===
=== 2026-09-22 19:40:01 ===
=== 2026-09-22 19:45:01 ===
Traceback (most recent call last):
  File "/home/pi/netatmo/netatmo_climate.py", line 141, in <module>
    main()
    ~~~~^^
  File "/home/pi/netatmo/netatmo_climate.py", line 135, in main
    home, status = get_climate_data(access_token, HOME_ID)
                   ~~~~~~~~~~~~~~~~^^^^^^^^^^^^^^^^^^^^^^^
  File "/home/pi/netatmo/netatmo_climate.py", line 69, in get_climate_data
    r1.raise_for_status()
    ~~~~~~~~~~~~~~~~~~~^^
  File "/home/pi/netatmo/venv/lib/python3.13/site-packages/requests/models.py", line 1026, in raise_for_status
    raise HTTPError(http_error_msg, response=self)
requests.exceptions.HTTPError: 503 Server Error: Service Temporarily Unavailable for url: https://api.netatmo.com/api/homesdata
=== 2026-09-22 19:50:01 ===
=== 2026-09-22 19:55:02 ===
=== 2026-09-22 20:00:01 ===
Traceback (most recent call last):
  File "/home/pi/netatmo/netatmo_climate.py", line 141, in <module>
    main()
    ~~~~^^
  File "/home/pi/netatmo/netatmo_climate.py", line 135, in main
    home, status = get_climate_data(access_token, HOME_ID)
                   ~~~~~~~~~~~~~~~~^^^^^^^^^^^^^^^^^^^^^^^
  File "/home/pi/netatmo/netatmo_climate.py", line 69, in get_climate_data
    r1.raise_for_status()
    ~~~~~~~~~~~~~~~~~~~^^
  File "/home/pi/netatmo/venv/lib/python3.13/site-packages/requests/models.py", line 1026, in raise_for_status
    raise HTTPError(http_error_msg, response=self)
requests.exceptions.HTTPError: 503 Server Error: Service Temporarily Unavailable for url: https://api.netatmo.com/api/homesdata
=== 2026-09-22 20:05:01 ===
=== 2026-09-22 20:10:01 ===
=== 2026-09-22 20:15:02 ===
=== 2026-09-22 20:20:01 ===
=== 2026-09-22 20:25:01 ===
=== 2026-09-22 20:30:01 ===
Traceback (most recent call last):
  File "/home/pi/netatmo/netatmo_climate.py", line 141, in <module>
    main()
    ~~~~^^
  File "/home/pi/netatmo/netatmo_climate.py", line 135, in main
    home, status = get_climate_data(access_token, HOME_ID)
                   ~~~~~~~~~~~~~~~~^^^^^^^^^^^^^^^^^^^^^^^
  File "/home/pi/netatmo/netatmo_climate.py", line 69, in get_climate_data
    r1.raise_for_status()
    ~~~~~~~~~~~~~~~~~~~^^
  File "/home/pi/netatmo/venv/lib/python3.13/site-packages/requests/models.py", line 1026, in raise_for_status
    raise HTTPError(http_error_msg, response=self)
requests.exceptions.HTTPError: 503 Server Error: Service Temporarily Unavailable for url: https://api.netatmo.com/api/homesdata
=== 2026-09-22 20:35:01 ===
=== 2026-09-22 20:40:01 ===
Traceback (most recent call last):
  File "/home/pi/netatmo/netatmo_climate.py", line 141, in <module>
    main()
    ~~~~^^
  File "/home/pi/netatmo/netatmo_climate.py", line 134, in main
    access_token = get_access_token()
  File "/home/pi/netatmo/netatmo_climate.py", line 57, in get_access_token
    return refresh_access_token()
  File "/home/pi/netatmo/netatmo_climate.py", line 46, in refresh_access_token
    r.raise_for_status()
    ~~~~~~~~~~~~~~~~~~^^
  File "/home/pi/netatmo/venv/lib/python3.13/site-packages/requests/models.py", line 1026, in raise_for_status
    raise HTTPError(http_error_msg, response=self)
requests.exceptions.HTTPError: 503 Server Error: Service Unavailable for url: https://api.netatmo.com/oauth2/token
=== 2026-09-22 20:45:01 ===
=== 2026-09-22 20:50:01 ===
Traceback (most recent call last):
  File "/home/pi/netatmo/netatmo_climate.py", line 141, in <module>
    main()
    ~~~~^^
  File "/home/pi/netatmo/netatmo_climate.py", line 135, in main
    home, status = get_climate_data(access_token, HOME_ID)
                   ~~~~~~~~~~~~~~~~^^^^^^^^^^^^^^^^^^^^^^^
  File "/home/pi/netatmo/netatmo_climate.py", line 69, in get_climate_data
    r1.raise_for_status()
    ~~~~~~~~~~~~~~~~~~~^^
  File "/home/pi/netatmo/venv/lib/python3.13/site-packages/requests/models.py", line 1026, in raise_for_status
    raise HTTPError(http_error_msg, response=self)
requests.exceptions.HTTPError: 503 Server Error: Service Temporarily Unavailable for url: https://api.netatmo.com/api/homesdata
=== 2026-09-22 20:55:02 ===
=== 2026-09-22 21:00:01 ===
Traceback (most recent call last):
  File "/home/pi/netatmo/netatmo_climate.py", line 141, in <module>
    main()
    ~~~~^^
  File "/home/pi/netatmo/netatmo_climate.py", line 134, in main
    access_token = get_access_token()
  File "/home/pi/netatmo/netatmo_climate.py", line 57, in get_access_token
    return refresh_access_token()
  File "/home/pi/netatmo/netatmo_climate.py", line 46, in refresh_access_token
    r.raise_for_status()
    ~~~~~~~~~~~~~~~~~~^^
  File "/home/pi/netatmo/venv/lib/python3.13/site-packages/requests/models.py", line 1026, in raise_for_status
    raise HTTPError(http_error_msg, response=self)
requests.exceptions.HTTPError: 503 Server Error: Service Unavailable for url: https://api.netatmo.com/oauth2/token
=== 2026-09-22 21:05:01 ===
=== 2026-09-22 21:10:01 ===
Traceback (most recent call last):
  File "/home/pi/netatmo/netatmo_climate.py", line 141, in <module>
    main()
    ~~~~^^
  File "/home/pi/netatmo/netatmo_climate.py", line 135, in main
    home, status = get_climate_data(access_token, HOME_ID)
                   ~~~~~~~~~~~~~~~~^^^^^^^^^^^^^^^^^^^^^^^
  File "/home/pi/netatmo/netatmo_climate.py", line 69, in get_climate_data
    r1.raise_for_status()
    ~~~~~~~~~~~~~~~~~~~^^
  File "/home/pi/netatmo/venv/lib/python3.13/site-packages/requests/models.py", line 1026, in raise_for_status
    raise HTTPError(http_error_msg, response=self)
requests.exceptions.HTTPError: 503 Server Error: Service Temporarily Unavailable for url: https://api.netatmo.com/api/homesdata
=== 2026-09-22 21:15:01 ===
=== 2026-09-22 21:20:01 ===
Traceback (most recent call last):
  File "/home/pi/netatmo/netatmo_climate.py", line 141, in <module>
    main()
    ~~~~^^
  File "/home/pi/netatmo/netatmo_climate.py", line 135, in main
    home, status = get_climate_data(access_token, HOME_ID)
                   ~~~~~~~~~~~~~~~~^^^^^^^^^^^^^^^^^^^^^^^
  File "/home/pi/netatmo/netatmo_climate.py", line 69, in get_climate_data
    r1.raise_for_status()
    ~~~~~~~~~~~~~~~~~~~^^
  File "/home/pi/netatmo/venv/lib/python3.13/site-packages/requests/models.py", line 1026, in raise_for_status
    raise HTTPError(http_error_msg, response=self)
requests.exceptions.HTTPError: 503 Server Error: Service Temporarily Unavailable for url: https://api.netatmo.com/api/homesdata
=== 2026-09-22 21:25:02 ===
=== 2026-09-22 21:30:01 ===
Traceback (most recent call last):
  File "/home/pi/netatmo/netatmo_climate.py", line 141, in <module>
    main()
    ~~~~^^
  File "/home/pi/netatmo/netatmo_climate.py", line 134, in main
    access_token = get_access_token()
  File "/home/pi/netatmo/netatmo_climate.py", line 57, in get_access_token
    return refresh_access_token()
  File "/home/pi/netatmo/netatmo_climate.py", line 46, in refresh_access_token
    r.raise_for_status()
    ~~~~~~~~~~~~~~~~~~^^
  File "/home/pi/netatmo/venv/lib/python3.13/site-packages/requests/models.py", line 1026, in raise_for_status
    raise HTTPError(http_error_msg, response=self)
requests.exceptions.HTTPError: 503 Server Error: Service Unavailable for url: https://api.netatmo.com/oauth2/token
=== 2026-09-22 21:35:02 ===
=== 2026-09-22 21:40:01 ===
Traceback (most recent call last):
  File "/home/pi/netatmo/netatmo_climate.py", line 141, in <module>
    main()
    ~~~~^^
  File "/home/pi/netatmo/netatmo_climate.py", line 134, in main
    access_token = get_access_token()
  File "/home/pi/netatmo/netatmo_climate.py", line 57, in get_access_token
    return refresh_access_token()
  File "/home/pi/netatmo/netatmo_climate.py", line 46, in refresh_access_token
    r.raise_for_status()
    ~~~~~~~~~~~~~~~~~~^^
  File "/home/pi/netatmo/venv/lib/python3.13/site-packages/requests/models.py", line 1026, in raise_for_status
    raise HTTPError(http_error_msg, response=self)
requests.exceptions.HTTPError: 503 Server Error: Service Unavailable for url: https://api.netatmo.com/oauth2/token
=== 2026-09-22 21:45:01 ===
=== 2026-09-22 21:50:01 ===
=== 2026-09-22 21:55:01 ===
=== 2026-09-22 22:00:01 ===
Traceback (most recent call last):
  File "/home/pi/netatmo/netatmo_climate.py", line 141, in <module>
    main()
    ~~~~^^
  File "/home/pi/netatmo/netatmo_climate.py", line 134, in main
    access_token = get_access_token()
  File "/home/pi/netatmo/netatmo_climate.py", line 57, in get_access_token
    return refresh_access_token()
  File "/home/pi/netatmo/netatmo_climate.py", line 46, in refresh_access_token
    r.raise_for_status()
    ~~~~~~~~~~~~~~~~~~^^
  File "/home/pi/netatmo/venv/lib/python3.13/site-packages/requests/models.py", line 1026, in raise_for_status
    raise HTTPError(http_error_msg, response=self)
requests.exceptions.HTTPError: 503 Server Error: Service Unavailable for url: https://api.netatmo.com/oauth2/token
=== 2026-09-22 22:05:01 ===
=== 2026-09-22 22:10:01 ===
Traceback (most recent call last):
  File "/home/pi/netatmo/netatmo_climate.py", line 141, in <module>
    main()
    ~~~~^^
  File "/home/pi/netatmo/netatmo_climate.py", line 134, in main
    access_token = get_access_token()
  File "/home/pi/netatmo/netatmo_climate.py", line 57, in get_access_token
    return refresh_access_token()
  File "/home/pi/netatmo/netatmo_climate.py", line 46, in refresh_access_token
    r.raise_for_status()
    ~~~~~~~~~~~~~~~~~~^^
  File "/home/pi/netatmo/venv/lib/python3.13/site-packages/requests/models.py", line 1026, in raise_for_status
    raise HTTPError(http_error_msg, response=self)
requests.exceptions.HTTPError: 503 Server Error: Service Unavailable for url: https://api.netatmo.com/oauth2/token
=== 2026-09-22 22:15:01 ===
=== 2026-09-22 22:20:01 ===
=== 2026-09-22 22:25:01 ===
=== 2026-09-22 22:30:01 ===
Traceback (most recent call last):
  File "/home/pi/netatmo/netatmo_climate.py", line 141, in <module>
    main()
    ~~~~^^
  File "/home/pi/netatmo/netatmo_climate.py", line 134, in main
    access_token = get_access_token()
  File "/home/pi/netatmo/netatmo_climate.py", line 57, in get_access_token
    return refresh_access_token()
  File "/home/pi/netatmo/netatmo_climate.py", line 46, in refresh_access_token
    r.raise_for_status()
    ~~~~~~~~~~~~~~~~~~^^
  File "/home/pi/netatmo/venv/lib/python3.13/site-packages/requests/models.py", line 1026, in raise_for_status
    raise HTTPError(http_error_msg, response=self)
requests.exceptions.HTTPError: 503 Server Error: Service Unavailable for url: https://api.netatmo.com/oauth2/token
=== 2026-09-22 22:35:01 ===
=== 2026-09-22 22:40:01 ===
=== 2026-09-22 22:45:01 ===
=== 2026-09-22 22:50:01 ===
=== 2026-09-22 22:55:02 ===
=== 2026-09-22 23:00:01 ===
Traceback (most recent call last):
  File "/home/pi/netatmo/netatmo_climate.py", line 141, in <module>
    main()
    ~~~~^^
  File "/home/pi/netatmo/netatmo_climate.py", line 135, in main
    home, status = get_climate_data(access_token, HOME_ID)
                   ~~~~~~~~~~~~~~~~^^^^^^^^^^^^^^^^^^^^^^^
  File "/home/pi/netatmo/netatmo_climate.py", line 69, in get_climate_data
    r1.raise_for_status()
    ~~~~~~~~~~~~~~~~~~~^^
  File "/home/pi/netatmo/venv/lib/python3.13/site-packages/requests/models.py", line 1026, in raise_for_status
    raise HTTPError(http_error_msg, response=self)
requests.exceptions.HTTPError: 503 Server Error: Service Temporarily Unavailable for url: https://api.netatmo.com/api/homesdata
=== 2026-09-22 23:05:01 ===
=== 2026-09-22 23:10:02 ===
Traceback (most recent call last):
  File "/home/pi/netatmo/netatmo_climate.py", line 141, in <module>
    main()
    ~~~~^^
  File "/home/pi/netatmo/netatmo_climate.py", line 134, in main
    access_token = get_access_token()
  File "/home/pi/netatmo/netatmo_climate.py", line 57, in get_access_token
    return refresh_access_token()
  File "/home/pi/netatmo/netatmo_climate.py", line 46, in refresh_access_token
    r.raise_for_status()
    ~~~~~~~~~~~~~~~~~~^^
  File "/home/pi/netatmo/venv/lib/python3.13/site-packages/requests/models.py", line 1026, in raise_for_status
    raise HTTPError(http_error_msg, response=self)
requests.exceptions.HTTPError: 503 Server Error: Service Unavailable for url: https://api.netatmo.com/oauth2/token
=== 2026-09-22 23:15:01 ===
=== 2026-09-22 23:20:01 ===
Traceback (most recent call last):
  File "/home/pi/netatmo/netatmo_climate.py", line 141, in <module>
    main()
    ~~~~^^
  File "/home/pi/netatmo/netatmo_climate.py", line 135, in main
    home, status = get_climate_data(access_token, HOME_ID)
                   ~~~~~~~~~~~~~~~~^^^^^^^^^^^^^^^^^^^^^^^
  File "/home/pi/netatmo/netatmo_climate.py", line 69, in get_climate_data
    r1.raise_for_status()
    ~~~~~~~~~~~~~~~~~~~^^
  File "/home/pi/netatmo/venv/lib/python3.13/site-packages/requests/models.py", line 1026, in raise_for_status
    raise HTTPError(http_error_msg, response=self)
requests.exceptions.HTTPError: 503 Server Error: Service Temporarily Unavailable for url: https://api.netatmo.com/api/homesdata
=== 2026-09-22 23:25:01 ===
=== 2026-09-22 23:30:01 ===
Traceback (most recent call last):
  File "/home/pi/netatmo/netatmo_climate.py", line 141, in <module>
    main()
    ~~~~^^
  File "/home/pi/netatmo/netatmo_climate.py", line 135, in main
    home, status = get_climate_data(access_token, HOME_ID)
                   ~~~~~~~~~~~~~~~~^^^^^^^^^^^^^^^^^^^^^^^
  File "/home/pi/netatmo/netatmo_climate.py", line 69, in get_climate_data
    r1.raise_for_status()
    ~~~~~~~~~~~~~~~~~~~^^
  File "/home/pi/netatmo/venv/lib/python3.13/site-packages/requests/models.py", line 1026, in raise_for_status
    raise HTTPError(http_error_msg, response=self)
requests.exceptions.HTTPError: 503 Server Error: Service Temporarily Unavailable for url: https://api.netatmo.com/api/homesdata
=== 2026-09-22 23:35:01 ===
=== 2026-09-22 23:40:01 ===
Traceback (most recent call last):
  File "/home/pi/netatmo/netatmo_climate.py", line 141, in <module>
    main()
    ~~~~^^
  File "/home/pi/netatmo/netatmo_climate.py", line 134, in main
    access_token = get_access_token()
  File "/home/pi/netatmo/netatmo_climate.py", line 57, in get_access_token
    return refresh_access_token()
  File "/home/pi/netatmo/netatmo_climate.py", line 46, in refresh_access_token
    r.raise_for_status()
    ~~~~~~~~~~~~~~~~~~^^
  File "/home/pi/netatmo/venv/lib/python3.13/site-packages/requests/models.py", line 1026, in raise_for_status
    raise HTTPError(http_error_msg, response=self)
requests.exceptions.HTTPError: 503 Server Error: Service Unavailable for url: https://api.netatmo.com/oauth2/token
=== 2026-09-22 23:45:02 ===
=== 2026-09-22 23:50:01 ===
=== 2026-09-22 23:55:01 ===
=== 2026-09-23 00:00:01 ===
Traceback (most recent call last):
  File "/home/pi/netatmo/netatmo_climate.py", line 141, in <module>
    main()
    ~~~~^^
  File "/home/pi/netatmo/netatmo_climate.py", line 134, in main
    access_token = get_access_token()
  File "/home/pi/netatmo/netatmo_climate.py", line 57, in get_access_token
    return refresh_access_token()
  File "/home/pi/netatmo/netatmo_climate.py", line 46, in refresh_access_token
    r.raise_for_status()
    ~~~~~~~~~~~~~~~~~~^^
  File "/home/pi/netatmo/venv/lib/python3.13/site-packages/requests/models.py", line 1026, in raise_for_status
    raise HTTPError(http_error_msg, response=self)
requests.exceptions.HTTPError: 503 Server Error: Service Unavailable for url: https://api.netatmo.com/oauth2/token
=== 2026-09-23 00:05:01 ===
=== 2026-09-23 00:10:02 ===
=== 2026-09-23 00:15:01 ===
=== 2026-09-23 00:20:02 ===
Traceback (most recent call last):
  File "/home/pi/netatmo/netatmo_climate.py", line 141, in <module>
    main()
    ~~~~^^
  File "/home/pi/netatmo/netatmo_climate.py", line 135, in main
    home, status = get_climate_data(access_token, HOME_ID)
                   ~~~~~~~~~~~~~~~~^^^^^^^^^^^^^^^^^^^^^^^
  File "/home/pi/netatmo/netatmo_climate.py", line 69, in get_climate_data
    r1.raise_for_status()
    ~~~~~~~~~~~~~~~~~~~^^
  File "/home/pi/netatmo/venv/lib/python3.13/site-packages/requests/models.py", line 1026, in raise_for_status
    raise HTTPError(http_error_msg, response=self)
requests.exceptions.HTTPError: 503 Server Error: Service Temporarily Unavailable for url: https://api.netatmo.com/api/homesdata
=== 2026-09-23 00:25:01 ===
=== 2026-09-23 00:30:01 ===
Traceback (most recent call last):
  File "/home/pi/netatmo/netatmo_climate.py", line 141, in <module>
    main()
    ~~~~^^
  File "/home/pi/netatmo/netatmo_climate.py", line 134, in main
    access_token = get_access_token()
  File "/home/pi/netatmo/netatmo_climate.py", line 57, in get_access_token
    return refresh_access_token()
  File "/home/pi/netatmo/netatmo_climate.py", line 46, in refresh_access_token
    r.raise_for_status()
    ~~~~~~~~~~~~~~~~~~^^
  File "/home/pi/netatmo/venv/lib/python3.13/site-packages/requests/models.py", line 1026, in raise_for_status
    raise HTTPError(http_error_msg, response=self)
requests.exceptions.HTTPError: 503 Server Error: Service Unavailable for url: https://api.netatmo.com/oauth2/token
=== 2026-09-23 00:35:01 ===
=== 2026-09-23 00:40:01 ===
Traceback (most recent call last):
  File "/home/pi/netatmo/netatmo_climate.py", line 141, in <module>
    main()
    ~~~~^^
  File "/home/pi/netatmo/netatmo_climate.py", line 134, in main
    access_token = get_access_token()
  File "/home/pi/netatmo/netatmo_climate.py", line 57, in get_access_token
    return refresh_access_token()
  File "/home/pi/netatmo/netatmo_climate.py", line 46, in refresh_access_token
    r.raise_for_status()
    ~~~~~~~~~~~~~~~~~~^^
  File "/home/pi/netatmo/venv/lib/python3.13/site-packages/requests/models.py", line 1026, in raise_for_status
    raise HTTPError(http_error_msg, response=self)
requests.exceptions.HTTPError: 503 Server Error: Service Unavailable for url: https://api.netatmo.com/oauth2/token
=== 2026-09-23 00:45:01 ===
=== 2026-09-23 00:50:01 ===
=== 2026-09-23 00:55:02 ===
=== 2026-09-23 01:00:01 ===
Traceback (most recent call last):
  File "/home/pi/netatmo/netatmo_climate.py", line 141, in <module>
    main()
    ~~~~^^
  File "/home/pi/netatmo/netatmo_climate.py", line 135, in main
    home, status = get_climate_data(access_token, HOME_ID)
                   ~~~~~~~~~~~~~~~~^^^^^^^^^^^^^^^^^^^^^^^
  File "/home/pi/netatmo/netatmo_climate.py", line 69, in get_climate_data
    r1.raise_for_status()
    ~~~~~~~~~~~~~~~~~~~^^
  File "/home/pi/netatmo/venv/lib/python3.13/site-packages/requests/models.py", line 1026, in raise_for_status
    raise HTTPError(http_error_msg, response=self)
requests.exceptions.HTTPError: 503 Server Error: Service Temporarily Unavailable for url: https://api.netatmo.com/api/homesdata
=== 2026-09-23 01:05:01 ===
=== 2026-09-23 01:10:02 ===
=== 2026-09-23 01:15:01 ===
=== 2026-09-23 01:20:01 ===
=== 2026-09-23 01:25:01 ===
=== 2026-09-23 01:30:01 ===
=== 2026-09-23 01:35:01 ===
=== 2026-09-23 01:40:01 ===
=== 2026-09-23 01:45:01 ===
=== 2026-09-23 01:50:01 ===
Traceback (most recent call last):
  File "/home/pi/netatmo/netatmo_climate.py", line 141, in <module>
    main()
    ~~~~^^
  File "/home/pi/netatmo/netatmo_climate.py", line 135, in main
    home, status = get_climate_data(access_token, HOME_ID)
                   ~~~~~~~~~~~~~~~~^^^^^^^^^^^^^^^^^^^^^^^
  File "/home/pi/netatmo/netatmo_climate.py", line 69, in get_climate_data
    r1.raise_for_status()
    ~~~~~~~~~~~~~~~~~~~^^
  File "/home/pi/netatmo/venv/lib/python3.13/site-packages/requests/models.py", line 1026, in raise_for_status
    raise HTTPError(http_error_msg, response=self)
requests.exceptions.HTTPError: 503 Server Error: Service Temporarily Unavailable for url: https://api.netatmo.com/api/homesdata
=== 2026-09-23 01:55:01 ===
=== 2026-09-23 02:00:01 ===
Traceback (most recent call last):
  File "/home/pi/netatmo/netatmo_climate.py", line 141, in <module>
    main()
    ~~~~^^
  File "/home/pi/netatmo/netatmo_climate.py", line 134, in main
    access_token = get_access_token()
  File "/home/pi/netatmo/netatmo_climate.py", line 57, in get_access_token
    return refresh_access_token()
  File "/home/pi/netatmo/netatmo_climate.py", line 46, in refresh_access_token
    r.raise_for_status()
    ~~~~~~~~~~~~~~~~~~^^
  File "/home/pi/netatmo/venv/lib/python3.13/site-packages/requests/models.py", line 1026, in raise_for_status
    raise HTTPError(http_error_msg, response=self)
requests.exceptions.HTTPError: 503 Server Error: Service Unavailable for url: https://api.netatmo.com/oauth2/token
=== 2026-09-23 02:05:01 ===
=== 2026-09-23 02:10:01 ===
=== 2026-09-23 02:15:01 ===
=== 2026-09-23 02:20:01 ===
Traceback (most recent call last):
  File "/home/pi/netatmo/netatmo_climate.py", line 141, in <module>
    main()
    ~~~~^^
  File "/home/pi/netatmo/netatmo_climate.py", line 135, in main
    home, status = get_climate_data(access_token, HOME_ID)
                   ~~~~~~~~~~~~~~~~^^^^^^^^^^^^^^^^^^^^^^^
  File "/home/pi/netatmo/netatmo_climate.py", line 69, in get_climate_data
    r1.raise_for_status()
    ~~~~~~~~~~~~~~~~~~~^^
  File "/home/pi/netatmo/venv/lib/python3.13/site-packages/requests/models.py", line 1026, in raise_for_status
    raise HTTPError(http_error_msg, response=self)
requests.exceptions.HTTPError: 503 Server Error: Service Temporarily Unavailable for url: https://api.netatmo.com/api/homesdata
=== 2026-09-23 02:25:01 ===
=== 2026-09-23 02:30:01 ===
Traceback (most recent call last):
  File "/home/pi/netatmo/netatmo_climate.py", line 141, in <module>
    main()
    ~~~~^^
  File "/home/pi/netatmo/netatmo_climate.py", line 134, in main
    access_token = get_access_token()
  File "/home/pi/netatmo/netatmo_climate.py", line 57, in get_access_token
    return refresh_access_token()
  File "/home/pi/netatmo/netatmo_climate.py", line 46, in refresh_access_token
    r.raise_for_status()
    ~~~~~~~~~~~~~~~~~~^^
  File "/home/pi/netatmo/venv/lib/python3.13/site-packages/requests/models.py", line 1026, in raise_for_status
    raise HTTPError(http_error_msg, response=self)
requests.exceptions.HTTPError: 503 Server Error: Service Unavailable for url: https://api.netatmo.com/oauth2/token
=== 2026-09-23 02:35:01 ===
=== 2026-09-23 02:40:01 ===
=== 2026-09-23 02:45:01 ===
Traceback (most recent call last):
  File "/home/pi/netatmo/netatmo_climate.py", line 141, in <module>
    main()
    ~~~~^^
  File "/home/pi/netatmo/netatmo_climate.py", line 135, in main
    home, status = get_climate_data(access_token, HOME_ID)
                   ~~~~~~~~~~~~~~~~^^^^^^^^^^^^^^^^^^^^^^^
  File "/home/pi/netatmo/netatmo_climate.py", line 69, in get_climate_data
    r1.raise_for_status()
    ~~~~~~~~~~~~~~~~~~~^^
  File "/home/pi/netatmo/venv/lib/python3.13/site-packages/requests/models.py", line 1026, in raise_for_status
    raise HTTPError(http_error_msg, response=self)
requests.exceptions.HTTPError: 503 Server Error: Service Temporarily Unavailable for url: https://api.netatmo.com/api/homesdata
=== 2026-09-23 02:50:01 ===
=== 2026-09-23 02:55:01 ===
=== 2026-09-23 03:00:01 ===
Traceback (most recent call last):
  File "/home/pi/netatmo/netatmo_climate.py", line 141, in <module>
    main()
    ~~~~^^
  File "/home/pi/netatmo/netatmo_climate.py", line 134, in main
    access_token = get_access_token()
  File "/home/pi/netatmo/netatmo_climate.py", line 57, in get_access_token
    return refresh_access_token()
  File "/home/pi/netatmo/netatmo_climate.py", line 46, in refresh_access_token
    r.raise_for_status()
    ~~~~~~~~~~~~~~~~~~^^
  File "/home/pi/netatmo/venv/lib/python3.13/site-packages/requests/models.py", line 1026, in raise_for_status
    raise HTTPError(http_error_msg, response=self)
requests.exceptions.HTTPError: 503 Server Error: Service Unavailable for url: https://api.netatmo.com/oauth2/token
=== 2026-09-23 03:05:02 ===
=== 2026-09-23 03:10:01 ===
Traceback (most recent call last):
  File "/home/pi/netatmo/netatmo_climate.py", line 141, in <module>
    main()
    ~~~~^^
  File "/home/pi/netatmo/netatmo_climate.py", line 134, in main
    access_token = get_access_token()
  File "/home/pi/netatmo/netatmo_climate.py", line 57, in get_access_token
    return refresh_access_token()
  File "/home/pi/netatmo/netatmo_climate.py", line 46, in refresh_access_token
    r.raise_for_status()
    ~~~~~~~~~~~~~~~~~~^^
  File "/home/pi/netatmo/venv/lib/python3.13/site-packages/requests/models.py", line 1026, in raise_for_status
    raise HTTPError(http_error_msg, response=self)
requests.exceptions.HTTPError: 503 Server Error: Service Unavailable for url: https://api.netatmo.com/oauth2/token
=== 2026-09-23 03:15:01 ===
=== 2026-09-23 03:20:01 ===
Traceback (most recent call last):
  File "/home/pi/netatmo/netatmo_climate.py", line 141, in <module>
    main()
    ~~~~^^
  File "/home/pi/netatmo/netatmo_climate.py", line 135, in main
    home, status = get_climate_data(access_token, HOME_ID)
                   ~~~~~~~~~~~~~~~~^^^^^^^^^^^^^^^^^^^^^^^
  File "/home/pi/netatmo/netatmo_climate.py", line 69, in get_climate_data
    r1.raise_for_status()
    ~~~~~~~~~~~~~~~~~~~^^
  File "/home/pi/netatmo/venv/lib/python3.13/site-packages/requests/models.py", line 1026, in raise_for_status
    raise HTTPError(http_error_msg, response=self)
requests.exceptions.HTTPError: 503 Server Error: Service Temporarily Unavailable for url: https://api.netatmo.com/api/homesdata
=== 2026-09-23 03:25:02 ===
=== 2026-09-23 03:30:01 ===
Traceback (most recent call last):
  File "/home/pi/netatmo/netatmo_climate.py", line 141, in <module>
    main()
    ~~~~^^
  File "/home/pi/netatmo/netatmo_climate.py", line 135, in main
    home, status = get_climate_data(access_token, HOME_ID)
                   ~~~~~~~~~~~~~~~~^^^^^^^^^^^^^^^^^^^^^^^
  File "/home/pi/netatmo/netatmo_climate.py", line 69, in get_climate_data
    r1.raise_for_status()
    ~~~~~~~~~~~~~~~~~~~^^
  File "/home/pi/netatmo/venv/lib/python3.13/site-packages/requests/models.py", line 1026, in raise_for_status
    raise HTTPError(http_error_msg, response=self)
requests.exceptions.HTTPError: 503 Server Error: Service Temporarily Unavailable for url: https://api.netatmo.com/api/homesdata
=== 2026-09-23 03:35:01 ===
=== 2026-09-23 03:40:02 ===
Traceback (most recent call last):
  File "/home/pi/netatmo/netatmo_climate.py", line 141, in <module>
    main()
    ~~~~^^
  File "/home/pi/netatmo/netatmo_climate.py", line 135, in main
    home, status = get_climate_data(access_token, HOME_ID)
                   ~~~~~~~~~~~~~~~~^^^^^^^^^^^^^^^^^^^^^^^
  File "/home/pi/netatmo/netatmo_climate.py", line 69, in get_climate_data
    r1.raise_for_status()
    ~~~~~~~~~~~~~~~~~~~^^
  File "/home/pi/netatmo/venv/lib/python3.13/site-packages/requests/models.py", line 1026, in raise_for_status
    raise HTTPError(http_error_msg, response=self)
requests.exceptions.HTTPError: 503 Server Error: Service Temporarily Unavailable for url: https://api.netatmo.com/api/homesdata
=== 2026-09-23 03:45:01 ===
Traceback (most recent call last):
  File "/home/pi/netatmo/netatmo_climate.py", line 141, in <module>
    main()
    ~~~~^^
  File "/home/pi/netatmo/netatmo_climate.py", line 135, in main
    home, status = get_climate_data(access_token, HOME_ID)
                   ~~~~~~~~~~~~~~~~^^^^^^^^^^^^^^^^^^^^^^^
  File "/home/pi/netatmo/netatmo_climate.py", line 69, in get_climate_data
    r1.raise_for_status()
    ~~~~~~~~~~~~~~~~~~~^^
  File "/home/pi/netatmo/venv/lib/python3.13/site-packages/requests/models.py", line 1026, in raise_for_status
    raise HTTPError(http_error_msg, response=self)
requests.exceptions.HTTPError: 503 Server Error: Service Temporarily Unavailable for url: https://api.netatmo.com/api/homesdata
=== 2026-09-23 03:50:01 ===
=== 2026-09-23 03:55:01 ===
=== 2026-09-23 04:00:01 ===
=== 2026-09-23 04:05:01 ===
=== 2026-09-23 04:10:01 ===
Traceback (most recent call last):
  File "/home/pi/netatmo/netatmo_climate.py", line 141, in <module>
    main()
    ~~~~^^
  File "/home/pi/netatmo/netatmo_climate.py", line 134, in main
    access_token = get_access_token()
  File "/home/pi/netatmo/netatmo_climate.py", line 57, in get_access_token
    return refresh_access_token()
  File "/home/pi/netatmo/netatmo_climate.py", line 46, in refresh_access_token
    r.raise_for_status()
    ~~~~~~~~~~~~~~~~~~^^
  File "/home/pi/netatmo/venv/lib/python3.13/site-packages/requests/models.py", line 1026, in raise_for_status
    raise HTTPError(http_error_msg, response=self)
requests.exceptions.HTTPError: 503 Server Error: Service Unavailable for url: https://api.netatmo.com/oauth2/token
=== 2026-09-23 04:15:01 ===
Traceback (most recent call last):
  File "/home/pi/netatmo/netatmo_climate.py", line 141, in <module>
    main()
    ~~~~^^
  File "/home/pi/netatmo/netatmo_climate.py", line 135, in main
    home, status = get_climate_data(access_token, HOME_ID)
                   ~~~~~~~~~~~~~~~~^^^^^^^^^^^^^^^^^^^^^^^
  File "/home/pi/netatmo/netatmo_climate.py", line 69, in get_climate_data
    r1.raise_for_status()
    ~~~~~~~~~~~~~~~~~~~^^
  File "/home/pi/netatmo/venv/lib/python3.13/site-packages/requests/models.py", line 1026, in raise_for_status
    raise HTTPError(http_error_msg, response=self)
requests.exceptions.HTTPError: 503 Server Error: Service Temporarily Unavailable for url: https://api.netatmo.com/api/homesdata
=== 2026-09-23 04:20:01 ===
Traceback (most recent call last):
  File "/home/pi/netatmo/netatmo_climate.py", line 141, in <module>
    main()
    ~~~~^^
  File "/home/pi/netatmo/netatmo_climate.py", line 135, in main
    home, status = get_climate_data(access_token, HOME_ID)
                   ~~~~~~~~~~~~~~~~^^^^^^^^^^^^^^^^^^^^^^^
  File "/home/pi/netatmo/netatmo_climate.py", line 69, in get_climate_data
    r1.raise_for_status()
    ~~~~~~~~~~~~~~~~~~~^^
  File "/home/pi/netatmo/venv/lib/python3.13/site-packages/requests/models.py", line 1026, in raise_for_status
    raise HTTPError(http_error_msg, response=self)
requests.exceptions.HTTPError: 503 Server Error: Service Temporarily Unavailable for url: https://api.netatmo.com/api/homesdata
=== 2026-09-23 04:25:01 ===
=== 2026-09-23 04:30:01 ===
Traceback (most recent call last):
  File "/home/pi/netatmo/netatmo_climate.py", line 141, in <module>
    main()
    ~~~~^^
  File "/home/pi/netatmo/netatmo_climate.py", line 135, in main
    home, status = get_climate_data(access_token, HOME_ID)
                   ~~~~~~~~~~~~~~~~^^^^^^^^^^^^^^^^^^^^^^^
  File "/home/pi/netatmo/netatmo_climate.py", line 69, in get_climate_data
    r1.raise_for_status()
    ~~~~~~~~~~~~~~~~~~~^^
  File "/home/pi/netatmo/venv/lib/python3.13/site-packages/requests/models.py", line 1026, in raise_for_status
    raise HTTPError(http_error_msg, response=self)
requests.exceptions.HTTPError: 503 Server Error: Service Temporarily Unavailable for url: https://api.netatmo.com/api/homesdata
=== 2026-09-23 04:35:02 ===
=== 2026-09-23 04:40:01 ===
=== 2026-09-23 04:45:01 ===
=== 2026-09-23 04:50:02 ===
=== 2026-09-23 04:55:01 ===
=== 2026-09-23 05:00:01 ===
Traceback (most recent call last):
  File "/home/pi/netatmo/netatmo_climate.py", line 141, in <module>
    main()
    ~~~~^^
  File "/home/pi/netatmo/netatmo_climate.py", line 134, in main
    access_token = get_access_token()
  File "/home/pi/netatmo/netatmo_climate.py", line 57, in get_access_token
    return refresh_access_token()
  File "/home/pi/netatmo/netatmo_climate.py", line 46, in refresh_access_token
    r.raise_for_status()
    ~~~~~~~~~~~~~~~~~~^^
  File "/home/pi/netatmo/venv/lib/python3.13/site-packages/requests/models.py", line 1026, in raise_for_status
    raise HTTPError(http_error_msg, response=self)
requests.exceptions.HTTPError: 503 Server Error: Service Unavailable for url: https://api.netatmo.com/oauth2/token
=== 2026-09-23 05:05:01 ===
=== 2026-09-23 05:10:01 ===
Traceback (most recent call last):
  File "/home/pi/netatmo/netatmo_climate.py", line 141, in <module>
    main()
    ~~~~^^
  File "/home/pi/netatmo/netatmo_climate.py", line 134, in main
    access_token = get_access_token()
  File "/home/pi/netatmo/netatmo_climate.py", line 57, in get_access_token
    return refresh_access_token()
  File "/home/pi/netatmo/netatmo_climate.py", line 46, in refresh_access_token
    r.raise_for_status()
    ~~~~~~~~~~~~~~~~~~^^
  File "/home/pi/netatmo/venv/lib/python3.13/site-packages/requests/models.py", line 1026, in raise_for_status
    raise HTTPError(http_error_msg, response=self)
requests.exceptions.HTTPError: 503 Server Error: Service Unavailable for url: https://api.netatmo.com/oauth2/token
=== 2026-09-23 05:15:01 ===
=== 2026-09-23 05:20:02 ===
Traceback (most recent call last):
  File "/home/pi/netatmo/netatmo_climate.py", line 141, in <module>
    main()
    ~~~~^^
  File "/home/pi/netatmo/netatmo_climate.py", line 135, in main
    home, status = get_climate_data(access_token, HOME_ID)
                   ~~~~~~~~~~~~~~~~^^^^^^^^^^^^^^^^^^^^^^^
  File "/home/pi/netatmo/netatmo_climate.py", line 69, in get_climate_data
    r1.raise_for_status()
    ~~~~~~~~~~~~~~~~~~~^^
  File "/home/pi/netatmo/venv/lib/python3.13/site-packages/requests/models.py", line 1026, in raise_for_status
    raise HTTPError(http_error_msg, response=self)
requests.exceptions.HTTPError: 503 Server Error: Service Temporarily Unavailable for url: https://api.netatmo.com/api/homesdata
=== 2026-09-23 05:25:01 ===
=== 2026-09-23 05:30:01 ===
Traceback (most recent call last):
  File "/home/pi/netatmo/netatmo_climate.py", line 141, in <module>
    main()
    ~~~~^^
  File "/home/pi/netatmo/netatmo_climate.py", line 134, in main
    access_token = get_access_token()
  File "/home/pi/netatmo/netatmo_climate.py", line 57, in get_access_token
    return refresh_access_token()
  File "/home/pi/netatmo/netatmo_climate.py", line 46, in refresh_access_token
    r.raise_for_status()
    ~~~~~~~~~~~~~~~~~~^^
  File "/home/pi/netatmo/venv/lib/python3.13/site-packages/requests/models.py", line 1026, in raise_for_status
    raise HTTPError(http_error_msg, response=self)
requests.exceptions.HTTPError: 503 Server Error: Service Unavailable for url: https://api.netatmo.com/oauth2/token
=== 2026-09-23 05:35:01 ===
=== 2026-09-23 05:40:01 ===
Traceback (most recent call last):
  File "/home/pi/netatmo/netatmo_climate.py", line 141, in <module>
    main()
    ~~~~^^
  File "/home/pi/netatmo/netatmo_climate.py", line 135, in main
    home, status = get_climate_data(access_token, HOME_ID)
                   ~~~~~~~~~~~~~~~~^^^^^^^^^^^^^^^^^^^^^^^
  File "/home/pi/netatmo/netatmo_climate.py", line 69, in get_climate_data
    r1.raise_for_status()
    ~~~~~~~~~~~~~~~~~~~^^
  File "/home/pi/netatmo/venv/lib/python3.13/site-packages/requests/models.py", line 1026, in raise_for_status
    raise HTTPError(http_error_msg, response=self)
requests.exceptions.HTTPError: 503 Server Error: Service Temporarily Unavailable for url: https://api.netatmo.com/api/homesdata
=== 2026-09-23 05:45:01 ===
Traceback (most recent call last):
  File "/home/pi/netatmo/netatmo_climate.py", line 141, in <module>
    main()
    ~~~~^^
  File "/home/pi/netatmo/netatmo_climate.py", line 135, in main
    home, status = get_climate_data(access_token, HOME_ID)
                   ~~~~~~~~~~~~~~~~^^^^^^^^^^^^^^^^^^^^^^^
  File "/home/pi/netatmo/netatmo_climate.py", line 69, in get_climate_data
    r1.raise_for_status()
    ~~~~~~~~~~~~~~~~~~~^^
  File "/home/pi/netatmo/venv/lib/python3.13/site-packages/requests/models.py", line 1026, in raise_for_status
    raise HTTPError(http_error_msg, response=self)
requests.exceptions.HTTPError: 503 Server Error: Service Temporarily Unavailable for url: https://api.netatmo.com/api/homesdata
=== 2026-09-23 05:50:01 ===
=== 2026-09-23 05:55:02 ===
=== 2026-09-23 06:00:01 ===
Traceback (most recent call last):
  File "/home/pi/netatmo/netatmo_climate.py", line 141, in <module>
    main()
    ~~~~^^
  File "/home/pi/netatmo/netatmo_climate.py", line 134, in main
    access_token = get_access_token()
  File "/home/pi/netatmo/netatmo_climate.py", line 57, in get_access_token
    return refresh_access_token()
  File "/home/pi/netatmo/netatmo_climate.py", line 46, in refresh_access_token
    r.raise_for_status()
    ~~~~~~~~~~~~~~~~~~^^
  File "/home/pi/netatmo/venv/lib/python3.13/site-packages/requests/models.py", line 1026, in raise_for_status
    raise HTTPError(http_error_msg, response=self)
requests.exceptions.HTTPError: 503 Server Error: Service Unavailable for url: https://api.netatmo.com/oauth2/token
=== 2026-09-23 06:05:01 ===
=== 2026-09-23 06:10:01 ===
=== 2026-09-23 06:15:01 ===
=== 2026-09-23 06:20:01 ===
Traceback (most recent call last):
  File "/home/pi/netatmo/netatmo_climate.py", line 141, in <module>
    main()
    ~~~~^^
  File "/home/pi/netatmo/netatmo_climate.py", line 135, in main
    home, status = get_climate_data(access_token, HOME_ID)
                   ~~~~~~~~~~~~~~~~^^^^^^^^^^^^^^^^^^^^^^^
  File "/home/pi/netatmo/netatmo_climate.py", line 69, in get_climate_data
    r1.raise_for_status()
    ~~~~~~~~~~~~~~~~~~~^^
  File "/home/pi/netatmo/venv/lib/python3.13/site-packages/requests/models.py", line 1026, in raise_for_status
    raise HTTPError(http_error_msg, response=self)
requests.exceptions.HTTPError: 503 Server Error: Service Temporarily Unavailable for url: https://api.netatmo.com/api/homesdata
=== 2026-09-23 06:25:01 ===
=== 2026-09-23 06:30:01 ===
=== 2026-09-23 06:35:01 ===
=== 2026-09-23 06:40:01 ===
Traceback (most recent call last):
  File "/home/pi/netatmo/netatmo_climate.py", line 141, in <module>
    main()
    ~~~~^^
  File "/home/pi/netatmo/netatmo_climate.py", line 134, in main
    access_token = get_access_token()
  File "/home/pi/netatmo/netatmo_climate.py", line 57, in get_access_token
    return refresh_access_token()
  File "/home/pi/netatmo/netatmo_climate.py", line 46, in refresh_access_token
    r.raise_for_status()
    ~~~~~~~~~~~~~~~~~~^^
  File "/home/pi/netatmo/venv/lib/python3.13/site-packages/requests/models.py", line 1026, in raise_for_status
    raise HTTPError(http_error_msg, response=self)
requests.exceptions.HTTPError: 503 Server Error: Service Unavailable for url: https://api.netatmo.com/oauth2/token
=== 2026-09-23 06:45:01 ===
=== 2026-09-23 06:50:01 ===
Traceback (most recent call last):
  File "/home/pi/netatmo/netatmo_climate.py", line 141, in <module>
    main()
    ~~~~^^
  File "/home/pi/netatmo/netatmo_climate.py", line 135, in main
    home, status = get_climate_data(access_token, HOME_ID)
                   ~~~~~~~~~~~~~~~~^^^^^^^^^^^^^^^^^^^^^^^
  File "/home/pi/netatmo/netatmo_climate.py", line 69, in get_climate_data
    r1.raise_for_status()
    ~~~~~~~~~~~~~~~~~~~^^
  File "/home/pi/netatmo/venv/lib/python3.13/site-packages/requests/models.py", line 1026, in raise_for_status
    raise HTTPError(http_error_msg, response=self)
requests.exceptions.HTTPError: 503 Server Error: Service Temporarily Unavailable for url: https://api.netatmo.com/api/homesdata
=== 2026-09-23 06:55:01 ===
=== 2026-09-23 07:00:02 ===
Traceback (most recent call last):
  File "/home/pi/netatmo/netatmo_climate.py", line 141, in <module>
    main()
    ~~~~^^
  File "/home/pi/netatmo/netatmo_climate.py", line 134, in main
    access_token = get_access_token()
  File "/home/pi/netatmo/netatmo_climate.py", line 57, in get_access_token
    return refresh_access_token()
  File "/home/pi/netatmo/netatmo_climate.py", line 46, in refresh_access_token
    r.raise_for_status()
    ~~~~~~~~~~~~~~~~~~^^
  File "/home/pi/netatmo/venv/lib/python3.13/site-packages/requests/models.py", line 1026, in raise_for_status
    raise HTTPError(http_error_msg, response=self)
requests.exceptions.HTTPError: 503 Server Error: Service Unavailable for url: https://api.netatmo.com/oauth2/token
=== 2026-09-23 07:05:01 ===
=== 2026-09-23 07:10:01 ===
=== 2026-09-23 07:15:01 ===
=== 2026-09-23 07:20:01 ===
=== 2026-09-23 07:25:01 ===
=== 2026-09-23 07:30:02 ===
Traceback (most recent call last):
  File "/home/pi/netatmo/netatmo_climate.py", line 141, in <module>
    main()
    ~~~~^^
  File "/home/pi/netatmo/netatmo_climate.py", line 134, in main
    access_token = get_access_token()
  File "/home/pi/netatmo/netatmo_climate.py", line 57, in get_access_token
    return refresh_access_token()
  File "/home/pi/netatmo/netatmo_climate.py", line 46, in refresh_access_token
    r.raise_for_status()
    ~~~~~~~~~~~~~~~~~~^^
  File "/home/pi/netatmo/venv/lib/python3.13/site-packages/requests/models.py", line 1026, in raise_for_status
    raise HTTPError(http_error_msg, response=self)
requests.exceptions.HTTPError: 503 Server Error: Service Unavailable for url: https://api.netatmo.com/oauth2/token
=== 2026-09-23 07:35:01 ===
=== 2026-09-23 07:40:01 ===
=== 2026-09-23 07:45:01 ===
Traceback (most recent call last):
  File "/home/pi/netatmo/netatmo_climate.py", line 141, in <module>
    main()
    ~~~~^^
  File "/home/pi/netatmo/netatmo_climate.py", line 135, in main
    home, status = get_climate_data(access_token, HOME_ID)
                   ~~~~~~~~~~~~~~~~^^^^^^^^^^^^^^^^^^^^^^^
  File "/home/pi/netatmo/netatmo_climate.py", line 69, in get_climate_data
    r1.raise_for_status()
    ~~~~~~~~~~~~~~~~~~~^^
  File "/home/pi/netatmo/venv/lib/python3.13/site-packages/requests/models.py", line 1026, in raise_for_status
    raise HTTPError(http_error_msg, response=self)
requests.exceptions.HTTPError: 503 Server Error: Service Temporarily Unavailable for url: https://api.netatmo.com/api/homesdata
=== 2026-09-23 07:50:01 ===
=== 2026-09-23 07:55:02 ===
=== 2026-09-23 08:00:02 ===
Traceback (most recent call last):
  File "/home/pi/netatmo/netatmo_climate.py", line 141, in <module>
    main()
    ~~~~^^
  File "/home/pi/netatmo/netatmo_climate.py", line 134, in main
    access_token = get_access_token()
  File "/home/pi/netatmo/netatmo_climate.py", line 57, in get_access_token
    return refresh_access_token()
  File "/home/pi/netatmo/netatmo_climate.py", line 46, in refresh_access_token
    r.raise_for_status()
    ~~~~~~~~~~~~~~~~~~^^
  File "/home/pi/netatmo/venv/lib/python3.13/site-packages/requests/models.py", line 1026, in raise_for_status
    raise HTTPError(http_error_msg, response=self)
requests.exceptions.HTTPError: 503 Server Error: Service Unavailable for url: https://api.netatmo.com/oauth2/token
=== 2026-09-23 08:05:01 ===
=== 2026-09-23 08:10:01 ===
Traceback (most recent call last):
  File "/home/pi/netatmo/netatmo_climate.py", line 141, in <module>
    main()
    ~~~~^^
  File "/home/pi/netatmo/netatmo_climate.py", line 134, in main
    access_token = get_access_token()
  File "/home/pi/netatmo/netatmo_climate.py", line 57, in get_access_token
    return refresh_access_token()
  File "/home/pi/netatmo/netatmo_climate.py", line 46, in refresh_access_token
    r.raise_for_status()
    ~~~~~~~~~~~~~~~~~~^^
  File "/home/pi/netatmo/venv/lib/python3.13/site-packages/requests/models.py", line 1026, in raise_for_status
    raise HTTPError(http_error_msg, response=self)
requests.exceptions.HTTPError: 503 Server Error: Service Unavailable for url: https://api.netatmo.com/oauth2/token
=== 2026-09-23 08:15:01 ===
=== 2026-09-23 08:20:01 ===
=== 2026-09-23 08:25:01 ===
=== 2026-09-23 08:30:01 ===
Traceback (most recent call last):
  File "/home/pi/netatmo/netatmo_climate.py", line 141, in <module>
    main()
    ~~~~^^
  File "/home/pi/netatmo/netatmo_climate.py", line 135, in main
    home, status = get_climate_data(access_token, HOME_ID)
                   ~~~~~~~~~~~~~~~~^^^^^^^^^^^^^^^^^^^^^^^
  File "/home/pi/netatmo/netatmo_climate.py", line 69, in get_climate_data
    r1.raise_for_status()
    ~~~~~~~~~~~~~~~~~~~^^
  File "/home/pi/netatmo/venv/lib/python3.13/site-packages/requests/models.py", line 1026, in raise_for_status
    raise HTTPError(http_error_msg, response=self)
requests.exceptions.HTTPError: 503 Server Error: Service Temporarily Unavailable for url: https://api.netatmo.com/api/homesdata
=== 2026-09-23 08:35:01 ===
=== 2026-09-23 08:40:01 ===
Traceback (most recent call last):
  File "/home/pi/netatmo/netatmo_climate.py", line 141, in <module>
    main()
    ~~~~^^
  File "/home/pi/netatmo/netatmo_climate.py", line 134, in main
    access_token = get_access_token()
  File "/home/pi/netatmo/netatmo_climate.py", line 57, in get_access_token
    return refresh_access_token()
  File "/home/pi/netatmo/netatmo_climate.py", line 46, in refresh_access_token
    r.raise_for_status()
    ~~~~~~~~~~~~~~~~~~^^
  File "/home/pi/netatmo/venv/lib/python3.13/site-packages/requests/models.py", line 1026, in raise_for_status
    raise HTTPError(http_error_msg, response=self)
requests.exceptions.HTTPError: 503 Server Error: Service Unavailable for url: https://api.netatmo.com/oauth2/token
=== 2026-09-23 08:45:01 ===
=== 2026-09-23 08:50:01 ===
=== 2026-09-23 08:55:01 ===
=== 2026-09-23 09:00:01 ===
=== 2026-09-23 09:05:01 ===
=== 2026-09-23 09:10:01 ===
=== 2026-09-23 09:15:02 ===
=== 2026-09-23 09:20:01 ===
Traceback (most recent call last):
  File "/home/pi/netatmo/netatmo_climate.py", line 141, in <module>
    main()
    ~~~~^^
  File "/home/pi/netatmo/netatmo_climate.py", line 134, in main
    access_token = get_access_token()
  File "/home/pi/netatmo/netatmo_climate.py", line 57, in get_access_token
    return refresh_access_token()
  File "/home/pi/netatmo/netatmo_climate.py", line 46, in refresh_access_token
    r.raise_for_status()
    ~~~~~~~~~~~~~~~~~~^^
  File "/home/pi/netatmo/venv/lib/python3.13/site-packages/requests/models.py", line 1026, in raise_for_status
    raise HTTPError(http_error_msg, response=self)
requests.exceptions.HTTPError: 503 Server Error: Service Unavailable for url: https://api.netatmo.com/oauth2/token
=== 2026-09-23 09:25:01 ===
=== 2026-09-23 09:30:01 ===
=== 2026-09-23 09:35:01 ===
=== 2026-09-23 09:40:02 ===
=== 2026-09-23 09:45:01 ===
=== 2026-09-23 09:50:01 ===
=== 2026-09-23 09:55:01 ===
=== 2026-09-23 10:00:01 ===
Traceback (most recent call last):
  File "/home/pi/netatmo/netatmo_climate.py", line 141, in <module>
    main()
    ~~~~^^
  File "/home/pi/netatmo/netatmo_climate.py", line 134, in main
    access_token = get_access_token()
  File "/home/pi/netatmo/netatmo_climate.py", line 57, in get_access_token
    return refresh_access_token()
  File "/home/pi/netatmo/netatmo_climate.py", line 46, in refresh_access_token
    r.raise_for_status()
    ~~~~~~~~~~~~~~~~~~^^
  File "/home/pi/netatmo/venv/lib/python3.13/site-packages/requests/models.py", line 1026, in raise_for_status
    raise HTTPError(http_error_msg, response=self)
requests.exceptions.HTTPError: 503 Server Error: Service Unavailable for url: https://api.netatmo.com/oauth2/token
=== 2026-09-23 10:05:01 ===
=== 2026-09-23 10:10:01 ===
=== 2026-09-23 10:15:01 ===
=== 2026-09-23 10:20:01 ===
Traceback (most recent call last):
  File "/home/pi/netatmo/netatmo_climate.py", line 141, in <module>
    main()
    ~~~~^^
  File "/home/pi/netatmo/netatmo_climate.py", line 135, in main
    home, status = get_climate_data(access_token, HOME_ID)
                   ~~~~~~~~~~~~~~~~^^^^^^^^^^^^^^^^^^^^^^^
  File "/home/pi/netatmo/netatmo_climate.py", line 69, in get_climate_data
    r1.raise_for_status()
    ~~~~~~~~~~~~~~~~~~~^^
  File "/home/pi/netatmo/venv/lib/python3.13/site-packages/requests/models.py", line 1026, in raise_for_status
    raise HTTPError(http_error_msg, response=self)
requests.exceptions.HTTPError: 503 Server Error: Service Temporarily Unavailable for url: https://api.netatmo.com/api/homesdata
=== 2026-09-23 10:25:01 ===
=== 2026-09-23 10:30:01 ===
Traceback (most recent call last):
  File "/home/pi/netatmo/netatmo_climate.py", line 141, in <module>
    main()
    ~~~~^^
  File "/home/pi/netatmo/netatmo_climate.py", line 134, in main
    access_token = get_access_token()
  File "/home/pi/netatmo/netatmo_climate.py", line 57, in get_access_token
    return refresh_access_token()
  File "/home/pi/netatmo/netatmo_climate.py", line 46, in refresh_access_token
    r.raise_for_status()
    ~~~~~~~~~~~~~~~~~~^^
  File "/home/pi/netatmo/venv/lib/python3.13/site-packages/requests/models.py", line 1026, in raise_for_status
    raise HTTPError(http_error_msg, response=self)
requests.exceptions.HTTPError: 503 Server Error: Service Unavailable for url: https://api.netatmo.com/oauth2/token
=== 2026-09-23 10:35:01 ===
=== 2026-09-23 10:40:01 ===
=== 2026-09-23 10:45:01 ===
Traceback (most recent call last):
  File "/home/pi/netatmo/netatmo_climate.py", line 141, in <module>
    main()
    ~~~~^^
  File "/home/pi/netatmo/netatmo_climate.py", line 135, in main
    home, status = get_climate_data(access_token, HOME_ID)
                   ~~~~~~~~~~~~~~~~^^^^^^^^^^^^^^^^^^^^^^^
  File "/home/pi/netatmo/netatmo_climate.py", line 69, in get_climate_data
    r1.raise_for_status()
    ~~~~~~~~~~~~~~~~~~~^^
  File "/home/pi/netatmo/venv/lib/python3.13/site-packages/requests/models.py", line 1026, in raise_for_status
    raise HTTPError(http_error_msg, response=self)
requests.exceptions.HTTPError: 503 Server Error: Service Temporarily Unavailable for url: https://api.netatmo.com/api/homesdata
=== 2026-09-23 10:50:01 ===
Traceback (most recent call last):
  File "/home/pi/netatmo/netatmo_climate.py", line 141, in <module>
    main()
    ~~~~^^
  File "/home/pi/netatmo/netatmo_climate.py", line 135, in main
    home, status = get_climate_data(access_token, HOME_ID)
                   ~~~~~~~~~~~~~~~~^^^^^^^^^^^^^^^^^^^^^^^
  File "/home/pi/netatmo/netatmo_climate.py", line 69, in get_climate_data
    r1.raise_for_status()
    ~~~~~~~~~~~~~~~~~~~^^
  File "/home/pi/netatmo/venv/lib/python3.13/site-packages/requests/models.py", line 1026, in raise_for_status
    raise HTTPError(http_error_msg, response=self)
requests.exceptions.HTTPError: 503 Server Error: Service Temporarily Unavailable for url: https://api.netatmo.com/api/homesdata
=== 2026-09-23 10:55:01 ===
=== 2026-09-23 11:00:02 ===
Traceback (most recent call last):
  File "/home/pi/netatmo/netatmo_climate.py", line 141, in <module>
    main()
    ~~~~^^
  File "/home/pi/netatmo/netatmo_climate.py", line 134, in main
    access_token = get_access_token()
  File "/home/pi/netatmo/netatmo_climate.py", line 57, in get_access_token
    return refresh_access_token()
  File "/home/pi/netatmo/netatmo_climate.py", line 46, in refresh_access_token
    r.raise_for_status()
    ~~~~~~~~~~~~~~~~~~^^
  File "/home/pi/netatmo/venv/lib/python3.13/site-packages/requests/models.py", line 1026, in raise_for_status
    raise HTTPError(http_error_msg, response=self)
requests.exceptions.HTTPError: 503 Server Error: Service Unavailable for url: https://api.netatmo.com/oauth2/token
=== 2026-09-23 11:05:01 ===
=== 2026-09-23 11:10:02 ===
=== 2026-09-23 11:15:01 ===
Traceback (most recent call last):
  File "/home/pi/netatmo/netatmo_climate.py", line 141, in <module>
    main()
    ~~~~^^
  File "/home/pi/netatmo/netatmo_climate.py", line 135, in main
    home, status = get_climate_data(access_token, HOME_ID)
                   ~~~~~~~~~~~~~~~~^^^^^^^^^^^^^^^^^^^^^^^
  File "/home/pi/netatmo/netatmo_climate.py", line 69, in get_climate_data
    r1.raise_for_status()
    ~~~~~~~~~~~~~~~~~~~^^
  File "/home/pi/netatmo/venv/lib/python3.13/site-packages/requests/models.py", line 1026, in raise_for_status
    raise HTTPError(http_error_msg, response=self)
requests.exceptions.HTTPError: 503 Server Error: Service Temporarily Unavailable for url: https://api.netatmo.com/api/homesdata
=== 2026-09-23 11:20:01 ===
Traceback (most recent call last):
  File "/home/pi/netatmo/netatmo_climate.py", line 141, in <module>
    main()
    ~~~~^^
  File "/home/pi/netatmo/netatmo_climate.py", line 135, in main
    home, status = get_climate_data(access_token, HOME_ID)
                   ~~~~~~~~~~~~~~~~^^^^^^^^^^^^^^^^^^^^^^^
  File "/home/pi/netatmo/netatmo_climate.py", line 69, in get_climate_data
    r1.raise_for_status()
    ~~~~~~~~~~~~~~~~~~~^^
  File "/home/pi/netatmo/venv/lib/python3.13/site-packages/requests/models.py", line 1026, in raise_for_status
    raise HTTPError(http_error_msg, response=self)
requests.exceptions.HTTPError: 503 Server Error: Service Temporarily Unavailable for url: https://api.netatmo.com/api/homesdata
=== 2026-09-23 11:25:01 ===
=== 2026-09-23 11:30:01 ===
Traceback (most recent call last):
  File "/home/pi/netatmo/netatmo_climate.py", line 141, in <module>
    main()
    ~~~~^^
  File "/home/pi/netatmo/netatmo_climate.py", line 134, in main
    access_token = get_access_token()
  File "/home/pi/netatmo/netatmo_climate.py", line 57, in get_access_token
    return refresh_access_token()
  File "/home/pi/netatmo/netatmo_climate.py", line 46, in refresh_access_token
    r.raise_for_status()
    ~~~~~~~~~~~~~~~~~~^^
  File "/home/pi/netatmo/venv/lib/python3.13/site-packages/requests/models.py", line 1026, in raise_for_status
    raise HTTPError(http_error_msg, response=self)
requests.exceptions.HTTPError: 503 Server Error: Service Unavailable for url: https://api.netatmo.com/oauth2/token
=== 2026-09-23 11:35:01 ===
Traceback (most recent call last):
  File "/home/pi/netatmo/netatmo_climate.py", line 141, in <module>
    main()
    ~~~~^^
  File "/home/pi/netatmo/netatmo_climate.py", line 135, in main
    home, status = get_climate_data(access_token, HOME_ID)
                   ~~~~~~~~~~~~~~~~^^^^^^^^^^^^^^^^^^^^^^^
  File "/home/pi/netatmo/netatmo_climate.py", line 69, in get_climate_data
    r1.raise_for_status()
    ~~~~~~~~~~~~~~~~~~~^^
  File "/home/pi/netatmo/venv/lib/python3.13/site-packages/requests/models.py", line 1026, in raise_for_status
    raise HTTPError(http_error_msg, response=self)
requests.exceptions.HTTPError: 503 Server Error: Service Temporarily Unavailable for url: https://api.netatmo.com/api/homesdata
=== 2026-09-23 11:40:02 ===
=== 2026-09-23 11:45:01 ===
Traceback (most recent call last):
  File "/home/pi/netatmo/netatmo_climate.py", line 141, in <module>
    main()
    ~~~~^^
  File "/home/pi/netatmo/netatmo_climate.py", line 135, in main
    home, status = get_climate_data(access_token, HOME_ID)
                   ~~~~~~~~~~~~~~~~^^^^^^^^^^^^^^^^^^^^^^^
  File "/home/pi/netatmo/netatmo_climate.py", line 69, in get_climate_data
    r1.raise_for_status()
    ~~~~~~~~~~~~~~~~~~~^^
  File "/home/pi/netatmo/venv/lib/python3.13/site-packages/requests/models.py", line 1026, in raise_for_status
    raise HTTPError(http_error_msg, response=self)
requests.exceptions.HTTPError: 503 Server Error: Service Temporarily Unavailable for url: https://api.netatmo.com/api/homesdata
=== 2026-09-23 11:50:01 ===
=== 2026-09-23 11:55:01 ===
=== 2026-09-23 12:00:01 ===
Traceback (most recent call last):
  File "/home/pi/netatmo/netatmo_climate.py", line 141, in <module>
    main()
    ~~~~^^
  File "/home/pi/netatmo/netatmo_climate.py", line 134, in main
    access_token = get_access_token()
  File "/home/pi/netatmo/netatmo_climate.py", line 57, in get_access_token
    return refresh_access_token()
  File "/home/pi/netatmo/netatmo_climate.py", line 46, in refresh_access_token
    r.raise_for_status()
    ~~~~~~~~~~~~~~~~~~^^
  File "/home/pi/netatmo/venv/lib/python3.13/site-packages/requests/models.py", line 1026, in raise_for_status
    raise HTTPError(http_error_msg, response=self)
requests.exceptions.HTTPError: 503 Server Error: Service Unavailable for url: https://api.netatmo.com/oauth2/token
=== 2026-09-23 12:05:02 ===
=== 2026-09-23 12:10:02 ===
=== 2026-09-23 12:15:01 ===
Traceback (most recent call last):
  File "/home/pi/netatmo/netatmo_climate.py", line 141, in <module>
    main()
    ~~~~^^
  File "/home/pi/netatmo/netatmo_climate.py", line 135, in main
    home, status = get_climate_data(access_token, HOME_ID)
                   ~~~~~~~~~~~~~~~~^^^^^^^^^^^^^^^^^^^^^^^
  File "/home/pi/netatmo/netatmo_climate.py", line 69, in get_climate_data
    r1.raise_for_status()
    ~~~~~~~~~~~~~~~~~~~^^
  File "/home/pi/netatmo/venv/lib/python3.13/site-packages/requests/models.py", line 1026, in raise_for_status
    raise HTTPError(http_error_msg, response=self)
requests.exceptions.HTTPError: 503 Server Error: Service Temporarily Unavailable for url: https://api.netatmo.com/api/homesdata
=== 2026-09-23 12:20:01 ===
Traceback (most recent call last):
  File "/home/pi/netatmo/netatmo_climate.py", line 141, in <module>
    main()
    ~~~~^^
  File "/home/pi/netatmo/netatmo_climate.py", line 135, in main
    home, status = get_climate_data(access_token, HOME_ID)
                   ~~~~~~~~~~~~~~~~^^^^^^^^^^^^^^^^^^^^^^^
  File "/home/pi/netatmo/netatmo_climate.py", line 69, in get_climate_data
    r1.raise_for_status()
    ~~~~~~~~~~~~~~~~~~~^^
  File "/home/pi/netatmo/venv/lib/python3.13/site-packages/requests/models.py", line 1026, in raise_for_status
    raise HTTPError(http_error_msg, response=self)
requests.exceptions.HTTPError: 503 Server Error: Service Temporarily Unavailable for url: https://api.netatmo.com/api/homesdata
=== 2026-09-23 12:25:01 ===
=== 2026-09-23 12:30:01 ===
Traceback (most recent call last):
  File "/home/pi/netatmo/netatmo_climate.py", line 141, in <module>
    main()
    ~~~~^^
  File "/home/pi/netatmo/netatmo_climate.py", line 134, in main
    access_token = get_access_token()
  File "/home/pi/netatmo/netatmo_climate.py", line 57, in get_access_token
    return refresh_access_token()
  File "/home/pi/netatmo/netatmo_climate.py", line 46, in refresh_access_token
    r.raise_for_status()
    ~~~~~~~~~~~~~~~~~~^^
  File "/home/pi/netatmo/venv/lib/python3.13/site-packages/requests/models.py", line 1026, in raise_for_status
    raise HTTPError(http_error_msg, response=self)
requests.exceptions.HTTPError: 503 Server Error: Service Unavailable for url: https://api.netatmo.com/oauth2/token
=== 2026-09-23 12:35:01 ===
Traceback (most recent call last):
  File "/home/pi/netatmo/netatmo_climate.py", line 141, in <module>
    main()
    ~~~~^^
  File "/home/pi/netatmo/netatmo_climate.py", line 135, in main
    home, status = get_climate_data(access_token, HOME_ID)
                   ~~~~~~~~~~~~~~~~^^^^^^^^^^^^^^^^^^^^^^^
  File "/home/pi/netatmo/netatmo_climate.py", line 69, in get_climate_data
    r1.raise_for_status()
    ~~~~~~~~~~~~~~~~~~~^^
  File "/home/pi/netatmo/venv/lib/python3.13/site-packages/requests/models.py", line 1026, in raise_for_status
    raise HTTPError(http_error_msg, response=self)
requests.exceptions.HTTPError: 503 Server Error: Service Temporarily Unavailable for url: https://api.netatmo.com/api/homesdata
=== 2026-09-23 12:40:01 ===
=== 2026-09-23 12:45:01 ===
Traceback (most recent call last):
  File "/home/pi/netatmo/netatmo_climate.py", line 141, in <module>
    main()
    ~~~~^^
  File "/home/pi/netatmo/netatmo_climate.py", line 135, in main
    home, status = get_climate_data(access_token, HOME_ID)
                   ~~~~~~~~~~~~~~~~^^^^^^^^^^^^^^^^^^^^^^^
  File "/home/pi/netatmo/netatmo_climate.py", line 69, in get_climate_data
    r1.raise_for_status()
    ~~~~~~~~~~~~~~~~~~~^^
  File "/home/pi/netatmo/venv/lib/python3.13/site-packages/requests/models.py", line 1026, in raise_for_status
    raise HTTPError(http_error_msg, response=self)
requests.exceptions.HTTPError: 503 Server Error: Service Temporarily Unavailable for url: https://api.netatmo.com/api/homesdata
=== 2026-09-23 12:50:02 ===
=== 2026-09-23 12:55:01 ===
=== 2026-09-23 13:00:02 ===
Traceback (most recent call last):
  File "/home/pi/netatmo/netatmo_climate.py", line 141, in <module>
    main()
    ~~~~^^
  File "/home/pi/netatmo/netatmo_climate.py", line 134, in main
    access_token = get_access_token()
  File "/home/pi/netatmo/netatmo_climate.py", line 57, in get_access_token
    return refresh_access_token()
  File "/home/pi/netatmo/netatmo_climate.py", line 46, in refresh_access_token
    r.raise_for_status()
    ~~~~~~~~~~~~~~~~~~^^
  File "/home/pi/netatmo/venv/lib/python3.13/site-packages/requests/models.py", line 1026, in raise_for_status
    raise HTTPError(http_error_msg, response=self)
requests.exceptions.HTTPError: 503 Server Error: Service Unavailable for url: https://api.netatmo.com/oauth2/token
=== 2026-09-23 13:05:02 ===
=== 2026-09-23 13:10:01 ===
=== 2026-09-23 13:15:01 ===
=== 2026-09-23 13:20:02 ===
=== 2026-09-23 13:25:01 ===
=== 2026-09-23 13:30:02 ===
Traceback (most recent call last):
  File "/home/pi/netatmo/netatmo_climate.py", line 141, in <module>
    main()
    ~~~~^^
  File "/home/pi/netatmo/netatmo_climate.py", line 134, in main
    access_token = get_access_token()
  File "/home/pi/netatmo/netatmo_climate.py", line 57, in get_access_token
    return refresh_access_token()
  File "/home/pi/netatmo/netatmo_climate.py", line 46, in refresh_access_token
    r.raise_for_status()
    ~~~~~~~~~~~~~~~~~~^^
  File "/home/pi/netatmo/venv/lib/python3.13/site-packages/requests/models.py", line 1026, in raise_for_status
    raise HTTPError(http_error_msg, response=self)
requests.exceptions.HTTPError: 503 Server Error: Service Unavailable for url: https://api.netatmo.com/oauth2/token
=== 2026-09-23 13:35:01 ===
=== 2026-09-23 13:40:01 ===
=== 2026-09-23 13:45:01 ===
Traceback (most recent call last):
  File "/home/pi/netatmo/netatmo_climate.py", line 141, in <module>
    main()
    ~~~~^^
  File "/home/pi/netatmo/netatmo_climate.py", line 135, in main
    home, status = get_climate_data(access_token, HOME_ID)
                   ~~~~~~~~~~~~~~~~^^^^^^^^^^^^^^^^^^^^^^^
  File "/home/pi/netatmo/netatmo_climate.py", line 69, in get_climate_data
    r1.raise_for_status()
    ~~~~~~~~~~~~~~~~~~~^^
  File "/home/pi/netatmo/venv/lib/python3.13/site-packages/requests/models.py", line 1026, in raise_for_status
    raise HTTPError(http_error_msg, response=self)
requests.exceptions.HTTPError: 503 Server Error: Service Temporarily Unavailable for url: https://api.netatmo.com/api/homesdata
=== 2026-09-23 13:50:01 ===
Traceback (most recent call last):
  File "/home/pi/netatmo/netatmo_climate.py", line 141, in <module>
    main()
    ~~~~^^
  File "/home/pi/netatmo/netatmo_climate.py", line 135, in main
    home, status = get_climate_data(access_token, HOME_ID)
                   ~~~~~~~~~~~~~~~~^^^^^^^^^^^^^^^^^^^^^^^
  File "/home/pi/netatmo/netatmo_climate.py", line 69, in get_climate_data
    r1.raise_for_status()
    ~~~~~~~~~~~~~~~~~~~^^
  File "/home/pi/netatmo/venv/lib/python3.13/site-packages/requests/models.py", line 1026, in raise_for_status
    raise HTTPError(http_error_msg, response=self)
requests.exceptions.HTTPError: 503 Server Error: Service Temporarily Unavailable for url: https://api.netatmo.com/api/homesdata
=== 2026-09-23 13:55:01 ===
=== 2026-09-23 14:00:02 ===
Traceback (most recent call last):
  File "/home/pi/netatmo/netatmo_climate.py", line 141, in <module>
    main()
    ~~~~^^
  File "/home/pi/netatmo/netatmo_climate.py", line 134, in main
    access_token = get_access_token()
  File "/home/pi/netatmo/netatmo_climate.py", line 57, in get_access_token
    return refresh_access_token()
  File "/home/pi/netatmo/netatmo_climate.py", line 46, in refresh_access_token
    r.raise_for_status()
    ~~~~~~~~~~~~~~~~~~^^
  File "/home/pi/netatmo/venv/lib/python3.13/site-packages/requests/models.py", line 1026, in raise_for_status
    raise HTTPError(http_error_msg, response=self)
requests.exceptions.HTTPError: 503 Server Error: Service Unavailable for url: https://api.netatmo.com/oauth2/token
=== 2026-09-23 14:05:02 ===
=== 2026-09-23 14:10:01 ===
Traceback (most recent call last):
  File "/home/pi/netatmo/netatmo_climate.py", line 141, in <module>
    main()
    ~~~~^^
  File "/home/pi/netatmo/netatmo_climate.py", line 134, in main
    access_token = get_access_token()
  File "/home/pi/netatmo/netatmo_climate.py", line 57, in get_access_token
    return refresh_access_token()
  File "/home/pi/netatmo/netatmo_climate.py", line 46, in refresh_access_token
    r.raise_for_status()
    ~~~~~~~~~~~~~~~~~~^^
  File "/home/pi/netatmo/venv/lib/python3.13/site-packages/requests/models.py", line 1026, in raise_for_status
    raise HTTPError(http_error_msg, response=self)
requests.exceptions.HTTPError: 503 Server Error: Service Unavailable for url: https://api.netatmo.com/oauth2/token
=== 2026-09-23 14:15:01 ===
=== 2026-09-23 14:20:01 ===
Traceback (most recent call last):
  File "/home/pi/netatmo/netatmo_climate.py", line 141, in <module>
    main()
    ~~~~^^
  File "/home/pi/netatmo/netatmo_climate.py", line 135, in main
    home, status = get_climate_data(access_token, HOME_ID)
                   ~~~~~~~~~~~~~~~~^^^^^^^^^^^^^^^^^^^^^^^
  File "/home/pi/netatmo/netatmo_climate.py", line 69, in get_climate_data
    r1.raise_for_status()
    ~~~~~~~~~~~~~~~~~~~^^
  File "/home/pi/netatmo/venv/lib/python3.13/site-packages/requests/models.py", line 1026, in raise_for_status
    raise HTTPError(http_error_msg, response=self)
requests.exceptions.HTTPError: 503 Server Error: Service Temporarily Unavailable for url: https://api.netatmo.com/api/homesdata
=== 2026-09-23 14:25:01 ===
=== 2026-09-23 14:30:01 ===
Traceback (most recent call last):
  File "/home/pi/netatmo/netatmo_climate.py", line 141, in <module>
    main()
    ~~~~^^
  File "/home/pi/netatmo/netatmo_climate.py", line 135, in main
    home, status = get_climate_data(access_token, HOME_ID)
                   ~~~~~~~~~~~~~~~~^^^^^^^^^^^^^^^^^^^^^^^
  File "/home/pi/netatmo/netatmo_climate.py", line 69, in get_climate_data
    r1.raise_for_status()
    ~~~~~~~~~~~~~~~~~~~^^
  File "/home/pi/netatmo/venv/lib/python3.13/site-packages/requests/models.py", line 1026, in raise_for_status
    raise HTTPError(http_error_msg, response=self)
requests.exceptions.HTTPError: 503 Server Error: Service Temporarily Unavailable for url: https://api.netatmo.com/api/homesdata
=== 2026-09-23 14:35:01 ===
=== 2026-09-23 14:40:01 ===
=== 2026-09-23 14:45:01 ===
=== 2026-09-23 14:50:01 ===
=== 2026-09-23 14:55:01 ===
=== 2026-09-23 15:00:01 ===
Traceback (most recent call last):
  File "/home/pi/netatmo/netatmo_climate.py", line 141, in <module>
    main()
    ~~~~^^
  File "/home/pi/netatmo/netatmo_climate.py", line 134, in main
    access_token = get_access_token()
  File "/home/pi/netatmo/netatmo_climate.py", line 57, in get_access_token
    return refresh_access_token()
  File "/home/pi/netatmo/netatmo_climate.py", line 46, in refresh_access_token
    r.raise_for_status()
    ~~~~~~~~~~~~~~~~~~^^
  File "/home/pi/netatmo/venv/lib/python3.13/site-packages/requests/models.py", line 1026, in raise_for_status
    raise HTTPError(http_error_msg, response=self)
requests.exceptions.HTTPError: 503 Server Error: Service Unavailable for url: https://api.netatmo.com/oauth2/token
=== 2026-09-23 15:05:02 ===
=== 2026-09-23 15:10:01 ===
Traceback (most recent call last):
  File "/home/pi/netatmo/netatmo_climate.py", line 141, in <module>
    main()
    ~~~~^^
  File "/home/pi/netatmo/netatmo_climate.py", line 134, in main
    access_token = get_access_token()
  File "/home/pi/netatmo/netatmo_climate.py", line 57, in get_access_token
    return refresh_access_token()
  File "/home/pi/netatmo/netatmo_climate.py", line 46, in refresh_access_token
    r.raise_for_status()
    ~~~~~~~~~~~~~~~~~~^^
  File "/home/pi/netatmo/venv/lib/python3.13/site-packages/requests/models.py", line 1026, in raise_for_status
    raise HTTPError(http_error_msg, response=self)
requests.exceptions.HTTPError: 503 Server Error: Service Unavailable for url: https://api.netatmo.com/oauth2/token
=== 2026-09-23 15:15:01 ===
=== 2026-09-23 15:20:01 ===
=== 2026-09-23 15:25:01 ===
=== 2026-09-23 15:30:01 ===
Traceback (most recent call last):
  File "/home/pi/netatmo/netatmo_climate.py", line 141, in <module>
    main()
    ~~~~^^
  File "/home/pi/netatmo/netatmo_climate.py", line 134, in main
    access_token = get_access_token()
  File "/home/pi/netatmo/netatmo_climate.py", line 57, in get_access_token
    return refresh_access_token()
  File "/home/pi/netatmo/netatmo_climate.py", line 46, in refresh_access_token
    r.raise_for_status()
    ~~~~~~~~~~~~~~~~~~^^
  File "/home/pi/netatmo/venv/lib/python3.13/site-packages/requests/models.py", line 1026, in raise_for_status
    raise HTTPError(http_error_msg, response=self)
requests.exceptions.HTTPError: 503 Server Error: Service Unavailable for url: https://api.netatmo.com/oauth2/token
=== 2026-09-23 15:35:01 ===
=== 2026-09-23 15:40:01 ===
Traceback (most recent call last):
  File "/home/pi/netatmo/netatmo_climate.py", line 141, in <module>
    main()
    ~~~~^^
  File "/home/pi/netatmo/netatmo_climate.py", line 135, in main
    home, status = get_climate_data(access_token, HOME_ID)
                   ~~~~~~~~~~~~~~~~^^^^^^^^^^^^^^^^^^^^^^^
  File "/home/pi/netatmo/netatmo_climate.py", line 69, in get_climate_data
    r1.raise_for_status()
    ~~~~~~~~~~~~~~~~~~~^^
  File "/home/pi/netatmo/venv/lib/python3.13/site-packages/requests/models.py", line 1026, in raise_for_status
    raise HTTPError(http_error_msg, response=self)
requests.exceptions.HTTPError: 503 Server Error: Service Temporarily Unavailable for url: https://api.netatmo.com/api/homesdata
=== 2026-09-23 15:45:02 ===
=== 2026-09-23 15:50:01 ===
Traceback (most recent call last):
  File "/home/pi/netatmo/netatmo_climate.py", line 141, in <module>
    main()
    ~~~~^^
  File "/home/pi/netatmo/netatmo_climate.py", line 135, in main
    home, status = get_climate_data(access_token, HOME_ID)
                   ~~~~~~~~~~~~~~~~^^^^^^^^^^^^^^^^^^^^^^^
  File "/home/pi/netatmo/netatmo_climate.py", line 69, in get_climate_data
    r1.raise_for_status()
    ~~~~~~~~~~~~~~~~~~~^^
  File "/home/pi/netatmo/venv/lib/python3.13/site-packages/requests/models.py", line 1026, in raise_for_status
    raise HTTPError(http_error_msg, response=self)
requests.exceptions.HTTPError: 503 Server Error: Service Temporarily Unavailable for url: https://api.netatmo.com/api/homesdata
=== 2026-09-23 15:55:01 ===
Traceback (most recent call last):
  File "/home/pi/netatmo/venv/lib/python3.13/site-packages/urllib3/connection.py", line 204, in _new_conn
    sock = connection.create_connection(
        (self._dns_host, self.port),
    ...<2 lines>...
        socket_options=self.socket_options,
    )
  File "/home/pi/netatmo/venv/lib/python3.13/site-packages/urllib3/util/connection.py", line 60, in create_connection
    for res in socket.getaddrinfo(host, port, family, socket.SOCK_STREAM):
               ~~~~~~~~~~~~~~~~~~^^^^^^^^^^^^^^^^^^^^^^^^^^^^^^^^^^^^^^^^
  File "/usr/lib/python3.13/socket.py", line 977, in getaddrinfo
    for res in _socket.getaddrinfo(host, port, family, type, proto, flags):
               ~~~~~~~~~~~~~~~~~~~^^^^^^^^^^^^^^^^^^^^^^^^^^^^^^^^^^^^^^^^
socket.gaierror: [Errno -3] Temporary failure in name resolution

The above exception was the direct cause of the following exception:

Traceback (most recent call last):
  File "/home/pi/netatmo/venv/lib/python3.13/site-packages/urllib3/connectionpool.py", line 787, in urlopen
    response = self._make_request(
        conn,
    ...<10 lines>...
        **response_kw,
    )
  File "/home/pi/netatmo/venv/lib/python3.13/site-packages/urllib3/connectionpool.py", line 488, in _make_request
    raise new_e
  File "/home/pi/netatmo/venv/lib/python3.13/site-packages/urllib3/connectionpool.py", line 464, in _make_request
    self._validate_conn(conn)
    ~~~~~~~~~~~~~~~~~~~^^^^^^
  File "/home/pi/netatmo/venv/lib/python3.13/site-packages/urllib3/connectionpool.py", line 1093, in _validate_conn
    conn.connect()
    ~~~~~~~~~~~~^^
  File "/home/pi/netatmo/venv/lib/python3.13/site-packages/urllib3/connection.py", line 759, in connect
    self.sock = sock = self._new_conn()
                       ~~~~~~~~~~~~~~^^
  File "/home/pi/netatmo/venv/lib/python3.13/site-packages/urllib3/connection.py", line 211, in _new_conn
    raise NameResolutionError(self.host, self, e) from e
urllib3.exceptions.NameResolutionError: HTTPSConnection(host='api.netatmo.com', port=443): Failed to resolve 'api.netatmo.com' ([Errno -3] Temporary failure in name resolution)

The above exception was the direct cause of the following exception:

Traceback (most recent call last):
  File "/home/pi/netatmo/venv/lib/python3.13/site-packages/requests/adapters.py", line 644, in send
    resp = conn.urlopen(
        method=request.method,
    ...<9 lines>...
        chunked=chunked,
    )
  File "/home/pi/netatmo/venv/lib/python3.13/site-packages/urllib3/connectionpool.py", line 841, in urlopen
    retries = retries.increment(
        method, url, error=new_e, _pool=self, _stacktrace=sys.exc_info()[2]
    )
  File "/home/pi/netatmo/venv/lib/python3.13/site-packages/urllib3/util/retry.py", line 535, in increment
    raise MaxRetryError(_pool, url, reason) from reason  # type: ignore[arg-type]
    ^^^^^^^^^^^^^^^^^^^^^^^^^^^^^^^^^^^^^^^^^^^^^^^^^^^
urllib3.exceptions.MaxRetryError: HTTPSConnectionPool(host='api.netatmo.com', port=443): Max retries exceeded with url: /oauth2/token (Caused by NameResolutionError("HTTPSConnection(host='api.netatmo.com', port=443): Failed to resolve 'api.netatmo.com' ([Errno -3] Temporary failure in name resolution)"))

During handling of the above exception, another exception occurred:

Traceback (most recent call last):
  File "/home/pi/netatmo/netatmo_climate.py", line 141, in <module>
    main()
    ~~~~^^
  File "/home/pi/netatmo/netatmo_climate.py", line 134, in main
    access_token = get_access_token()
  File "/home/pi/netatmo/netatmo_climate.py", line 57, in get_access_token
    return refresh_access_token()
  File "/home/pi/netatmo/netatmo_climate.py", line 45, in refresh_access_token
    r = requests.post(url, data=data)
  File "/home/pi/netatmo/venv/lib/python3.13/site-packages/requests/api.py", line 115, in post
    return request("post", url, data=data, json=json, **kwargs)
  File "/home/pi/netatmo/venv/lib/python3.13/site-packages/requests/api.py", line 59, in request
    return session.request(method=method, url=url, **kwargs)
           ~~~~~~~~~~~~~~~^^^^^^^^^^^^^^^^^^^^^^^^^^^^^^^^^^
  File "/home/pi/netatmo/venv/lib/python3.13/site-packages/requests/sessions.py", line 589, in request
    resp = self.send(prep, **send_kwargs)
  File "/home/pi/netatmo/venv/lib/python3.13/site-packages/requests/sessions.py", line 703, in send
    r = adapter.send(request, **kwargs)
  File "/home/pi/netatmo/venv/lib/python3.13/site-packages/requests/adapters.py", line 677, in send
    raise ConnectionError(e, request=request)
requests.exceptions.ConnectionError: HTTPSConnectionPool(host='api.netatmo.com', port=443): Max retries exceeded with url: /oauth2/token (Caused by NameResolutionError("HTTPSConnection(host='api.netatmo.com', port=443): Failed to resolve 'api.netatmo.com' ([Errno -3] Temporary failure in name resolution)"))
=== 2026-09-23 16:00:02 ===
Traceback (most recent call last):
  File "/home/pi/netatmo/netatmo_climate.py", line 141, in <module>
    main()
    ~~~~^^
  File "/home/pi/netatmo/netatmo_climate.py", line 134, in main
    access_token = get_access_token()
  File "/home/pi/netatmo/netatmo_climate.py", line 57, in get_access_token
    return refresh_access_token()
  File "/home/pi/netatmo/netatmo_climate.py", line 46, in refresh_access_token
    r.raise_for_status()
    ~~~~~~~~~~~~~~~~~~^^
  File "/home/pi/netatmo/venv/lib/python3.13/site-packages/requests/models.py", line 1026, in raise_for_status
    raise HTTPError(http_error_msg, response=self)
requests.exceptions.HTTPError: 503 Server Error: Service Unavailable for url: https://api.netatmo.com/oauth2/token
=== 2026-09-23 16:05:01 ===
=== 2026-09-23 16:10:01 ===
Traceback (most recent call last):
  File "/home/pi/netatmo/netatmo_climate.py", line 141, in <module>
    main()
    ~~~~^^
  File "/home/pi/netatmo/netatmo_climate.py", line 135, in main
    home, status = get_climate_data(access_token, HOME_ID)
                   ~~~~~~~~~~~~~~~~^^^^^^^^^^^^^^^^^^^^^^^
  File "/home/pi/netatmo/netatmo_climate.py", line 77, in get_climate_data
    r2.raise_for_status()
    ~~~~~~~~~~~~~~~~~~~^^
  File "/home/pi/netatmo/venv/lib/python3.13/site-packages/requests/models.py", line 1026, in raise_for_status
    raise HTTPError(http_error_msg, response=self)
requests.exceptions.HTTPError: 503 Server Error: Service Temporarily Unavailable for url: https://api.netatmo.com/api/homestatus?home_id=5923ef916d1dbdb79a8b476c
=== 2026-09-23 16:15:01 ===
=== 2026-09-23 16:20:01 ===
=== 2026-09-23 16:25:01 ===
=== 2026-09-23 16:30:01 ===
=== 2026-09-23 16:35:01 ===
=== 2026-09-23 16:40:02 ===
=== 2026-09-23 16:45:01 ===
Traceback (most recent call last):
  File "/home/pi/netatmo/netatmo_climate.py", line 141, in <module>
    main()
    ~~~~^^
  File "/home/pi/netatmo/netatmo_climate.py", line 135, in main
    home, status = get_climate_data(access_token, HOME_ID)
                   ~~~~~~~~~~~~~~~~^^^^^^^^^^^^^^^^^^^^^^^
  File "/home/pi/netatmo/netatmo_climate.py", line 69, in get_climate_data
    r1.raise_for_status()
    ~~~~~~~~~~~~~~~~~~~^^
  File "/home/pi/netatmo/venv/lib/python3.13/site-packages/requests/models.py", line 1026, in raise_for_status
    raise HTTPError(http_error_msg, response=self)
requests.exceptions.HTTPError: 503 Server Error: Service Temporarily Unavailable for url: https://api.netatmo.com/api/homesdata
=== 2026-09-23 16:50:01 ===
=== 2026-09-23 16:55:01 ===
Traceback (most recent call last):
  File "/home/pi/netatmo/netatmo_climate.py", line 141, in <module>
    main()
    ~~~~^^
  File "/home/pi/netatmo/netatmo_climate.py", line 135, in main
    home, status = get_climate_data(access_token, HOME_ID)
                   ~~~~~~~~~~~~~~~~^^^^^^^^^^^^^^^^^^^^^^^
  File "/home/pi/netatmo/netatmo_climate.py", line 69, in get_climate_data
    r1.raise_for_status()
    ~~~~~~~~~~~~~~~~~~~^^
  File "/home/pi/netatmo/venv/lib/python3.13/site-packages/requests/models.py", line 1026, in raise_for_status
    raise HTTPError(http_error_msg, response=self)
requests.exceptions.HTTPError: 503 Server Error: Service Temporarily Unavailable for url: https://api.netatmo.com/api/homesdata
=== 2026-09-23 17:00:02 ===
Traceback (most recent call last):
  File "/home/pi/netatmo/netatmo_climate.py", line 141, in <module>
    main()
    ~~~~^^
  File "/home/pi/netatmo/netatmo_climate.py", line 134, in main
    access_token = get_access_token()
  File "/home/pi/netatmo/netatmo_climate.py", line 57, in get_access_token
    return refresh_access_token()
  File "/home/pi/netatmo/netatmo_climate.py", line 46, in refresh_access_token
    r.raise_for_status()
    ~~~~~~~~~~~~~~~~~~^^
  File "/home/pi/netatmo/venv/lib/python3.13/site-packages/requests/models.py", line 1026, in raise_for_status
    raise HTTPError(http_error_msg, response=self)
requests.exceptions.HTTPError: 503 Server Error: Service Unavailable for url: https://api.netatmo.com/oauth2/token
=== 2026-09-23 17:05:01 ===
=== 2026-09-23 17:10:02 ===
Traceback (most recent call last):
  File "/home/pi/netatmo/netatmo_climate.py", line 141, in <module>
    main()
    ~~~~^^
  File "/home/pi/netatmo/netatmo_climate.py", line 134, in main
    access_token = get_access_token()
  File "/home/pi/netatmo/netatmo_climate.py", line 57, in get_access_token
    return refresh_access_token()
  File "/home/pi/netatmo/netatmo_climate.py", line 46, in refresh_access_token
    r.raise_for_status()
    ~~~~~~~~~~~~~~~~~~^^
  File "/home/pi/netatmo/venv/lib/python3.13/site-packages/requests/models.py", line 1026, in raise_for_status
    raise HTTPError(http_error_msg, response=self)
requests.exceptions.HTTPError: 503 Server Error: Service Unavailable for url: https://api.netatmo.com/oauth2/token
=== 2026-09-23 17:15:01 ===
Traceback (most recent call last):
  File "/home/pi/netatmo/netatmo_climate.py", line 141, in <module>
    main()
    ~~~~^^
  File "/home/pi/netatmo/netatmo_climate.py", line 135, in main
    home, status = get_climate_data(access_token, HOME_ID)
                   ~~~~~~~~~~~~~~~~^^^^^^^^^^^^^^^^^^^^^^^
  File "/home/pi/netatmo/netatmo_climate.py", line 69, in get_climate_data
    r1.raise_for_status()
    ~~~~~~~~~~~~~~~~~~~^^
  File "/home/pi/netatmo/venv/lib/python3.13/site-packages/requests/models.py", line 1026, in raise_for_status
    raise HTTPError(http_error_msg, response=self)
requests.exceptions.HTTPError: 503 Server Error: Service Temporarily Unavailable for url: https://api.netatmo.com/api/homesdata
=== 2026-09-23 17:20:01 ===
Traceback (most recent call last):
  File "/home/pi/netatmo/netatmo_climate.py", line 141, in <module>
    main()
    ~~~~^^
  File "/home/pi/netatmo/netatmo_climate.py", line 135, in main
    home, status = get_climate_data(access_token, HOME_ID)
                   ~~~~~~~~~~~~~~~~^^^^^^^^^^^^^^^^^^^^^^^
  File "/home/pi/netatmo/netatmo_climate.py", line 69, in get_climate_data
    r1.raise_for_status()
    ~~~~~~~~~~~~~~~~~~~^^
  File "/home/pi/netatmo/venv/lib/python3.13/site-packages/requests/models.py", line 1026, in raise_for_status
    raise HTTPError(http_error_msg, response=self)
requests.exceptions.HTTPError: 503 Server Error: Service Temporarily Unavailable for url: https://api.netatmo.com/api/homesdata
=== 2026-09-23 17:25:02 ===
=== 2026-09-23 17:30:01 ===
=== 2026-09-23 17:35:01 ===
=== 2026-09-23 17:40:01 ===
Traceback (most recent call last):
  File "/home/pi/netatmo/netatmo_climate.py", line 141, in <module>
    main()
    ~~~~^^
  File "/home/pi/netatmo/netatmo_climate.py", line 134, in main
    access_token = get_access_token()
  File "/home/pi/netatmo/netatmo_climate.py", line 57, in get_access_token
    return refresh_access_token()
  File "/home/pi/netatmo/netatmo_climate.py", line 46, in refresh_access_token
    r.raise_for_status()
    ~~~~~~~~~~~~~~~~~~^^
  File "/home/pi/netatmo/venv/lib/python3.13/site-packages/requests/models.py", line 1026, in raise_for_status
    raise HTTPError(http_error_msg, response=self)
requests.exceptions.HTTPError: 503 Server Error: Service Unavailable for url: https://api.netatmo.com/oauth2/token
=== 2026-09-23 17:45:01 ===
Traceback (most recent call last):
  File "/home/pi/netatmo/netatmo_climate.py", line 141, in <module>
    main()
    ~~~~^^
  File "/home/pi/netatmo/netatmo_climate.py", line 135, in main
    home, status = get_climate_data(access_token, HOME_ID)
                   ~~~~~~~~~~~~~~~~^^^^^^^^^^^^^^^^^^^^^^^
  File "/home/pi/netatmo/netatmo_climate.py", line 69, in get_climate_data
    r1.raise_for_status()
    ~~~~~~~~~~~~~~~~~~~^^
  File "/home/pi/netatmo/venv/lib/python3.13/site-packages/requests/models.py", line 1026, in raise_for_status
    raise HTTPError(http_error_msg, response=self)
requests.exceptions.HTTPError: 503 Server Error: Service Temporarily Unavailable for url: https://api.netatmo.com/api/homesdata
=== 2026-09-23 17:50:01 ===
=== 2026-09-23 17:55:01 ===
Traceback (most recent call last):
  File "/home/pi/netatmo/netatmo_climate.py", line 141, in <module>
    main()
    ~~~~^^
  File "/home/pi/netatmo/netatmo_climate.py", line 136, in main
    row = parse_climate_data(home, status)
  File "/home/pi/netatmo/netatmo_climate.py", line 90, in parse_climate_data
    room = status["body"]["home"]["rooms"][0]
           ~~~~~~~~~~~~~~~~~~~~~~^^^^^^^^^
KeyError: 'rooms'
=== 2026-09-23 18:00:01 ===
Traceback (most recent call last):
  File "/home/pi/netatmo/netatmo_climate.py", line 141, in <module>
    main()
    ~~~~^^
  File "/home/pi/netatmo/netatmo_climate.py", line 134, in main
    access_token = get_access_token()
  File "/home/pi/netatmo/netatmo_climate.py", line 57, in get_access_token
    return refresh_access_token()
  File "/home/pi/netatmo/netatmo_climate.py", line 46, in refresh_access_token
    r.raise_for_status()
    ~~~~~~~~~~~~~~~~~~^^
  File "/home/pi/netatmo/venv/lib/python3.13/site-packages/requests/models.py", line 1026, in raise_for_status
    raise HTTPError(http_error_msg, response=self)
requests.exceptions.HTTPError: 503 Server Error: Service Unavailable for url: https://api.netatmo.com/oauth2/token
=== 2026-09-23 18:05:01 ===
=== 2026-09-23 18:10:01 ===
Traceback (most recent call last):
  File "/home/pi/netatmo/netatmo_climate.py", line 141, in <module>
    main()
    ~~~~^^
  File "/home/pi/netatmo/netatmo_climate.py", line 135, in main
    home, status = get_climate_data(access_token, HOME_ID)
                   ~~~~~~~~~~~~~~~~^^^^^^^^^^^^^^^^^^^^^^^
  File "/home/pi/netatmo/netatmo_climate.py", line 69, in get_climate_data
    r1.raise_for_status()
    ~~~~~~~~~~~~~~~~~~~^^
  File "/home/pi/netatmo/venv/lib/python3.13/site-packages/requests/models.py", line 1026, in raise_for_status
    raise HTTPError(http_error_msg, response=self)
requests.exceptions.HTTPError: 503 Server Error: Service Temporarily Unavailable for url: https://api.netatmo.com/api/homesdata
=== 2026-09-23 18:15:02 ===
Traceback (most recent call last):
  File "/home/pi/netatmo/netatmo_climate.py", line 141, in <module>
    main()
    ~~~~^^
  File "/home/pi/netatmo/netatmo_climate.py", line 135, in main
    home, status = get_climate_data(access_token, HOME_ID)
                   ~~~~~~~~~~~~~~~~^^^^^^^^^^^^^^^^^^^^^^^
  File "/home/pi/netatmo/netatmo_climate.py", line 69, in get_climate_data
    r1.raise_for_status()
    ~~~~~~~~~~~~~~~~~~~^^
  File "/home/pi/netatmo/venv/lib/python3.13/site-packages/requests/models.py", line 1026, in raise_for_status
    raise HTTPError(http_error_msg, response=self)
requests.exceptions.HTTPError: 503 Server Error: Service Temporarily Unavailable for url: https://api.netatmo.com/api/homesdata
=== 2026-09-23 18:20:01 ===
=== 2026-09-23 18:25:01 ===
=== 2026-09-23 18:30:01 ===
Traceback (most recent call last):
  File "/home/pi/netatmo/netatmo_climate.py", line 141, in <module>
    main()
    ~~~~^^
  File "/home/pi/netatmo/netatmo_climate.py", line 134, in main
    access_token = get_access_token()
  File "/home/pi/netatmo/netatmo_climate.py", line 57, in get_access_token
    return refresh_access_token()
  File "/home/pi/netatmo/netatmo_climate.py", line 46, in refresh_access_token
    r.raise_for_status()
    ~~~~~~~~~~~~~~~~~~^^
  File "/home/pi/netatmo/venv/lib/python3.13/site-packages/requests/models.py", line 1026, in raise_for_status
    raise HTTPError(http_error_msg, response=self)
requests.exceptions.HTTPError: 503 Server Error: Service Unavailable for url: https://api.netatmo.com/oauth2/token
=== 2026-09-23 18:35:01 ===
=== 2026-09-23 18:40:01 ===
Traceback (most recent call last):
  File "/home/pi/netatmo/netatmo_climate.py", line 141, in <module>
    main()
    ~~~~^^
  File "/home/pi/netatmo/netatmo_climate.py", line 134, in main
    access_token = get_access_token()
  File "/home/pi/netatmo/netatmo_climate.py", line 57, in get_access_token
    return refresh_access_token()
  File "/home/pi/netatmo/netatmo_climate.py", line 46, in refresh_access_token
    r.raise_for_status()
    ~~~~~~~~~~~~~~~~~~^^
  File "/home/pi/netatmo/venv/lib/python3.13/site-packages/requests/models.py", line 1026, in raise_for_status
    raise HTTPError(http_error_msg, response=self)
requests.exceptions.HTTPError: 503 Server Error: Service Unavailable for url: https://api.netatmo.com/oauth2/token
=== 2026-09-23 18:45:01 ===
=== 2026-09-23 18:50:01 ===
=== 2026-09-23 18:55:01 ===
=== 2026-09-23 19:00:01 ===
Traceback (most recent call last):
  File "/home/pi/netatmo/netatmo_climate.py", line 141, in <module>
    main()
    ~~~~^^
  File "/home/pi/netatmo/netatmo_climate.py", line 134, in main
    access_token = get_access_token()
  File "/home/pi/netatmo/netatmo_climate.py", line 57, in get_access_token
    return refresh_access_token()
  File "/home/pi/netatmo/netatmo_climate.py", line 46, in refresh_access_token
    r.raise_for_status()
    ~~~~~~~~~~~~~~~~~~^^
  File "/home/pi/netatmo/venv/lib/python3.13/site-packages/requests/models.py", line 1026, in raise_for_status
    raise HTTPError(http_error_msg, response=self)
requests.exceptions.HTTPError: 503 Server Error: Service Unavailable for url: https://api.netatmo.com/oauth2/token
=== 2026-09-23 19:05:01 ===
=== 2026-09-23 19:10:01 ===
=== 2026-09-23 19:15:02 ===
=== 2026-09-23 19:20:01 ===
=== 2026-09-23 19:25:01 ===
=== 2026-09-23 19:30:01 ===
Traceback (most recent call last):
  File "/home/pi/netatmo/netatmo_climate.py", line 141, in <module>
    main()
    ~~~~^^
  File "/home/pi/netatmo/netatmo_climate.py", line 134, in main
    access_token = get_access_token()
  File "/home/pi/netatmo/netatmo_climate.py", line 57, in get_access_token
    return refresh_access_token()
  File "/home/pi/netatmo/netatmo_climate.py", line 46, in refresh_access_token
    r.raise_for_status()
    ~~~~~~~~~~~~~~~~~~^^
  File "/home/pi/netatmo/venv/lib/python3.13/site-packages/requests/models.py", line 1026, in raise_for_status
    raise HTTPError(http_error_msg, response=self)
requests.exceptions.HTTPError: 503 Server Error: Service Unavailable for url: https://api.netatmo.com/oauth2/token
=== 2026-09-23 19:35:01 ===
Traceback (most recent call last):
  File "/home/pi/netatmo/netatmo_climate.py", line 141, in <module>
    main()
    ~~~~^^
  File "/home/pi/netatmo/netatmo_climate.py", line 135, in main
    home, status = get_climate_data(access_token, HOME_ID)
                   ~~~~~~~~~~~~~~~~^^^^^^^^^^^^^^^^^^^^^^^
  File "/home/pi/netatmo/netatmo_climate.py", line 69, in get_climate_data
    r1.raise_for_status()
    ~~~~~~~~~~~~~~~~~~~^^
  File "/home/pi/netatmo/venv/lib/python3.13/site-packages/requests/models.py", line 1026, in raise_for_status
    raise HTTPError(http_error_msg, response=self)
requests.exceptions.HTTPError: 503 Server Error: Service Temporarily Unavailable for url: https://api.netatmo.com/api/homesdata
=== 2026-09-23 19:40:02 ===
Traceback (most recent call last):
  File "/home/pi/netatmo/netatmo_climate.py", line 141, in <module>
    main()
    ~~~~^^
  File "/home/pi/netatmo/netatmo_climate.py", line 134, in main
    access_token = get_access_token()
  File "/home/pi/netatmo/netatmo_climate.py", line 57, in get_access_token
    return refresh_access_token()
  File "/home/pi/netatmo/netatmo_climate.py", line 46, in refresh_access_token
    r.raise_for_status()
    ~~~~~~~~~~~~~~~~~~^^
  File "/home/pi/netatmo/venv/lib/python3.13/site-packages/requests/models.py", line 1026, in raise_for_status
    raise HTTPError(http_error_msg, response=self)
requests.exceptions.HTTPError: 503 Server Error: Service Unavailable for url: https://api.netatmo.com/oauth2/token
=== 2026-09-23 19:45:01 ===
=== 2026-09-23 19:50:02 ===
=== 2026-09-23 19:55:01 ===
=== 2026-09-23 20:00:01 ===
Traceback (most recent call last):
  File "/home/pi/netatmo/netatmo_climate.py", line 141, in <module>
    main()
    ~~~~^^
  File "/home/pi/netatmo/netatmo_climate.py", line 134, in main
    access_token = get_access_token()
  File "/home/pi/netatmo/netatmo_climate.py", line 57, in get_access_token
    return refresh_access_token()
  File "/home/pi/netatmo/netatmo_climate.py", line 46, in refresh_access_token
    r.raise_for_status()
    ~~~~~~~~~~~~~~~~~~^^
  File "/home/pi/netatmo/venv/lib/python3.13/site-packages/requests/models.py", line 1026, in raise_for_status
    raise HTTPError(http_error_msg, response=self)
requests.exceptions.HTTPError: 503 Server Error: Service Unavailable for url: https://api.netatmo.com/oauth2/token
=== 2026-09-23 20:05:01 ===
=== 2026-09-23 20:10:01 ===
=== 2026-09-23 20:15:01 ===
Traceback (most recent call last):
  File "/home/pi/netatmo/netatmo_climate.py", line 141, in <module>
    main()
    ~~~~^^
  File "/home/pi/netatmo/netatmo_climate.py", line 135, in main
    home, status = get_climate_data(access_token, HOME_ID)
                   ~~~~~~~~~~~~~~~~^^^^^^^^^^^^^^^^^^^^^^^
  File "/home/pi/netatmo/netatmo_climate.py", line 69, in get_climate_data
    r1.raise_for_status()
    ~~~~~~~~~~~~~~~~~~~^^
  File "/home/pi/netatmo/venv/lib/python3.13/site-packages/requests/models.py", line 1026, in raise_for_status
    raise HTTPError(http_error_msg, response=self)
requests.exceptions.HTTPError: 503 Server Error: Service Temporarily Unavailable for url: https://api.netatmo.com/api/homesdata
=== 2026-09-23 20:20:01 ===
Traceback (most recent call last):
  File "/home/pi/netatmo/venv/lib/python3.13/site-packages/urllib3/connection.py", line 204, in _new_conn
    sock = connection.create_connection(
        (self._dns_host, self.port),
    ...<2 lines>...
        socket_options=self.socket_options,
    )
  File "/home/pi/netatmo/venv/lib/python3.13/site-packages/urllib3/util/connection.py", line 60, in create_connection
    for res in socket.getaddrinfo(host, port, family, socket.SOCK_STREAM):
               ~~~~~~~~~~~~~~~~~~^^^^^^^^^^^^^^^^^^^^^^^^^^^^^^^^^^^^^^^^
  File "/usr/lib/python3.13/socket.py", line 977, in getaddrinfo
    for res in _socket.getaddrinfo(host, port, family, type, proto, flags):
               ~~~~~~~~~~~~~~~~~~~^^^^^^^^^^^^^^^^^^^^^^^^^^^^^^^^^^^^^^^^
socket.gaierror: [Errno -3] Temporary failure in name resolution

The above exception was the direct cause of the following exception:

Traceback (most recent call last):
  File "/home/pi/netatmo/venv/lib/python3.13/site-packages/urllib3/connectionpool.py", line 787, in urlopen
    response = self._make_request(
        conn,
    ...<10 lines>...
        **response_kw,
    )
  File "/home/pi/netatmo/venv/lib/python3.13/site-packages/urllib3/connectionpool.py", line 488, in _make_request
    raise new_e
  File "/home/pi/netatmo/venv/lib/python3.13/site-packages/urllib3/connectionpool.py", line 464, in _make_request
    self._validate_conn(conn)
    ~~~~~~~~~~~~~~~~~~~^^^^^^
  File "/home/pi/netatmo/venv/lib/python3.13/site-packages/urllib3/connectionpool.py", line 1093, in _validate_conn
    conn.connect()
    ~~~~~~~~~~~~^^
  File "/home/pi/netatmo/venv/lib/python3.13/site-packages/urllib3/connection.py", line 759, in connect
    self.sock = sock = self._new_conn()
                       ~~~~~~~~~~~~~~^^
  File "/home/pi/netatmo/venv/lib/python3.13/site-packages/urllib3/connection.py", line 211, in _new_conn
    raise NameResolutionError(self.host, self, e) from e
urllib3.exceptions.NameResolutionError: HTTPSConnection(host='api.netatmo.com', port=443): Failed to resolve 'api.netatmo.com' ([Errno -3] Temporary failure in name resolution)

The above exception was the direct cause of the following exception:

Traceback (most recent call last):
  File "/home/pi/netatmo/venv/lib/python3.13/site-packages/requests/adapters.py", line 644, in send
    resp = conn.urlopen(
        method=request.method,
    ...<9 lines>...
        chunked=chunked,
    )
  File "/home/pi/netatmo/venv/lib/python3.13/site-packages/urllib3/connectionpool.py", line 841, in urlopen
    retries = retries.increment(
        method, url, error=new_e, _pool=self, _stacktrace=sys.exc_info()[2]
    )
  File "/home/pi/netatmo/venv/lib/python3.13/site-packages/urllib3/util/retry.py", line 535, in increment
    raise MaxRetryError(_pool, url, reason) from reason  # type: ignore[arg-type]
    ^^^^^^^^^^^^^^^^^^^^^^^^^^^^^^^^^^^^^^^^^^^^^^^^^^^
urllib3.exceptions.MaxRetryError: HTTPSConnectionPool(host='api.netatmo.com', port=443): Max retries exceeded with url: /oauth2/token (Caused by NameResolutionError("HTTPSConnection(host='api.netatmo.com', port=443): Failed to resolve 'api.netatmo.com' ([Errno -3] Temporary failure in name resolution)"))

During handling of the above exception, another exception occurred:

Traceback (most recent call last):
  File "/home/pi/netatmo/netatmo_climate.py", line 141, in <module>
    main()
    ~~~~^^
  File "/home/pi/netatmo/netatmo_climate.py", line 134, in main
    access_token = get_access_token()
  File "/home/pi/netatmo/netatmo_climate.py", line 57, in get_access_token
    return refresh_access_token()
  File "/home/pi/netatmo/netatmo_climate.py", line 45, in refresh_access_token
    r = requests.post(url, data=data)
  File "/home/pi/netatmo/venv/lib/python3.13/site-packages/requests/api.py", line 115, in post
    return request("post", url, data=data, json=json, **kwargs)
  File "/home/pi/netatmo/venv/lib/python3.13/site-packages/requests/api.py", line 59, in request
    return session.request(method=method, url=url, **kwargs)
           ~~~~~~~~~~~~~~~^^^^^^^^^^^^^^^^^^^^^^^^^^^^^^^^^^
  File "/home/pi/netatmo/venv/lib/python3.13/site-packages/requests/sessions.py", line 589, in request
    resp = self.send(prep, **send_kwargs)
  File "/home/pi/netatmo/venv/lib/python3.13/site-packages/requests/sessions.py", line 703, in send
    r = adapter.send(request, **kwargs)
  File "/home/pi/netatmo/venv/lib/python3.13/site-packages/requests/adapters.py", line 677, in send
    raise ConnectionError(e, request=request)
requests.exceptions.ConnectionError: HTTPSConnectionPool(host='api.netatmo.com', port=443): Max retries exceeded with url: /oauth2/token (Caused by NameResolutionError("HTTPSConnection(host='api.netatmo.com', port=443): Failed to resolve 'api.netatmo.com' ([Errno -3] Temporary failure in name resolution)"))
=== 2026-09-23 20:25:01 ===
=== 2026-09-23 20:30:01 ===
Traceback (most recent call last):
  File "/home/pi/netatmo/netatmo_climate.py", line 141, in <module>
    main()
    ~~~~^^
  File "/home/pi/netatmo/netatmo_climate.py", line 134, in main
    access_token = get_access_token()
  File "/home/pi/netatmo/netatmo_climate.py", line 57, in get_access_token
    return refresh_access_token()
  File "/home/pi/netatmo/netatmo_climate.py", line 46, in refresh_access_token
    r.raise_for_status()
    ~~~~~~~~~~~~~~~~~~^^
  File "/home/pi/netatmo/venv/lib/python3.13/site-packages/requests/models.py", line 1026, in raise_for_status
    raise HTTPError(http_error_msg, response=self)
requests.exceptions.HTTPError: 503 Server Error: Service Unavailable for url: https://api.netatmo.com/oauth2/token
=== 2026-09-23 20:35:02 ===
=== 2026-09-23 20:40:01 ===
=== 2026-09-23 20:45:01 ===
Traceback (most recent call last):
  File "/home/pi/netatmo/netatmo_climate.py", line 141, in <module>
    main()
    ~~~~^^
  File "/home/pi/netatmo/netatmo_climate.py", line 135, in main
    home, status = get_climate_data(access_token, HOME_ID)
                   ~~~~~~~~~~~~~~~~^^^^^^^^^^^^^^^^^^^^^^^
  File "/home/pi/netatmo/netatmo_climate.py", line 69, in get_climate_data
    r1.raise_for_status()
    ~~~~~~~~~~~~~~~~~~~^^
  File "/home/pi/netatmo/venv/lib/python3.13/site-packages/requests/models.py", line 1026, in raise_for_status
    raise HTTPError(http_error_msg, response=self)
requests.exceptions.HTTPError: 503 Server Error: Service Temporarily Unavailable for url: https://api.netatmo.com/api/homesdata
=== 2026-09-23 20:50:01 ===
=== 2026-09-23 20:55:01 ===
=== 2026-09-23 21:00:02 ===
Traceback (most recent call last):
  File "/home/pi/netatmo/netatmo_climate.py", line 141, in <module>
    main()
    ~~~~^^
  File "/home/pi/netatmo/netatmo_climate.py", line 134, in main
    access_token = get_access_token()
  File "/home/pi/netatmo/netatmo_climate.py", line 57, in get_access_token
    return refresh_access_token()
  File "/home/pi/netatmo/netatmo_climate.py", line 46, in refresh_access_token
    r.raise_for_status()
    ~~~~~~~~~~~~~~~~~~^^
  File "/home/pi/netatmo/venv/lib/python3.13/site-packages/requests/models.py", line 1026, in raise_for_status
    raise HTTPError(http_error_msg, response=self)
requests.exceptions.HTTPError: 503 Server Error: Service Unavailable for url: https://api.netatmo.com/oauth2/token
=== 2026-09-23 21:05:01 ===
=== 2026-09-23 21:10:01 ===
Traceback (most recent call last):
  File "/home/pi/netatmo/netatmo_climate.py", line 141, in <module>
    main()
    ~~~~^^
  File "/home/pi/netatmo/netatmo_climate.py", line 134, in main
    access_token = get_access_token()
  File "/home/pi/netatmo/netatmo_climate.py", line 57, in get_access_token
    return refresh_access_token()
  File "/home/pi/netatmo/netatmo_climate.py", line 46, in refresh_access_token
    r.raise_for_status()
    ~~~~~~~~~~~~~~~~~~^^
  File "/home/pi/netatmo/venv/lib/python3.13/site-packages/requests/models.py", line 1026, in raise_for_status
    raise HTTPError(http_error_msg, response=self)
requests.exceptions.HTTPError: 503 Server Error: Service Unavailable for url: https://api.netatmo.com/oauth2/token
=== 2026-09-23 21:15:01 ===
=== 2026-09-23 21:20:02 ===
Traceback (most recent call last):
  File "/home/pi/netatmo/netatmo_climate.py", line 141, in <module>
    main()
    ~~~~^^
  File "/home/pi/netatmo/netatmo_climate.py", line 135, in main
    home, status = get_climate_data(access_token, HOME_ID)
                   ~~~~~~~~~~~~~~~~^^^^^^^^^^^^^^^^^^^^^^^
  File "/home/pi/netatmo/netatmo_climate.py", line 69, in get_climate_data
    r1.raise_for_status()
    ~~~~~~~~~~~~~~~~~~~^^
  File "/home/pi/netatmo/venv/lib/python3.13/site-packages/requests/models.py", line 1026, in raise_for_status
    raise HTTPError(http_error_msg, response=self)
requests.exceptions.HTTPError: 503 Server Error: Service Temporarily Unavailable for url: https://api.netatmo.com/api/homesdata
=== 2026-09-23 21:25:01 ===
=== 2026-09-23 21:30:02 ===
Traceback (most recent call last):
  File "/home/pi/netatmo/netatmo_climate.py", line 141, in <module>
    main()
    ~~~~^^
  File "/home/pi/netatmo/netatmo_climate.py", line 134, in main
    access_token = get_access_token()
  File "/home/pi/netatmo/netatmo_climate.py", line 57, in get_access_token
    return refresh_access_token()
  File "/home/pi/netatmo/netatmo_climate.py", line 46, in refresh_access_token
    r.raise_for_status()
    ~~~~~~~~~~~~~~~~~~^^
  File "/home/pi/netatmo/venv/lib/python3.13/site-packages/requests/models.py", line 1026, in raise_for_status
    raise HTTPError(http_error_msg, response=self)
requests.exceptions.HTTPError: 503 Server Error: Service Unavailable for url: https://api.netatmo.com/oauth2/token
=== 2026-09-23 21:35:01 ===
=== 2026-09-23 21:40:01 ===
Traceback (most recent call last):
  File "/home/pi/netatmo/netatmo_climate.py", line 141, in <module>
    main()
    ~~~~^^
  File "/home/pi/netatmo/netatmo_climate.py", line 134, in main
    access_token = get_access_token()
  File "/home/pi/netatmo/netatmo_climate.py", line 57, in get_access_token
    return refresh_access_token()
  File "/home/pi/netatmo/netatmo_climate.py", line 46, in refresh_access_token
    r.raise_for_status()
    ~~~~~~~~~~~~~~~~~~^^
  File "/home/pi/netatmo/venv/lib/python3.13/site-packages/requests/models.py", line 1026, in raise_for_status
    raise HTTPError(http_error_msg, response=self)
requests.exceptions.HTTPError: 500 Server Error: Internal Server Error for url: https://api.netatmo.com/oauth2/token
=== 2026-09-23 21:45:01 ===
Traceback (most recent call last):
  File "/home/pi/netatmo/netatmo_climate.py", line 141, in <module>
    main()
    ~~~~^^
  File "/home/pi/netatmo/netatmo_climate.py", line 135, in main
    home, status = get_climate_data(access_token, HOME_ID)
                   ~~~~~~~~~~~~~~~~^^^^^^^^^^^^^^^^^^^^^^^
  File "/home/pi/netatmo/netatmo_climate.py", line 69, in get_climate_data
    r1.raise_for_status()
    ~~~~~~~~~~~~~~~~~~~^^
  File "/home/pi/netatmo/venv/lib/python3.13/site-packages/requests/models.py", line 1026, in raise_for_status
    raise HTTPError(http_error_msg, response=self)
requests.exceptions.HTTPError: 503 Server Error: Service Temporarily Unavailable for url: https://api.netatmo.com/api/homesdata
=== 2026-09-23 21:50:01 ===
=== 2026-09-23 21:55:01 ===
=== 2026-09-23 22:00:01 ===
Traceback (most recent call last):
  File "/home/pi/netatmo/netatmo_climate.py", line 141, in <module>
    main()
    ~~~~^^
  File "/home/pi/netatmo/netatmo_climate.py", line 134, in main
    access_token = get_access_token()
  File "/home/pi/netatmo/netatmo_climate.py", line 57, in get_access_token
    return refresh_access_token()
  File "/home/pi/netatmo/netatmo_climate.py", line 46, in refresh_access_token
    r.raise_for_status()
    ~~~~~~~~~~~~~~~~~~^^
  File "/home/pi/netatmo/venv/lib/python3.13/site-packages/requests/models.py", line 1026, in raise_for_status
    raise HTTPError(http_error_msg, response=self)
requests.exceptions.HTTPError: 503 Server Error: Service Unavailable for url: https://api.netatmo.com/oauth2/token
=== 2026-09-23 22:05:01 ===
=== 2026-09-23 22:10:02 ===
=== 2026-09-23 22:15:02 ===
=== 2026-09-23 22:20:02 ===
=== 2026-09-23 22:25:01 ===
=== 2026-09-23 22:30:01 ===
Traceback (most recent call last):
  File "/home/pi/netatmo/netatmo_climate.py", line 141, in <module>
    main()
    ~~~~^^
  File "/home/pi/netatmo/netatmo_climate.py", line 135, in main
    home, status = get_climate_data(access_token, HOME_ID)
                   ~~~~~~~~~~~~~~~~^^^^^^^^^^^^^^^^^^^^^^^
  File "/home/pi/netatmo/netatmo_climate.py", line 69, in get_climate_data
    r1.raise_for_status()
    ~~~~~~~~~~~~~~~~~~~^^
  File "/home/pi/netatmo/venv/lib/python3.13/site-packages/requests/models.py", line 1026, in raise_for_status
    raise HTTPError(http_error_msg, response=self)
requests.exceptions.HTTPError: 503 Server Error: Service Temporarily Unavailable for url: https://api.netatmo.com/api/homesdata
=== 2026-09-23 22:35:01 ===
Traceback (most recent call last):
  File "/home/pi/netatmo/netatmo_climate.py", line 141, in <module>
    main()
    ~~~~^^
  File "/home/pi/netatmo/netatmo_climate.py", line 135, in main
    home, status = get_climate_data(access_token, HOME_ID)
                   ~~~~~~~~~~~~~~~~^^^^^^^^^^^^^^^^^^^^^^^
  File "/home/pi/netatmo/netatmo_climate.py", line 69, in get_climate_data
    r1.raise_for_status()
    ~~~~~~~~~~~~~~~~~~~^^
  File "/home/pi/netatmo/venv/lib/python3.13/site-packages/requests/models.py", line 1026, in raise_for_status
    raise HTTPError(http_error_msg, response=self)
requests.exceptions.HTTPError: 503 Server Error: Service Temporarily Unavailable for url: https://api.netatmo.com/api/homesdata
=== 2026-09-23 22:40:01 ===
=== 2026-09-23 22:45:01 ===
=== 2026-09-23 22:50:01 ===
=== 2026-09-23 22:55:02 ===
=== 2026-09-23 23:00:02 ===
=== 2026-09-23 23:05:02 ===
=== 2026-09-23 23:10:01 ===
=== 2026-09-23 23:15:02 ===
Traceback (most recent call last):
  File "/home/pi/netatmo/netatmo_climate.py", line 141, in <module>
    main()
    ~~~~^^
  File "/home/pi/netatmo/netatmo_climate.py", line 135, in main
    home, status = get_climate_data(access_token, HOME_ID)
                   ~~~~~~~~~~~~~~~~^^^^^^^^^^^^^^^^^^^^^^^
  File "/home/pi/netatmo/netatmo_climate.py", line 69, in get_climate_data
    r1.raise_for_status()
    ~~~~~~~~~~~~~~~~~~~^^
  File "/home/pi/netatmo/venv/lib/python3.13/site-packages/requests/models.py", line 1026, in raise_for_status
    raise HTTPError(http_error_msg, response=self)
requests.exceptions.HTTPError: 503 Server Error: Service Temporarily Unavailable for url: https://api.netatmo.com/api/homesdata
=== 2026-09-23 23:20:02 ===
=== 2026-09-23 23:25:03 ===
=== 2026-09-23 23:30:02 ===
Traceback (most recent call last):
  File "/home/pi/netatmo/netatmo_climate.py", line 141, in <module>
    main()
    ~~~~^^
  File "/home/pi/netatmo/netatmo_climate.py", line 135, in main
    home, status = get_climate_data(access_token, HOME_ID)
                   ~~~~~~~~~~~~~~~~^^^^^^^^^^^^^^^^^^^^^^^
  File "/home/pi/netatmo/netatmo_climate.py", line 69, in get_climate_data
    r1.raise_for_status()
    ~~~~~~~~~~~~~~~~~~~^^
  File "/home/pi/netatmo/venv/lib/python3.13/site-packages/requests/models.py", line 1026, in raise_for_status
    raise HTTPError(http_error_msg, response=self)
requests.exceptions.HTTPError: 503 Server Error: Service Temporarily Unavailable for url: https://api.netatmo.com/api/homesdata
=== 2026-09-23 23:35:03 ===
=== 2026-09-23 23:40:03 ===
Traceback (most recent call last):
  File "/home/pi/netatmo/venv/lib/python3.13/site-packages/urllib3/connectionpool.py", line 464, in _make_request
    self._validate_conn(conn)
    ~~~~~~~~~~~~~~~~~~~^^^^^^
  File "/home/pi/netatmo/venv/lib/python3.13/site-packages/urllib3/connectionpool.py", line 1093, in _validate_conn
    conn.connect()
    ~~~~~~~~~~~~^^
  File "/home/pi/netatmo/venv/lib/python3.13/site-packages/urllib3/connection.py", line 796, in connect
    sock_and_verified = _ssl_wrap_socket_and_match_hostname(
        sock=sock,
    ...<14 lines>...
        assert_fingerprint=self.assert_fingerprint,
    )
  File "/home/pi/netatmo/venv/lib/python3.13/site-packages/urllib3/connection.py", line 975, in _ssl_wrap_socket_and_match_hostname
    ssl_sock = ssl_wrap_socket(
        sock=sock,
    ...<8 lines>...
        tls_in_tls=tls_in_tls,
    )
  File "/home/pi/netatmo/venv/lib/python3.13/site-packages/urllib3/util/ssl_.py", line 483, in ssl_wrap_socket
    ssl_sock = _ssl_wrap_socket_impl(sock, context, tls_in_tls, server_hostname)
  File "/home/pi/netatmo/venv/lib/python3.13/site-packages/urllib3/util/ssl_.py", line 527, in _ssl_wrap_socket_impl
    return ssl_context.wrap_socket(sock, server_hostname=server_hostname)
           ~~~~~~~~~~~~~~~~~~~~~~~^^^^^^^^^^^^^^^^^^^^^^^^^^^^^^^^^^^^^^^
  File "/usr/lib/python3.13/ssl.py", line 455, in wrap_socket
    return self.sslsocket_class._create(
           ~~~~~~~~~~~~~~~~~~~~~~~~~~~~^
        sock=sock,
        ^^^^^^^^^^
    ...<5 lines>...
        session=session
        ^^^^^^^^^^^^^^^
    )
    ^
  File "/usr/lib/python3.13/ssl.py", line 1076, in _create
    self.do_handshake()
    ~~~~~~~~~~~~~~~~~^^
  File "/usr/lib/python3.13/ssl.py", line 1372, in do_handshake
    self._sslobj.do_handshake()
    ~~~~~~~~~~~~~~~~~~~~~~~~~^^
ssl.SSLEOFError: [SSL: UNEXPECTED_EOF_WHILE_READING] EOF occurred in violation of protocol (_ssl.c:1029)

During handling of the above exception, another exception occurred:

Traceback (most recent call last):
  File "/home/pi/netatmo/venv/lib/python3.13/site-packages/urllib3/connectionpool.py", line 787, in urlopen
    response = self._make_request(
        conn,
    ...<10 lines>...
        **response_kw,
    )
  File "/home/pi/netatmo/venv/lib/python3.13/site-packages/urllib3/connectionpool.py", line 488, in _make_request
    raise new_e
urllib3.exceptions.SSLError: [SSL: UNEXPECTED_EOF_WHILE_READING] EOF occurred in violation of protocol (_ssl.c:1029)

The above exception was the direct cause of the following exception:

Traceback (most recent call last):
  File "/home/pi/netatmo/venv/lib/python3.13/site-packages/requests/adapters.py", line 644, in send
    resp = conn.urlopen(
        method=request.method,
    ...<9 lines>...
        chunked=chunked,
    )
  File "/home/pi/netatmo/venv/lib/python3.13/site-packages/urllib3/connectionpool.py", line 841, in urlopen
    retries = retries.increment(
        method, url, error=new_e, _pool=self, _stacktrace=sys.exc_info()[2]
    )
  File "/home/pi/netatmo/venv/lib/python3.13/site-packages/urllib3/util/retry.py", line 535, in increment
    raise MaxRetryError(_pool, url, reason) from reason  # type: ignore[arg-type]
    ^^^^^^^^^^^^^^^^^^^^^^^^^^^^^^^^^^^^^^^^^^^^^^^^^^^
urllib3.exceptions.MaxRetryError: HTTPSConnectionPool(host='api.netatmo.com', port=443): Max retries exceeded with url: /oauth2/token (Caused by SSLError(SSLEOFError(8, '[SSL: UNEXPECTED_EOF_WHILE_READING] EOF occurred in violation of protocol (_ssl.c:1029)')))

During handling of the above exception, another exception occurred:

Traceback (most recent call last):
  File "/home/pi/netatmo/netatmo_climate.py", line 141, in <module>
    main()
    ~~~~^^
  File "/home/pi/netatmo/netatmo_climate.py", line 134, in main
    access_token = get_access_token()
  File "/home/pi/netatmo/netatmo_climate.py", line 57, in get_access_token
    return refresh_access_token()
  File "/home/pi/netatmo/netatmo_climate.py", line 45, in refresh_access_token
    r = requests.post(url, data=data)
  File "/home/pi/netatmo/venv/lib/python3.13/site-packages/requests/api.py", line 115, in post
    return request("post", url, data=data, json=json, **kwargs)
  File "/home/pi/netatmo/venv/lib/python3.13/site-packages/requests/api.py", line 59, in request
    return session.request(method=method, url=url, **kwargs)
           ~~~~~~~~~~~~~~~^^^^^^^^^^^^^^^^^^^^^^^^^^^^^^^^^^
  File "/home/pi/netatmo/venv/lib/python3.13/site-packages/requests/sessions.py", line 589, in request
    resp = self.send(prep, **send_kwargs)
  File "/home/pi/netatmo/venv/lib/python3.13/site-packages/requests/sessions.py", line 703, in send
    r = adapter.send(request, **kwargs)
  File "/home/pi/netatmo/venv/lib/python3.13/site-packages/requests/adapters.py", line 675, in send
    raise SSLError(e, request=request)
requests.exceptions.SSLError: HTTPSConnectionPool(host='api.netatmo.com', port=443): Max retries exceeded with url: /oauth2/token (Caused by SSLError(SSLEOFError(8, '[SSL: UNEXPECTED_EOF_WHILE_READING] EOF occurred in violation of protocol (_ssl.c:1029)')))
=== 2026-09-23 23:45:02 ===
=== 2026-09-23 23:50:02 ===
=== 2026-09-23 23:55:02 ===
=== 2026-09-24 00:00:02 ===
Traceback (most recent call last):
  File "/home/pi/netatmo/netatmo_climate.py", line 141, in <module>
    main()
    ~~~~^^
  File "/home/pi/netatmo/netatmo_climate.py", line 135, in main
    home, status = get_climate_data(access_token, HOME_ID)
                   ~~~~~~~~~~~~~~~~^^^^^^^^^^^^^^^^^^^^^^^
  File "/home/pi/netatmo/netatmo_climate.py", line 69, in get_climate_data
    r1.raise_for_status()
    ~~~~~~~~~~~~~~~~~~~^^
  File "/home/pi/netatmo/venv/lib/python3.13/site-packages/requests/models.py", line 1026, in raise_for_status
    raise HTTPError(http_error_msg, response=self)
requests.exceptions.HTTPError: 503 Server Error: Service Temporarily Unavailable for url: https://api.netatmo.com/api/homesdata
=== 2026-09-24 00:05:02 ===
=== 2026-09-24 00:10:01 ===
=== 2026-09-24 00:15:02 ===
=== 2026-09-24 00:20:01 ===
=== 2026-09-24 00:25:01 ===
=== 2026-09-24 00:30:02 ===
Traceback (most recent call last):
  File "/home/pi/netatmo/netatmo_climate.py", line 141, in <module>
    main()
    ~~~~^^
  File "/home/pi/netatmo/netatmo_climate.py", line 135, in main
    home, status = get_climate_data(access_token, HOME_ID)
                   ~~~~~~~~~~~~~~~~^^^^^^^^^^^^^^^^^^^^^^^
  File "/home/pi/netatmo/netatmo_climate.py", line 69, in get_climate_data
    r1.raise_for_status()
    ~~~~~~~~~~~~~~~~~~~^^
  File "/home/pi/netatmo/venv/lib/python3.13/site-packages/requests/models.py", line 1026, in raise_for_status
    raise HTTPError(http_error_msg, response=self)
requests.exceptions.HTTPError: 503 Server Error: Service Temporarily Unavailable for url: https://api.netatmo.com/api/homesdata
=== 2026-09-24 00:35:02 ===
=== 2026-09-24 00:40:01 ===
=== 2026-09-24 00:45:02 ===
=== 2026-09-24 00:50:01 ===
=== 2026-09-24 00:55:02 ===
=== 2026-09-24 01:00:04 ===
Traceback (most recent call last):
  File "/home/pi/netatmo/netatmo_climate.py", line 141, in <module>
    main()
    ~~~~^^
  File "/home/pi/netatmo/netatmo_climate.py", line 135, in main
    home, status = get_climate_data(access_token, HOME_ID)
                   ~~~~~~~~~~~~~~~~^^^^^^^^^^^^^^^^^^^^^^^
  File "/home/pi/netatmo/netatmo_climate.py", line 69, in get_climate_data
    r1.raise_for_status()
    ~~~~~~~~~~~~~~~~~~~^^
  File "/home/pi/netatmo/venv/lib/python3.13/site-packages/requests/models.py", line 1026, in raise_for_status
    raise HTTPError(http_error_msg, response=self)
requests.exceptions.HTTPError: 503 Server Error: Service Temporarily Unavailable for url: https://api.netatmo.com/api/homesdata
=== 2026-09-24 01:05:02 ===
=== 2026-09-24 01:10:02 ===
=== 2026-09-24 01:15:01 ===
=== 2026-09-24 01:20:02 ===
=== 2026-09-24 01:25:02 ===
=== 2026-09-24 01:30:02 ===
=== 2026-09-24 01:35:02 ===
=== 2026-09-24 01:40:02 ===
=== 2026-09-24 01:45:02 ===
=== 2026-09-24 01:50:01 ===
=== 2026-09-24 01:55:01 ===
=== 2026-09-24 02:00:02 ===
Traceback (most recent call last):
  File "/home/pi/netatmo/netatmo_climate.py", line 141, in <module>
    main()
    ~~~~^^
  File "/home/pi/netatmo/netatmo_climate.py", line 135, in main
    home, status = get_climate_data(access_token, HOME_ID)
                   ~~~~~~~~~~~~~~~~^^^^^^^^^^^^^^^^^^^^^^^
  File "/home/pi/netatmo/netatmo_climate.py", line 69, in get_climate_data
    r1.raise_for_status()
    ~~~~~~~~~~~~~~~~~~~^^
  File "/home/pi/netatmo/venv/lib/python3.13/site-packages/requests/models.py", line 1026, in raise_for_status
    raise HTTPError(http_error_msg, response=self)
requests.exceptions.HTTPError: 503 Server Error: Service Temporarily Unavailable for url: https://api.netatmo.com/api/homesdata
=== 2026-09-24 02:05:02 ===
=== 2026-09-24 02:10:01 ===
=== 2026-09-24 02:15:01 ===
=== 2026-09-24 02:20:01 ===
=== 2026-09-24 02:25:01 ===
=== 2026-09-24 02:30:01 ===
Traceback (most recent call last):
  File "/home/pi/netatmo/netatmo_climate.py", line 141, in <module>
    main()
    ~~~~^^
  File "/home/pi/netatmo/netatmo_climate.py", line 134, in main
    access_token = get_access_token()
  File "/home/pi/netatmo/netatmo_climate.py", line 57, in get_access_token
    return refresh_access_token()
  File "/home/pi/netatmo/netatmo_climate.py", line 46, in refresh_access_token
    r.raise_for_status()
    ~~~~~~~~~~~~~~~~~~^^
  File "/home/pi/netatmo/venv/lib/python3.13/site-packages/requests/models.py", line 1026, in raise_for_status
    raise HTTPError(http_error_msg, response=self)
requests.exceptions.HTTPError: 503 Server Error: Service Unavailable for url: https://api.netatmo.com/oauth2/token
=== 2026-09-24 02:35:01 ===
=== 2026-09-24 02:40:01 ===
=== 2026-09-24 02:45:02 ===
Traceback (most recent call last):
  File "/home/pi/netatmo/netatmo_climate.py", line 141, in <module>
    main()
    ~~~~^^
  File "/home/pi/netatmo/netatmo_climate.py", line 135, in main
    home, status = get_climate_data(access_token, HOME_ID)
                   ~~~~~~~~~~~~~~~~^^^^^^^^^^^^^^^^^^^^^^^
  File "/home/pi/netatmo/netatmo_climate.py", line 69, in get_climate_data
    r1.raise_for_status()
    ~~~~~~~~~~~~~~~~~~~^^
  File "/home/pi/netatmo/venv/lib/python3.13/site-packages/requests/models.py", line 1026, in raise_for_status
    raise HTTPError(http_error_msg, response=self)
requests.exceptions.HTTPError: 503 Server Error: Service Temporarily Unavailable for url: https://api.netatmo.com/api/homesdata
=== 2026-09-24 02:50:02 ===
=== 2026-09-24 02:55:01 ===
=== 2026-09-24 03:00:01 ===
Traceback (most recent call last):
  File "/home/pi/netatmo/netatmo_climate.py", line 141, in <module>
    main()
    ~~~~^^
  File "/home/pi/netatmo/netatmo_climate.py", line 135, in main
    home, status = get_climate_data(access_token, HOME_ID)
                   ~~~~~~~~~~~~~~~~^^^^^^^^^^^^^^^^^^^^^^^
  File "/home/pi/netatmo/netatmo_climate.py", line 69, in get_climate_data
    r1.raise_for_status()
    ~~~~~~~~~~~~~~~~~~~^^
  File "/home/pi/netatmo/venv/lib/python3.13/site-packages/requests/models.py", line 1026, in raise_for_status
    raise HTTPError(http_error_msg, response=self)
requests.exceptions.HTTPError: 503 Server Error: Service Temporarily Unavailable for url: https://api.netatmo.com/api/homesdata
=== 2026-09-24 03:05:01 ===
=== 2026-09-24 03:10:02 ===
Traceback (most recent call last):
  File "/home/pi/netatmo/netatmo_climate.py", line 141, in <module>
    main()
    ~~~~^^
  File "/home/pi/netatmo/netatmo_climate.py", line 135, in main
    home, status = get_climate_data(access_token, HOME_ID)
                   ~~~~~~~~~~~~~~~~^^^^^^^^^^^^^^^^^^^^^^^
  File "/home/pi/netatmo/netatmo_climate.py", line 69, in get_climate_data
    r1.raise_for_status()
    ~~~~~~~~~~~~~~~~~~~^^
  File "/home/pi/netatmo/venv/lib/python3.13/site-packages/requests/models.py", line 1026, in raise_for_status
    raise HTTPError(http_error_msg, response=self)
requests.exceptions.HTTPError: 503 Server Error: Service Temporarily Unavailable for url: https://api.netatmo.com/api/homesdata
=== 2026-09-24 03:15:02 ===
=== 2026-09-24 03:20:02 ===
=== 2026-09-24 03:25:02 ===
=== 2026-09-24 03:30:01 ===
Traceback (most recent call last):
  File "/home/pi/netatmo/netatmo_climate.py", line 141, in <module>
    main()
    ~~~~^^
  File "/home/pi/netatmo/netatmo_climate.py", line 134, in main
    access_token = get_access_token()
  File "/home/pi/netatmo/netatmo_climate.py", line 57, in get_access_token
    return refresh_access_token()
  File "/home/pi/netatmo/netatmo_climate.py", line 46, in refresh_access_token
    r.raise_for_status()
    ~~~~~~~~~~~~~~~~~~^^
  File "/home/pi/netatmo/venv/lib/python3.13/site-packages/requests/models.py", line 1026, in raise_for_status
    raise HTTPError(http_error_msg, response=self)
requests.exceptions.HTTPError: 503 Server Error: Service Unavailable for url: https://api.netatmo.com/oauth2/token
=== 2026-09-24 03:35:01 ===
=== 2026-09-24 03:40:01 ===
Traceback (most recent call last):
  File "/home/pi/netatmo/netatmo_climate.py", line 141, in <module>
    main()
    ~~~~^^
  File "/home/pi/netatmo/netatmo_climate.py", line 134, in main
    access_token = get_access_token()
  File "/home/pi/netatmo/netatmo_climate.py", line 57, in get_access_token
    return refresh_access_token()
  File "/home/pi/netatmo/netatmo_climate.py", line 46, in refresh_access_token
    r.raise_for_status()
    ~~~~~~~~~~~~~~~~~~^^
  File "/home/pi/netatmo/venv/lib/python3.13/site-packages/requests/models.py", line 1026, in raise_for_status
    raise HTTPError(http_error_msg, response=self)
requests.exceptions.HTTPError: 503 Server Error: Service Unavailable for url: https://api.netatmo.com/oauth2/token
=== 2026-09-24 03:45:02 ===
=== 2026-09-24 03:50:01 ===
=== 2026-09-24 03:55:01 ===
=== 2026-09-24 04:00:01 ===
=== 2026-09-24 04:05:01 ===
=== 2026-09-24 04:10:01 ===
Traceback (most recent call last):
  File "/home/pi/netatmo/netatmo_climate.py", line 141, in <module>
    main()
    ~~~~^^
  File "/home/pi/netatmo/netatmo_climate.py", line 134, in main
    access_token = get_access_token()
  File "/home/pi/netatmo/netatmo_climate.py", line 57, in get_access_token
    return refresh_access_token()
  File "/home/pi/netatmo/netatmo_climate.py", line 46, in refresh_access_token
    r.raise_for_status()
    ~~~~~~~~~~~~~~~~~~^^
  File "/home/pi/netatmo/venv/lib/python3.13/site-packages/requests/models.py", line 1026, in raise_for_status
    raise HTTPError(http_error_msg, response=self)
requests.exceptions.HTTPError: 503 Server Error: Service Unavailable for url: https://api.netatmo.com/oauth2/token
=== 2026-09-24 04:15:01 ===
=== 2026-09-24 04:20:02 ===
Traceback (most recent call last):
  File "/home/pi/netatmo/netatmo_climate.py", line 141, in <module>
    main()
    ~~~~^^
  File "/home/pi/netatmo/netatmo_climate.py", line 135, in main
    home, status = get_climate_data(access_token, HOME_ID)
                   ~~~~~~~~~~~~~~~~^^^^^^^^^^^^^^^^^^^^^^^
  File "/home/pi/netatmo/netatmo_climate.py", line 69, in get_climate_data
    r1.raise_for_status()
    ~~~~~~~~~~~~~~~~~~~^^
  File "/home/pi/netatmo/venv/lib/python3.13/site-packages/requests/models.py", line 1026, in raise_for_status
    raise HTTPError(http_error_msg, response=self)
requests.exceptions.HTTPError: 503 Server Error: Service Temporarily Unavailable for url: https://api.netatmo.com/api/homesdata
=== 2026-09-24 04:25:01 ===
Traceback (most recent call last):
  File "/home/pi/netatmo/netatmo_climate.py", line 141, in <module>
    main()
    ~~~~^^
  File "/home/pi/netatmo/netatmo_climate.py", line 135, in main
    home, status = get_climate_data(access_token, HOME_ID)
                   ~~~~~~~~~~~~~~~~^^^^^^^^^^^^^^^^^^^^^^^
  File "/home/pi/netatmo/netatmo_climate.py", line 69, in get_climate_data
    r1.raise_for_status()
    ~~~~~~~~~~~~~~~~~~~^^
  File "/home/pi/netatmo/venv/lib/python3.13/site-packages/requests/models.py", line 1026, in raise_for_status
    raise HTTPError(http_error_msg, response=self)
requests.exceptions.HTTPError: 503 Server Error: Service Temporarily Unavailable for url: https://api.netatmo.com/api/homesdata
=== 2026-09-24 04:30:02 ===
Traceback (most recent call last):
  File "/home/pi/netatmo/netatmo_climate.py", line 141, in <module>
    main()
    ~~~~^^
  File "/home/pi/netatmo/netatmo_climate.py", line 135, in main
    home, status = get_climate_data(access_token, HOME_ID)
                   ~~~~~~~~~~~~~~~~^^^^^^^^^^^^^^^^^^^^^^^
  File "/home/pi/netatmo/netatmo_climate.py", line 69, in get_climate_data
    r1.raise_for_status()
    ~~~~~~~~~~~~~~~~~~~^^
  File "/home/pi/netatmo/venv/lib/python3.13/site-packages/requests/models.py", line 1026, in raise_for_status
    raise HTTPError(http_error_msg, response=self)
requests.exceptions.HTTPError: 503 Server Error: Service Temporarily Unavailable for url: https://api.netatmo.com/api/homesdata
=== 2026-09-24 04:35:01 ===
=== 2026-09-24 04:40:02 ===
=== 2026-09-24 04:45:02 ===
Traceback (most recent call last):
  File "/home/pi/netatmo/netatmo_climate.py", line 141, in <module>
    main()
    ~~~~^^
  File "/home/pi/netatmo/netatmo_climate.py", line 135, in main
    home, status = get_climate_data(access_token, HOME_ID)
                   ~~~~~~~~~~~~~~~~^^^^^^^^^^^^^^^^^^^^^^^
  File "/home/pi/netatmo/netatmo_climate.py", line 69, in get_climate_data
    r1.raise_for_status()
    ~~~~~~~~~~~~~~~~~~~^^
  File "/home/pi/netatmo/venv/lib/python3.13/site-packages/requests/models.py", line 1026, in raise_for_status
    raise HTTPError(http_error_msg, response=self)
requests.exceptions.HTTPError: 503 Server Error: Service Temporarily Unavailable for url: https://api.netatmo.com/api/homesdata
=== 2026-09-24 04:50:01 ===
=== 2026-09-24 04:55:02 ===
=== 2026-09-24 05:00:01 ===
Traceback (most recent call last):
  File "/home/pi/netatmo/netatmo_climate.py", line 141, in <module>
    main()
    ~~~~^^
  File "/home/pi/netatmo/netatmo_climate.py", line 134, in main
    access_token = get_access_token()
  File "/home/pi/netatmo/netatmo_climate.py", line 57, in get_access_token
    return refresh_access_token()
  File "/home/pi/netatmo/netatmo_climate.py", line 46, in refresh_access_token
    r.raise_for_status()
    ~~~~~~~~~~~~~~~~~~^^
  File "/home/pi/netatmo/venv/lib/python3.13/site-packages/requests/models.py", line 1026, in raise_for_status
    raise HTTPError(http_error_msg, response=self)
requests.exceptions.HTTPError: 503 Server Error: Service Unavailable for url: https://api.netatmo.com/oauth2/token
=== 2026-09-24 05:05:01 ===
=== 2026-09-24 05:10:01 ===
=== 2026-09-24 05:15:01 ===
=== 2026-09-24 05:20:01 ===
=== 2026-09-24 05:25:01 ===
=== 2026-09-24 05:30:01 ===
Traceback (most recent call last):
  File "/home/pi/netatmo/netatmo_climate.py", line 141, in <module>
    main()
    ~~~~^^
  File "/home/pi/netatmo/netatmo_climate.py", line 134, in main
    access_token = get_access_token()
  File "/home/pi/netatmo/netatmo_climate.py", line 57, in get_access_token
    return refresh_access_token()
  File "/home/pi/netatmo/netatmo_climate.py", line 46, in refresh_access_token
    r.raise_for_status()
    ~~~~~~~~~~~~~~~~~~^^
  File "/home/pi/netatmo/venv/lib/python3.13/site-packages/requests/models.py", line 1026, in raise_for_status
    raise HTTPError(http_error_msg, response=self)
requests.exceptions.HTTPError: 503 Server Error: Service Unavailable for url: https://api.netatmo.com/oauth2/token
=== 2026-09-24 05:35:01 ===
=== 2026-09-24 05:40:01 ===
=== 2026-09-24 05:45:01 ===
=== 2026-09-24 05:50:02 ===
=== 2026-09-24 05:55:01 ===
=== 2026-09-24 06:00:01 ===
Traceback (most recent call last):
  File "/home/pi/netatmo/netatmo_climate.py", line 141, in <module>
    main()
    ~~~~^^
  File "/home/pi/netatmo/netatmo_climate.py", line 134, in main
    access_token = get_access_token()
  File "/home/pi/netatmo/netatmo_climate.py", line 57, in get_access_token
    return refresh_access_token()
  File "/home/pi/netatmo/netatmo_climate.py", line 46, in refresh_access_token
    r.raise_for_status()
    ~~~~~~~~~~~~~~~~~~^^
  File "/home/pi/netatmo/venv/lib/python3.13/site-packages/requests/models.py", line 1026, in raise_for_status
    raise HTTPError(http_error_msg, response=self)
requests.exceptions.HTTPError: 503 Server Error: Service Unavailable for url: https://api.netatmo.com/oauth2/token
=== 2026-09-24 06:05:02 ===
=== 2026-09-24 06:10:01 ===
Traceback (most recent call last):
  File "/home/pi/netatmo/netatmo_climate.py", line 141, in <module>
    main()
    ~~~~^^
  File "/home/pi/netatmo/netatmo_climate.py", line 134, in main
    access_token = get_access_token()
  File "/home/pi/netatmo/netatmo_climate.py", line 57, in get_access_token
    return refresh_access_token()
  File "/home/pi/netatmo/netatmo_climate.py", line 46, in refresh_access_token
    r.raise_for_status()
    ~~~~~~~~~~~~~~~~~~^^
  File "/home/pi/netatmo/venv/lib/python3.13/site-packages/requests/models.py", line 1026, in raise_for_status
    raise HTTPError(http_error_msg, response=self)
requests.exceptions.HTTPError: 503 Server Error: Service Unavailable for url: https://api.netatmo.com/oauth2/token
=== 2026-09-24 06:15:01 ===
=== 2026-09-24 06:20:01 ===
Traceback (most recent call last):
  File "/home/pi/netatmo/netatmo_climate.py", line 141, in <module>
    main()
    ~~~~^^
  File "/home/pi/netatmo/netatmo_climate.py", line 135, in main
    home, status = get_climate_data(access_token, HOME_ID)
                   ~~~~~~~~~~~~~~~~^^^^^^^^^^^^^^^^^^^^^^^
  File "/home/pi/netatmo/netatmo_climate.py", line 69, in get_climate_data
    r1.raise_for_status()
    ~~~~~~~~~~~~~~~~~~~^^
  File "/home/pi/netatmo/venv/lib/python3.13/site-packages/requests/models.py", line 1026, in raise_for_status
    raise HTTPError(http_error_msg, response=self)
requests.exceptions.HTTPError: 503 Server Error: Service Temporarily Unavailable for url: https://api.netatmo.com/api/homesdata
=== 2026-09-24 06:25:01 ===
Traceback (most recent call last):
  File "/home/pi/netatmo/netatmo_climate.py", line 141, in <module>
    main()
    ~~~~^^
  File "/home/pi/netatmo/netatmo_climate.py", line 135, in main
    home, status = get_climate_data(access_token, HOME_ID)
                   ~~~~~~~~~~~~~~~~^^^^^^^^^^^^^^^^^^^^^^^
  File "/home/pi/netatmo/netatmo_climate.py", line 69, in get_climate_data
    r1.raise_for_status()
    ~~~~~~~~~~~~~~~~~~~^^
  File "/home/pi/netatmo/venv/lib/python3.13/site-packages/requests/models.py", line 1026, in raise_for_status
    raise HTTPError(http_error_msg, response=self)
requests.exceptions.HTTPError: 503 Server Error: Service Temporarily Unavailable for url: https://api.netatmo.com/api/homesdata
=== 2026-09-24 06:30:01 ===
Traceback (most recent call last):
  File "/home/pi/netatmo/netatmo_climate.py", line 141, in <module>
    main()
    ~~~~^^
  File "/home/pi/netatmo/netatmo_climate.py", line 134, in main
    access_token = get_access_token()
  File "/home/pi/netatmo/netatmo_climate.py", line 57, in get_access_token
    return refresh_access_token()
  File "/home/pi/netatmo/netatmo_climate.py", line 46, in refresh_access_token
    r.raise_for_status()
    ~~~~~~~~~~~~~~~~~~^^
  File "/home/pi/netatmo/venv/lib/python3.13/site-packages/requests/models.py", line 1026, in raise_for_status
    raise HTTPError(http_error_msg, response=self)
requests.exceptions.HTTPError: 503 Server Error: Service Unavailable for url: https://api.netatmo.com/oauth2/token
=== 2026-09-24 06:35:02 ===
=== 2026-09-24 06:40:01 ===
=== 2026-09-24 06:45:01 ===
=== 2026-09-24 06:50:01 ===
=== 2026-09-24 06:55:02 ===
=== 2026-09-24 07:00:01 ===
Traceback (most recent call last):
  File "/home/pi/netatmo/netatmo_climate.py", line 141, in <module>
    main()
    ~~~~^^
  File "/home/pi/netatmo/netatmo_climate.py", line 135, in main
    home, status = get_climate_data(access_token, HOME_ID)
                   ~~~~~~~~~~~~~~~~^^^^^^^^^^^^^^^^^^^^^^^
  File "/home/pi/netatmo/netatmo_climate.py", line 69, in get_climate_data
    r1.raise_for_status()
    ~~~~~~~~~~~~~~~~~~~^^
  File "/home/pi/netatmo/venv/lib/python3.13/site-packages/requests/models.py", line 1026, in raise_for_status
    raise HTTPError(http_error_msg, response=self)
requests.exceptions.HTTPError: 503 Server Error: Service Temporarily Unavailable for url: https://api.netatmo.com/api/homesdata
=== 2026-09-24 07:05:01 ===
=== 2026-09-24 07:10:01 ===
Traceback (most recent call last):
  File "/home/pi/netatmo/netatmo_climate.py", line 141, in <module>
    main()
    ~~~~^^
  File "/home/pi/netatmo/netatmo_climate.py", line 135, in main
    home, status = get_climate_data(access_token, HOME_ID)
                   ~~~~~~~~~~~~~~~~^^^^^^^^^^^^^^^^^^^^^^^
  File "/home/pi/netatmo/netatmo_climate.py", line 69, in get_climate_data
    r1.raise_for_status()
    ~~~~~~~~~~~~~~~~~~~^^
  File "/home/pi/netatmo/venv/lib/python3.13/site-packages/requests/models.py", line 1026, in raise_for_status
    raise HTTPError(http_error_msg, response=self)
requests.exceptions.HTTPError: 503 Server Error: Service Temporarily Unavailable for url: https://api.netatmo.com/api/homesdata
=== 2026-09-24 07:15:01 ===
=== 2026-09-24 07:20:01 ===
=== 2026-09-24 07:25:01 ===
=== 2026-09-24 07:30:01 ===
=== 2026-09-24 07:35:01 ===
=== 2026-09-24 07:40:02 ===
=== 2026-09-24 07:45:01 ===
=== 2026-09-24 07:50:02 ===
=== 2026-09-24 07:55:01 ===
=== 2026-09-24 08:00:02 ===
Traceback (most recent call last):
  File "/home/pi/netatmo/netatmo_climate.py", line 141, in <module>
    main()
    ~~~~^^
  File "/home/pi/netatmo/netatmo_climate.py", line 135, in main
    home, status = get_climate_data(access_token, HOME_ID)
                   ~~~~~~~~~~~~~~~~^^^^^^^^^^^^^^^^^^^^^^^
  File "/home/pi/netatmo/netatmo_climate.py", line 69, in get_climate_data
    r1.raise_for_status()
    ~~~~~~~~~~~~~~~~~~~^^
  File "/home/pi/netatmo/venv/lib/python3.13/site-packages/requests/models.py", line 1026, in raise_for_status
    raise HTTPError(http_error_msg, response=self)
requests.exceptions.HTTPError: 503 Server Error: Service Temporarily Unavailable for url: https://api.netatmo.com/api/homesdata
=== 2026-09-24 08:05:01 ===
=== 2026-09-24 08:10:01 ===
=== 2026-09-24 08:15:01 ===
=== 2026-09-24 08:20:02 ===
=== 2026-09-24 08:25:01 ===
=== 2026-09-24 08:30:01 ===
Traceback (most recent call last):
  File "/home/pi/netatmo/netatmo_climate.py", line 141, in <module>
    main()
    ~~~~^^
  File "/home/pi/netatmo/netatmo_climate.py", line 134, in main
    access_token = get_access_token()
  File "/home/pi/netatmo/netatmo_climate.py", line 57, in get_access_token
    return refresh_access_token()
  File "/home/pi/netatmo/netatmo_climate.py", line 46, in refresh_access_token
    r.raise_for_status()
    ~~~~~~~~~~~~~~~~~~^^
  File "/home/pi/netatmo/venv/lib/python3.13/site-packages/requests/models.py", line 1026, in raise_for_status
    raise HTTPError(http_error_msg, response=self)
requests.exceptions.HTTPError: 503 Server Error: Service Unavailable for url: https://api.netatmo.com/oauth2/token
=== 2026-09-24 08:35:01 ===
=== 2026-09-24 08:40:01 ===
Traceback (most recent call last):
  File "/home/pi/netatmo/netatmo_climate.py", line 141, in <module>
    main()
    ~~~~^^
  File "/home/pi/netatmo/netatmo_climate.py", line 134, in main
    access_token = get_access_token()
  File "/home/pi/netatmo/netatmo_climate.py", line 57, in get_access_token
    return refresh_access_token()
  File "/home/pi/netatmo/netatmo_climate.py", line 46, in refresh_access_token
    r.raise_for_status()
    ~~~~~~~~~~~~~~~~~~^^
  File "/home/pi/netatmo/venv/lib/python3.13/site-packages/requests/models.py", line 1026, in raise_for_status
    raise HTTPError(http_error_msg, response=self)
requests.exceptions.HTTPError: 503 Server Error: Service Unavailable for url: https://api.netatmo.com/oauth2/token
=== 2026-09-24 08:45:02 ===
=== 2026-09-24 08:50:01 ===
=== 2026-09-24 08:55:01 ===
Traceback (most recent call last):
  File "/home/pi/netatmo/netatmo_climate.py", line 141, in <module>
    main()
    ~~~~^^
  File "/home/pi/netatmo/netatmo_climate.py", line 135, in main
    home, status = get_climate_data(access_token, HOME_ID)
                   ~~~~~~~~~~~~~~~~^^^^^^^^^^^^^^^^^^^^^^^
  File "/home/pi/netatmo/netatmo_climate.py", line 69, in get_climate_data
    r1.raise_for_status()
    ~~~~~~~~~~~~~~~~~~~^^
  File "/home/pi/netatmo/venv/lib/python3.13/site-packages/requests/models.py", line 1026, in raise_for_status
    raise HTTPError(http_error_msg, response=self)
requests.exceptions.HTTPError: 503 Server Error: Service Temporarily Unavailable for url: https://api.netatmo.com/api/homesdata
=== 2026-09-24 09:00:01 ===
=== 2026-09-24 09:05:01 ===
=== 2026-09-24 09:10:02 ===
Traceback (most recent call last):
  File "/home/pi/netatmo/netatmo_climate.py", line 141, in <module>
    main()
    ~~~~^^
  File "/home/pi/netatmo/netatmo_climate.py", line 135, in main
    home, status = get_climate_data(access_token, HOME_ID)
                   ~~~~~~~~~~~~~~~~^^^^^^^^^^^^^^^^^^^^^^^
  File "/home/pi/netatmo/netatmo_climate.py", line 69, in get_climate_data
    r1.raise_for_status()
    ~~~~~~~~~~~~~~~~~~~^^
  File "/home/pi/netatmo/venv/lib/python3.13/site-packages/requests/models.py", line 1026, in raise_for_status
    raise HTTPError(http_error_msg, response=self)
requests.exceptions.HTTPError: 503 Server Error: Service Temporarily Unavailable for url: https://api.netatmo.com/api/homesdata
=== 2026-09-24 09:15:01 ===
=== 2026-09-24 09:20:01 ===
=== 2026-09-24 09:25:01 ===
Traceback (most recent call last):
  File "/home/pi/netatmo/netatmo_climate.py", line 141, in <module>
    main()
    ~~~~^^
  File "/home/pi/netatmo/netatmo_climate.py", line 135, in main
    home, status = get_climate_data(access_token, HOME_ID)
                   ~~~~~~~~~~~~~~~~^^^^^^^^^^^^^^^^^^^^^^^
  File "/home/pi/netatmo/netatmo_climate.py", line 69, in get_climate_data
    r1.raise_for_status()
    ~~~~~~~~~~~~~~~~~~~^^
  File "/home/pi/netatmo/venv/lib/python3.13/site-packages/requests/models.py", line 1026, in raise_for_status
    raise HTTPError(http_error_msg, response=self)
requests.exceptions.HTTPError: 503 Server Error: Service Temporarily Unavailable for url: https://api.netatmo.com/api/homesdata
=== 2026-09-24 09:30:02 ===
=== 2026-09-24 09:35:02 ===
=== 2026-09-24 09:40:01 ===
Traceback (most recent call last):
  File "/home/pi/netatmo/netatmo_climate.py", line 141, in <module>
    main()
    ~~~~^^
  File "/home/pi/netatmo/netatmo_climate.py", line 135, in main
    home, status = get_climate_data(access_token, HOME_ID)
                   ~~~~~~~~~~~~~~~~^^^^^^^^^^^^^^^^^^^^^^^
  File "/home/pi/netatmo/netatmo_climate.py", line 69, in get_climate_data
    r1.raise_for_status()
    ~~~~~~~~~~~~~~~~~~~^^
  File "/home/pi/netatmo/venv/lib/python3.13/site-packages/requests/models.py", line 1026, in raise_for_status
    raise HTTPError(http_error_msg, response=self)
requests.exceptions.HTTPError: 503 Server Error: Service Temporarily Unavailable for url: https://api.netatmo.com/api/homesdata
=== 2026-09-24 09:45:01 ===
Traceback (most recent call last):
  File "/home/pi/netatmo/netatmo_climate.py", line 141, in <module>
    main()
    ~~~~^^
  File "/home/pi/netatmo/netatmo_climate.py", line 135, in main
    home, status = get_climate_data(access_token, HOME_ID)
                   ~~~~~~~~~~~~~~~~^^^^^^^^^^^^^^^^^^^^^^^
  File "/home/pi/netatmo/netatmo_climate.py", line 69, in get_climate_data
    r1.raise_for_status()
    ~~~~~~~~~~~~~~~~~~~^^
  File "/home/pi/netatmo/venv/lib/python3.13/site-packages/requests/models.py", line 1026, in raise_for_status
    raise HTTPError(http_error_msg, response=self)
requests.exceptions.HTTPError: 503 Server Error: Service Temporarily Unavailable for url: https://api.netatmo.com/api/homesdata
=== 2026-09-24 09:50:01 ===
=== 2026-09-24 09:55:01 ===
=== 2026-09-24 10:00:01 ===
Traceback (most recent call last):
  File "/home/pi/netatmo/netatmo_climate.py", line 141, in <module>
    main()
    ~~~~^^
  File "/home/pi/netatmo/netatmo_climate.py", line 135, in main
    home, status = get_climate_data(access_token, HOME_ID)
                   ~~~~~~~~~~~~~~~~^^^^^^^^^^^^^^^^^^^^^^^
  File "/home/pi/netatmo/netatmo_climate.py", line 69, in get_climate_data
    r1.raise_for_status()
    ~~~~~~~~~~~~~~~~~~~^^
  File "/home/pi/netatmo/venv/lib/python3.13/site-packages/requests/models.py", line 1026, in raise_for_status
    raise HTTPError(http_error_msg, response=self)
requests.exceptions.HTTPError: 503 Server Error: Service Temporarily Unavailable for url: https://api.netatmo.com/api/homesdata
=== 2026-09-24 10:05:01 ===
=== 2026-09-24 10:10:01 ===
=== 2026-09-24 10:15:01 ===
Traceback (most recent call last):
  File "/home/pi/netatmo/netatmo_climate.py", line 141, in <module>
    main()
    ~~~~^^
  File "/home/pi/netatmo/netatmo_climate.py", line 135, in main
    home, status = get_climate_data(access_token, HOME_ID)
                   ~~~~~~~~~~~~~~~~^^^^^^^^^^^^^^^^^^^^^^^
  File "/home/pi/netatmo/netatmo_climate.py", line 69, in get_climate_data
    r1.raise_for_status()
    ~~~~~~~~~~~~~~~~~~~^^
  File "/home/pi/netatmo/venv/lib/python3.13/site-packages/requests/models.py", line 1026, in raise_for_status
    raise HTTPError(http_error_msg, response=self)
requests.exceptions.HTTPError: 503 Server Error: Service Temporarily Unavailable for url: https://api.netatmo.com/api/homesdata
=== 2026-09-24 10:20:01 ===
Traceback (most recent call last):
  File "/home/pi/netatmo/netatmo_climate.py", line 141, in <module>
    main()
    ~~~~^^
  File "/home/pi/netatmo/netatmo_climate.py", line 135, in main
    home, status = get_climate_data(access_token, HOME_ID)
                   ~~~~~~~~~~~~~~~~^^^^^^^^^^^^^^^^^^^^^^^
  File "/home/pi/netatmo/netatmo_climate.py", line 69, in get_climate_data
    r1.raise_for_status()
    ~~~~~~~~~~~~~~~~~~~^^
  File "/home/pi/netatmo/venv/lib/python3.13/site-packages/requests/models.py", line 1026, in raise_for_status
    raise HTTPError(http_error_msg, response=self)
requests.exceptions.HTTPError: 503 Server Error: Service Temporarily Unavailable for url: https://api.netatmo.com/api/homesdata
=== 2026-09-24 10:25:01 ===
Traceback (most recent call last):
  File "/home/pi/netatmo/netatmo_climate.py", line 141, in <module>
    main()
    ~~~~^^
  File "/home/pi/netatmo/netatmo_climate.py", line 135, in main
    home, status = get_climate_data(access_token, HOME_ID)
                   ~~~~~~~~~~~~~~~~^^^^^^^^^^^^^^^^^^^^^^^
  File "/home/pi/netatmo/netatmo_climate.py", line 69, in get_climate_data
    r1.raise_for_status()
    ~~~~~~~~~~~~~~~~~~~^^
  File "/home/pi/netatmo/venv/lib/python3.13/site-packages/requests/models.py", line 1026, in raise_for_status
    raise HTTPError(http_error_msg, response=self)
requests.exceptions.HTTPError: 503 Server Error: Service Temporarily Unavailable for url: https://api.netatmo.com/api/homesdata
=== 2026-09-24 10:30:02 ===
Traceback (most recent call last):
  File "/home/pi/netatmo/netatmo_climate.py", line 141, in <module>
    main()
    ~~~~^^
  File "/home/pi/netatmo/netatmo_climate.py", line 135, in main
    home, status = get_climate_data(access_token, HOME_ID)
                   ~~~~~~~~~~~~~~~~^^^^^^^^^^^^^^^^^^^^^^^
  File "/home/pi/netatmo/netatmo_climate.py", line 69, in get_climate_data
    r1.raise_for_status()
    ~~~~~~~~~~~~~~~~~~~^^
  File "/home/pi/netatmo/venv/lib/python3.13/site-packages/requests/models.py", line 1026, in raise_for_status
    raise HTTPError(http_error_msg, response=self)
requests.exceptions.HTTPError: 503 Server Error: Service Temporarily Unavailable for url: https://api.netatmo.com/api/homesdata
=== 2026-09-24 10:35:02 ===
Traceback (most recent call last):
  File "/home/pi/netatmo/netatmo_climate.py", line 141, in <module>
    main()
    ~~~~^^
  File "/home/pi/netatmo/netatmo_climate.py", line 135, in main
    home, status = get_climate_data(access_token, HOME_ID)
                   ~~~~~~~~~~~~~~~~^^^^^^^^^^^^^^^^^^^^^^^
  File "/home/pi/netatmo/netatmo_climate.py", line 69, in get_climate_data
    r1.raise_for_status()
    ~~~~~~~~~~~~~~~~~~~^^
  File "/home/pi/netatmo/venv/lib/python3.13/site-packages/requests/models.py", line 1026, in raise_for_status
    raise HTTPError(http_error_msg, response=self)
requests.exceptions.HTTPError: 503 Server Error: Service Temporarily Unavailable for url: https://api.netatmo.com/api/homesdata
=== 2026-09-24 10:40:01 ===
Traceback (most recent call last):
  File "/home/pi/netatmo/netatmo_climate.py", line 141, in <module>
    main()
    ~~~~^^
  File "/home/pi/netatmo/netatmo_climate.py", line 135, in main
    home, status = get_climate_data(access_token, HOME_ID)
                   ~~~~~~~~~~~~~~~~^^^^^^^^^^^^^^^^^^^^^^^
  File "/home/pi/netatmo/netatmo_climate.py", line 69, in get_climate_data
    r1.raise_for_status()
    ~~~~~~~~~~~~~~~~~~~^^
  File "/home/pi/netatmo/venv/lib/python3.13/site-packages/requests/models.py", line 1026, in raise_for_status
    raise HTTPError(http_error_msg, response=self)
requests.exceptions.HTTPError: 503 Server Error: Service Temporarily Unavailable for url: https://api.netatmo.com/api/homesdata
=== 2026-09-24 10:45:01 ===
Traceback (most recent call last):
  File "/home/pi/netatmo/netatmo_climate.py", line 141, in <module>
    main()
    ~~~~^^
  File "/home/pi/netatmo/netatmo_climate.py", line 135, in main
    home, status = get_climate_data(access_token, HOME_ID)
                   ~~~~~~~~~~~~~~~~^^^^^^^^^^^^^^^^^^^^^^^
  File "/home/pi/netatmo/netatmo_climate.py", line 69, in get_climate_data
    r1.raise_for_status()
    ~~~~~~~~~~~~~~~~~~~^^
  File "/home/pi/netatmo/venv/lib/python3.13/site-packages/requests/models.py", line 1026, in raise_for_status
    raise HTTPError(http_error_msg, response=self)
requests.exceptions.HTTPError: 503 Server Error: Service Temporarily Unavailable for url: https://api.netatmo.com/api/homesdata
=== 2026-09-24 10:50:01 ===
=== 2026-09-24 10:55:01 ===
=== 2026-09-24 11:00:01 ===
Traceback (most recent call last):
  File "/home/pi/netatmo/netatmo_climate.py", line 141, in <module>
    main()
    ~~~~^^
  File "/home/pi/netatmo/netatmo_climate.py", line 134, in main
    access_token = get_access_token()
  File "/home/pi/netatmo/netatmo_climate.py", line 57, in get_access_token
    return refresh_access_token()
  File "/home/pi/netatmo/netatmo_climate.py", line 46, in refresh_access_token
    r.raise_for_status()
    ~~~~~~~~~~~~~~~~~~^^
  File "/home/pi/netatmo/venv/lib/python3.13/site-packages/requests/models.py", line 1026, in raise_for_status
    raise HTTPError(http_error_msg, response=self)
requests.exceptions.HTTPError: 503 Server Error: Service Unavailable for url: https://api.netatmo.com/oauth2/token
=== 2026-09-24 11:05:02 ===
=== 2026-09-24 11:10:01 ===
=== 2026-09-24 11:15:01 ===
=== 2026-09-24 11:20:02 ===
Traceback (most recent call last):
  File "/home/pi/netatmo/netatmo_climate.py", line 141, in <module>
    main()
    ~~~~^^
  File "/home/pi/netatmo/netatmo_climate.py", line 135, in main
    home, status = get_climate_data(access_token, HOME_ID)
                   ~~~~~~~~~~~~~~~~^^^^^^^^^^^^^^^^^^^^^^^
  File "/home/pi/netatmo/netatmo_climate.py", line 69, in get_climate_data
    r1.raise_for_status()
    ~~~~~~~~~~~~~~~~~~~^^
  File "/home/pi/netatmo/venv/lib/python3.13/site-packages/requests/models.py", line 1026, in raise_for_status
    raise HTTPError(http_error_msg, response=self)
requests.exceptions.HTTPError: 503 Server Error: Service Temporarily Unavailable for url: https://api.netatmo.com/api/homesdata
=== 2026-09-24 11:25:01 ===
=== 2026-09-24 11:30:01 ===
=== 2026-09-24 11:35:01 ===
=== 2026-09-24 11:40:02 ===
=== 2026-09-24 11:45:01 ===
=== 2026-09-24 11:50:01 ===
=== 2026-09-24 11:55:01 ===
=== 2026-09-24 12:00:02 ===
=== 2026-09-24 12:05:02 ===
=== 2026-09-24 12:10:01 ===
Traceback (most recent call last):
  File "/home/pi/netatmo/netatmo_climate.py", line 141, in <module>
    main()
    ~~~~^^
  File "/home/pi/netatmo/netatmo_climate.py", line 134, in main
    access_token = get_access_token()
  File "/home/pi/netatmo/netatmo_climate.py", line 57, in get_access_token
    return refresh_access_token()
  File "/home/pi/netatmo/netatmo_climate.py", line 46, in refresh_access_token
    r.raise_for_status()
    ~~~~~~~~~~~~~~~~~~^^
  File "/home/pi/netatmo/venv/lib/python3.13/site-packages/requests/models.py", line 1026, in raise_for_status
    raise HTTPError(http_error_msg, response=self)
requests.exceptions.HTTPError: 503 Server Error: Service Unavailable for url: https://api.netatmo.com/oauth2/token
=== 2026-09-24 12:15:01 ===
Traceback (most recent call last):
  File "/home/pi/netatmo/netatmo_climate.py", line 141, in <module>
    main()
    ~~~~^^
  File "/home/pi/netatmo/netatmo_climate.py", line 135, in main
    home, status = get_climate_data(access_token, HOME_ID)
                   ~~~~~~~~~~~~~~~~^^^^^^^^^^^^^^^^^^^^^^^
  File "/home/pi/netatmo/netatmo_climate.py", line 69, in get_climate_data
    r1.raise_for_status()
    ~~~~~~~~~~~~~~~~~~~^^
  File "/home/pi/netatmo/venv/lib/python3.13/site-packages/requests/models.py", line 1026, in raise_for_status
    raise HTTPError(http_error_msg, response=self)
requests.exceptions.HTTPError: 503 Server Error: Service Temporarily Unavailable for url: https://api.netatmo.com/api/homesdata
=== 2026-09-24 12:20:01 ===
Traceback (most recent call last):
  File "/home/pi/netatmo/netatmo_climate.py", line 141, in <module>
    main()
    ~~~~^^
  File "/home/pi/netatmo/netatmo_climate.py", line 135, in main
    home, status = get_climate_data(access_token, HOME_ID)
                   ~~~~~~~~~~~~~~~~^^^^^^^^^^^^^^^^^^^^^^^
  File "/home/pi/netatmo/netatmo_climate.py", line 69, in get_climate_data
    r1.raise_for_status()
    ~~~~~~~~~~~~~~~~~~~^^
  File "/home/pi/netatmo/venv/lib/python3.13/site-packages/requests/models.py", line 1026, in raise_for_status
    raise HTTPError(http_error_msg, response=self)
requests.exceptions.HTTPError: 503 Server Error: Service Temporarily Unavailable for url: https://api.netatmo.com/api/homesdata
=== 2026-09-24 12:25:01 ===
=== 2026-09-24 12:30:01 ===
Traceback (most recent call last):
  File "/home/pi/netatmo/netatmo_climate.py", line 141, in <module>
    main()
    ~~~~^^
  File "/home/pi/netatmo/netatmo_climate.py", line 134, in main
    access_token = get_access_token()
  File "/home/pi/netatmo/netatmo_climate.py", line 57, in get_access_token
    return refresh_access_token()
  File "/home/pi/netatmo/netatmo_climate.py", line 46, in refresh_access_token
    r.raise_for_status()
    ~~~~~~~~~~~~~~~~~~^^
  File "/home/pi/netatmo/venv/lib/python3.13/site-packages/requests/models.py", line 1026, in raise_for_status
    raise HTTPError(http_error_msg, response=self)
requests.exceptions.HTTPError: 503 Server Error: Service Unavailable for url: https://api.netatmo.com/oauth2/token
=== 2026-09-24 12:35:01 ===
=== 2026-09-24 12:40:01 ===
Traceback (most recent call last):
  File "/home/pi/netatmo/netatmo_climate.py", line 141, in <module>
    main()
    ~~~~^^
  File "/home/pi/netatmo/netatmo_climate.py", line 134, in main
    access_token = get_access_token()
  File "/home/pi/netatmo/netatmo_climate.py", line 57, in get_access_token
    return refresh_access_token()
  File "/home/pi/netatmo/netatmo_climate.py", line 46, in refresh_access_token
    r.raise_for_status()
    ~~~~~~~~~~~~~~~~~~^^
  File "/home/pi/netatmo/venv/lib/python3.13/site-packages/requests/models.py", line 1026, in raise_for_status
    raise HTTPError(http_error_msg, response=self)
requests.exceptions.HTTPError: 503 Server Error: Service Unavailable for url: https://api.netatmo.com/oauth2/token
=== 2026-09-24 12:45:02 ===
=== 2026-09-24 12:50:01 ===
Traceback (most recent call last):
  File "/home/pi/netatmo/netatmo_climate.py", line 141, in <module>
    main()
    ~~~~^^
  File "/home/pi/netatmo/netatmo_climate.py", line 134, in main
    access_token = get_access_token()
  File "/home/pi/netatmo/netatmo_climate.py", line 57, in get_access_token
    return refresh_access_token()
  File "/home/pi/netatmo/netatmo_climate.py", line 46, in refresh_access_token
    r.raise_for_status()
    ~~~~~~~~~~~~~~~~~~^^
  File "/home/pi/netatmo/venv/lib/python3.13/site-packages/requests/models.py", line 1026, in raise_for_status
    raise HTTPError(http_error_msg, response=self)
requests.exceptions.HTTPError: 503 Server Error: Service Unavailable for url: https://api.netatmo.com/oauth2/token
=== 2026-09-24 12:55:01 ===
=== 2026-09-24 13:00:01 ===
Traceback (most recent call last):
  File "/home/pi/netatmo/netatmo_climate.py", line 141, in <module>
    main()
    ~~~~^^
  File "/home/pi/netatmo/netatmo_climate.py", line 134, in main
    access_token = get_access_token()
  File "/home/pi/netatmo/netatmo_climate.py", line 57, in get_access_token
    return refresh_access_token()
  File "/home/pi/netatmo/netatmo_climate.py", line 46, in refresh_access_token
    r.raise_for_status()
    ~~~~~~~~~~~~~~~~~~^^
  File "/home/pi/netatmo/venv/lib/python3.13/site-packages/requests/models.py", line 1026, in raise_for_status
    raise HTTPError(http_error_msg, response=self)
requests.exceptions.HTTPError: 503 Server Error: Service Unavailable for url: https://api.netatmo.com/oauth2/token
=== 2026-09-24 13:05:01 ===
=== 2026-09-24 13:10:02 ===
Traceback (most recent call last):
  File "/home/pi/netatmo/netatmo_climate.py", line 141, in <module>
    main()
    ~~~~^^
  File "/home/pi/netatmo/netatmo_climate.py", line 134, in main
    access_token = get_access_token()
  File "/home/pi/netatmo/netatmo_climate.py", line 57, in get_access_token
    return refresh_access_token()
  File "/home/pi/netatmo/netatmo_climate.py", line 46, in refresh_access_token
    r.raise_for_status()
    ~~~~~~~~~~~~~~~~~~^^
  File "/home/pi/netatmo/venv/lib/python3.13/site-packages/requests/models.py", line 1026, in raise_for_status
    raise HTTPError(http_error_msg, response=self)
requests.exceptions.HTTPError: 503 Server Error: Service Unavailable for url: https://api.netatmo.com/oauth2/token
=== 2026-09-24 13:15:01 ===
=== 2026-09-24 13:20:01 ===
=== 2026-09-24 13:25:01 ===
=== 2026-09-24 13:30:01 ===
Traceback (most recent call last):
  File "/home/pi/netatmo/netatmo_climate.py", line 141, in <module>
    main()
    ~~~~^^
  File "/home/pi/netatmo/netatmo_climate.py", line 134, in main
    access_token = get_access_token()
  File "/home/pi/netatmo/netatmo_climate.py", line 57, in get_access_token
    return refresh_access_token()
  File "/home/pi/netatmo/netatmo_climate.py", line 46, in refresh_access_token
    r.raise_for_status()
    ~~~~~~~~~~~~~~~~~~^^
  File "/home/pi/netatmo/venv/lib/python3.13/site-packages/requests/models.py", line 1026, in raise_for_status
    raise HTTPError(http_error_msg, response=self)
requests.exceptions.HTTPError: 503 Server Error: Service Unavailable for url: https://api.netatmo.com/oauth2/token
=== 2026-09-24 13:35:01 ===
=== 2026-09-24 13:40:01 ===
Traceback (most recent call last):
  File "/home/pi/netatmo/netatmo_climate.py", line 141, in <module>
    main()
    ~~~~^^
  File "/home/pi/netatmo/netatmo_climate.py", line 135, in main
    home, status = get_climate_data(access_token, HOME_ID)
                   ~~~~~~~~~~~~~~~~^^^^^^^^^^^^^^^^^^^^^^^
  File "/home/pi/netatmo/netatmo_climate.py", line 69, in get_climate_data
    r1.raise_for_status()
    ~~~~~~~~~~~~~~~~~~~^^
  File "/home/pi/netatmo/venv/lib/python3.13/site-packages/requests/models.py", line 1026, in raise_for_status
    raise HTTPError(http_error_msg, response=self)
requests.exceptions.HTTPError: 503 Server Error: Service Temporarily Unavailable for url: https://api.netatmo.com/api/homesdata
=== 2026-09-24 13:45:01 ===
=== 2026-09-24 13:50:02 ===
=== 2026-09-24 13:55:01 ===
=== 2026-09-24 14:00:01 ===
Traceback (most recent call last):
  File "/home/pi/netatmo/netatmo_climate.py", line 141, in <module>
    main()
    ~~~~^^
  File "/home/pi/netatmo/netatmo_climate.py", line 134, in main
    access_token = get_access_token()
  File "/home/pi/netatmo/netatmo_climate.py", line 57, in get_access_token
    return refresh_access_token()
  File "/home/pi/netatmo/netatmo_climate.py", line 46, in refresh_access_token
    r.raise_for_status()
    ~~~~~~~~~~~~~~~~~~^^
  File "/home/pi/netatmo/venv/lib/python3.13/site-packages/requests/models.py", line 1026, in raise_for_status
    raise HTTPError(http_error_msg, response=self)
requests.exceptions.HTTPError: 503 Server Error: Service Unavailable for url: https://api.netatmo.com/oauth2/token
=== 2026-09-24 14:05:01 ===
=== 2026-09-24 14:10:01 ===
Traceback (most recent call last):
  File "/home/pi/netatmo/netatmo_climate.py", line 141, in <module>
    main()
    ~~~~^^
  File "/home/pi/netatmo/netatmo_climate.py", line 134, in main
    access_token = get_access_token()
  File "/home/pi/netatmo/netatmo_climate.py", line 57, in get_access_token
    return refresh_access_token()
  File "/home/pi/netatmo/netatmo_climate.py", line 46, in refresh_access_token
    r.raise_for_status()
    ~~~~~~~~~~~~~~~~~~^^
  File "/home/pi/netatmo/venv/lib/python3.13/site-packages/requests/models.py", line 1026, in raise_for_status
    raise HTTPError(http_error_msg, response=self)
requests.exceptions.HTTPError: 503 Server Error: Service Unavailable for url: https://api.netatmo.com/oauth2/token
=== 2026-09-24 14:15:01 ===
=== 2026-09-24 14:20:01 ===
=== 2026-09-24 14:25:01 ===
=== 2026-09-24 14:30:01 ===
=== 2026-09-24 14:35:01 ===
=== 2026-09-24 14:40:02 ===
Traceback (most recent call last):
  File "/home/pi/netatmo/netatmo_climate.py", line 141, in <module>
    main()
    ~~~~^^
  File "/home/pi/netatmo/netatmo_climate.py", line 135, in main
    home, status = get_climate_data(access_token, HOME_ID)
                   ~~~~~~~~~~~~~~~~^^^^^^^^^^^^^^^^^^^^^^^
  File "/home/pi/netatmo/netatmo_climate.py", line 69, in get_climate_data
    r1.raise_for_status()
    ~~~~~~~~~~~~~~~~~~~^^
  File "/home/pi/netatmo/venv/lib/python3.13/site-packages/requests/models.py", line 1026, in raise_for_status
    raise HTTPError(http_error_msg, response=self)
requests.exceptions.HTTPError: 503 Server Error: Service Temporarily Unavailable for url: https://api.netatmo.com/api/homesdata
=== 2026-09-24 14:45:01 ===
Traceback (most recent call last):
  File "/home/pi/netatmo/netatmo_climate.py", line 141, in <module>
    main()
    ~~~~^^
  File "/home/pi/netatmo/netatmo_climate.py", line 135, in main
    home, status = get_climate_data(access_token, HOME_ID)
                   ~~~~~~~~~~~~~~~~^^^^^^^^^^^^^^^^^^^^^^^
  File "/home/pi/netatmo/netatmo_climate.py", line 69, in get_climate_data
    r1.raise_for_status()
    ~~~~~~~~~~~~~~~~~~~^^
  File "/home/pi/netatmo/venv/lib/python3.13/site-packages/requests/models.py", line 1026, in raise_for_status
    raise HTTPError(http_error_msg, response=self)
requests.exceptions.HTTPError: 503 Server Error: Service Temporarily Unavailable for url: https://api.netatmo.com/api/homesdata
=== 2026-09-24 14:50:01 ===
Traceback (most recent call last):
  File "/home/pi/netatmo/netatmo_climate.py", line 141, in <module>
    main()
    ~~~~^^
  File "/home/pi/netatmo/netatmo_climate.py", line 135, in main
    home, status = get_climate_data(access_token, HOME_ID)
                   ~~~~~~~~~~~~~~~~^^^^^^^^^^^^^^^^^^^^^^^
  File "/home/pi/netatmo/netatmo_climate.py", line 69, in get_climate_data
    r1.raise_for_status()
    ~~~~~~~~~~~~~~~~~~~^^
  File "/home/pi/netatmo/venv/lib/python3.13/site-packages/requests/models.py", line 1026, in raise_for_status
    raise HTTPError(http_error_msg, response=self)
requests.exceptions.HTTPError: 503 Server Error: Service Temporarily Unavailable for url: https://api.netatmo.com/api/homesdata
=== 2026-09-24 14:55:01 ===
Traceback (most recent call last):
  File "/home/pi/netatmo/netatmo_climate.py", line 141, in <module>
    main()
    ~~~~^^
  File "/home/pi/netatmo/netatmo_climate.py", line 135, in main
    home, status = get_climate_data(access_token, HOME_ID)
                   ~~~~~~~~~~~~~~~~^^^^^^^^^^^^^^^^^^^^^^^
  File "/home/pi/netatmo/netatmo_climate.py", line 69, in get_climate_data
    r1.raise_for_status()
    ~~~~~~~~~~~~~~~~~~~^^
  File "/home/pi/netatmo/venv/lib/python3.13/site-packages/requests/models.py", line 1026, in raise_for_status
    raise HTTPError(http_error_msg, response=self)
requests.exceptions.HTTPError: 503 Server Error: Service Temporarily Unavailable for url: https://api.netatmo.com/api/homesdata
=== 2026-09-24 15:00:01 ===
Traceback (most recent call last):
  File "/home/pi/netatmo/netatmo_climate.py", line 141, in <module>
    main()
    ~~~~^^
  File "/home/pi/netatmo/netatmo_climate.py", line 135, in main
    home, status = get_climate_data(access_token, HOME_ID)
                   ~~~~~~~~~~~~~~~~^^^^^^^^^^^^^^^^^^^^^^^
  File "/home/pi/netatmo/netatmo_climate.py", line 69, in get_climate_data
    r1.raise_for_status()
    ~~~~~~~~~~~~~~~~~~~^^
  File "/home/pi/netatmo/venv/lib/python3.13/site-packages/requests/models.py", line 1026, in raise_for_status
    raise HTTPError(http_error_msg, response=self)
requests.exceptions.HTTPError: 503 Server Error: Service Temporarily Unavailable for url: https://api.netatmo.com/api/homesdata
=== 2026-09-24 15:05:02 ===
=== 2026-09-24 15:10:02 ===
=== 2026-09-24 15:15:01 ===
=== 2026-09-24 15:20:01 ===
=== 2026-09-24 15:25:01 ===
=== 2026-09-24 15:30:01 ===
=== 2026-09-24 15:35:01 ===
=== 2026-09-24 15:40:01 ===
Traceback (most recent call last):
  File "/home/pi/netatmo/netatmo_climate.py", line 141, in <module>
    main()
    ~~~~^^
  File "/home/pi/netatmo/netatmo_climate.py", line 134, in main
    access_token = get_access_token()
  File "/home/pi/netatmo/netatmo_climate.py", line 57, in get_access_token
    return refresh_access_token()
  File "/home/pi/netatmo/netatmo_climate.py", line 46, in refresh_access_token
    r.raise_for_status()
    ~~~~~~~~~~~~~~~~~~^^
  File "/home/pi/netatmo/venv/lib/python3.13/site-packages/requests/models.py", line 1026, in raise_for_status
    raise HTTPError(http_error_msg, response=self)
requests.exceptions.HTTPError: 503 Server Error: Service Unavailable for url: https://api.netatmo.com/oauth2/token
=== 2026-09-24 15:45:01 ===
=== 2026-09-24 15:50:02 ===
=== 2026-09-24 15:55:01 ===
=== 2026-09-24 16:00:01 ===
Traceback (most recent call last):
  File "/home/pi/netatmo/netatmo_climate.py", line 141, in <module>
    main()
    ~~~~^^
  File "/home/pi/netatmo/netatmo_climate.py", line 135, in main
    home, status = get_climate_data(access_token, HOME_ID)
                   ~~~~~~~~~~~~~~~~^^^^^^^^^^^^^^^^^^^^^^^
  File "/home/pi/netatmo/netatmo_climate.py", line 69, in get_climate_data
    r1.raise_for_status()
    ~~~~~~~~~~~~~~~~~~~^^
  File "/home/pi/netatmo/venv/lib/python3.13/site-packages/requests/models.py", line 1026, in raise_for_status
    raise HTTPError(http_error_msg, response=self)
requests.exceptions.HTTPError: 503 Server Error: Service Temporarily Unavailable for url: https://api.netatmo.com/api/homesdata
=== 2026-09-24 16:05:01 ===
=== 2026-09-24 16:10:01 ===
Traceback (most recent call last):
  File "/home/pi/netatmo/netatmo_climate.py", line 141, in <module>
    main()
    ~~~~^^
  File "/home/pi/netatmo/netatmo_climate.py", line 134, in main
    access_token = get_access_token()
  File "/home/pi/netatmo/netatmo_climate.py", line 57, in get_access_token
    return refresh_access_token()
  File "/home/pi/netatmo/netatmo_climate.py", line 46, in refresh_access_token
    r.raise_for_status()
    ~~~~~~~~~~~~~~~~~~^^
  File "/home/pi/netatmo/venv/lib/python3.13/site-packages/requests/models.py", line 1026, in raise_for_status
    raise HTTPError(http_error_msg, response=self)
requests.exceptions.HTTPError: 503 Server Error: Service Unavailable for url: https://api.netatmo.com/oauth2/token
=== 2026-09-24 16:15:01 ===
Traceback (most recent call last):
  File "/home/pi/netatmo/netatmo_climate.py", line 141, in <module>
    main()
    ~~~~^^
  File "/home/pi/netatmo/netatmo_climate.py", line 135, in main
    home, status = get_climate_data(access_token, HOME_ID)
                   ~~~~~~~~~~~~~~~~^^^^^^^^^^^^^^^^^^^^^^^
  File "/home/pi/netatmo/netatmo_climate.py", line 69, in get_climate_data
    r1.raise_for_status()
    ~~~~~~~~~~~~~~~~~~~^^
  File "/home/pi/netatmo/venv/lib/python3.13/site-packages/requests/models.py", line 1026, in raise_for_status
    raise HTTPError(http_error_msg, response=self)
requests.exceptions.HTTPError: 503 Server Error: Service Temporarily Unavailable for url: https://api.netatmo.com/api/homesdata
=== 2026-09-24 16:20:01 ===
=== 2026-09-24 16:25:01 ===
=== 2026-09-24 16:30:02 ===
Traceback (most recent call last):
  File "/home/pi/netatmo/netatmo_climate.py", line 141, in <module>
    main()
    ~~~~^^
  File "/home/pi/netatmo/netatmo_climate.py", line 135, in main
    home, status = get_climate_data(access_token, HOME_ID)
                   ~~~~~~~~~~~~~~~~^^^^^^^^^^^^^^^^^^^^^^^
  File "/home/pi/netatmo/netatmo_climate.py", line 69, in get_climate_data
    r1.raise_for_status()
    ~~~~~~~~~~~~~~~~~~~^^
  File "/home/pi/netatmo/venv/lib/python3.13/site-packages/requests/models.py", line 1026, in raise_for_status
    raise HTTPError(http_error_msg, response=self)
requests.exceptions.HTTPError: 503 Server Error: Service Temporarily Unavailable for url: https://api.netatmo.com/api/homesdata
=== 2026-09-24 16:35:02 ===
=== 2026-09-24 16:40:01 ===
=== 2026-09-24 16:45:01 ===
Traceback (most recent call last):
  File "/home/pi/netatmo/netatmo_climate.py", line 141, in <module>
    main()
    ~~~~^^
  File "/home/pi/netatmo/netatmo_climate.py", line 135, in main
    home, status = get_climate_data(access_token, HOME_ID)
                   ~~~~~~~~~~~~~~~~^^^^^^^^^^^^^^^^^^^^^^^
  File "/home/pi/netatmo/netatmo_climate.py", line 69, in get_climate_data
    r1.raise_for_status()
    ~~~~~~~~~~~~~~~~~~~^^
  File "/home/pi/netatmo/venv/lib/python3.13/site-packages/requests/models.py", line 1026, in raise_for_status
    raise HTTPError(http_error_msg, response=self)
requests.exceptions.HTTPError: 503 Server Error: Service Temporarily Unavailable for url: https://api.netatmo.com/api/homesdata
=== 2026-09-24 16:50:01 ===
Traceback (most recent call last):
  File "/home/pi/netatmo/netatmo_climate.py", line 141, in <module>
    main()
    ~~~~^^
  File "/home/pi/netatmo/netatmo_climate.py", line 135, in main
    home, status = get_climate_data(access_token, HOME_ID)
                   ~~~~~~~~~~~~~~~~^^^^^^^^^^^^^^^^^^^^^^^
  File "/home/pi/netatmo/netatmo_climate.py", line 69, in get_climate_data
    r1.raise_for_status()
    ~~~~~~~~~~~~~~~~~~~^^
  File "/home/pi/netatmo/venv/lib/python3.13/site-packages/requests/models.py", line 1026, in raise_for_status
    raise HTTPError(http_error_msg, response=self)
requests.exceptions.HTTPError: 503 Server Error: Service Temporarily Unavailable for url: https://api.netatmo.com/api/homesdata
=== 2026-09-24 16:55:01 ===
Traceback (most recent call last):
  File "/home/pi/netatmo/netatmo_climate.py", line 141, in <module>
    main()
    ~~~~^^
  File "/home/pi/netatmo/netatmo_climate.py", line 135, in main
    home, status = get_climate_data(access_token, HOME_ID)
                   ~~~~~~~~~~~~~~~~^^^^^^^^^^^^^^^^^^^^^^^
  File "/home/pi/netatmo/netatmo_climate.py", line 69, in get_climate_data
    r1.raise_for_status()
    ~~~~~~~~~~~~~~~~~~~^^
  File "/home/pi/netatmo/venv/lib/python3.13/site-packages/requests/models.py", line 1026, in raise_for_status
    raise HTTPError(http_error_msg, response=self)
requests.exceptions.HTTPError: 503 Server Error: Service Temporarily Unavailable for url: https://api.netatmo.com/api/homesdata
=== 2026-09-24 17:00:02 ===
Traceback (most recent call last):
  File "/home/pi/netatmo/netatmo_climate.py", line 141, in <module>
    main()
    ~~~~^^
  File "/home/pi/netatmo/netatmo_climate.py", line 135, in main
    home, status = get_climate_data(access_token, HOME_ID)
                   ~~~~~~~~~~~~~~~~^^^^^^^^^^^^^^^^^^^^^^^
  File "/home/pi/netatmo/netatmo_climate.py", line 69, in get_climate_data
    r1.raise_for_status()
    ~~~~~~~~~~~~~~~~~~~^^
  File "/home/pi/netatmo/venv/lib/python3.13/site-packages/requests/models.py", line 1026, in raise_for_status
    raise HTTPError(http_error_msg, response=self)
requests.exceptions.HTTPError: 503 Server Error: Service Temporarily Unavailable for url: https://api.netatmo.com/api/homesdata
=== 2026-09-24 17:05:01 ===
=== 2026-09-24 17:10:01 ===
Traceback (most recent call last):
  File "/home/pi/netatmo/netatmo_climate.py", line 141, in <module>
    main()
    ~~~~^^
  File "/home/pi/netatmo/netatmo_climate.py", line 134, in main
    access_token = get_access_token()
  File "/home/pi/netatmo/netatmo_climate.py", line 57, in get_access_token
    return refresh_access_token()
  File "/home/pi/netatmo/netatmo_climate.py", line 46, in refresh_access_token
    r.raise_for_status()
    ~~~~~~~~~~~~~~~~~~^^
  File "/home/pi/netatmo/venv/lib/python3.13/site-packages/requests/models.py", line 1026, in raise_for_status
    raise HTTPError(http_error_msg, response=self)
requests.exceptions.HTTPError: 503 Server Error: Service Unavailable for url: https://api.netatmo.com/oauth2/token
=== 2026-09-24 17:15:01 ===
Traceback (most recent call last):
  File "/home/pi/netatmo/venv/lib/python3.13/site-packages/urllib3/connection.py", line 204, in _new_conn
    sock = connection.create_connection(
        (self._dns_host, self.port),
    ...<2 lines>...
        socket_options=self.socket_options,
    )
  File "/home/pi/netatmo/venv/lib/python3.13/site-packages/urllib3/util/connection.py", line 60, in create_connection
    for res in socket.getaddrinfo(host, port, family, socket.SOCK_STREAM):
               ~~~~~~~~~~~~~~~~~~^^^^^^^^^^^^^^^^^^^^^^^^^^^^^^^^^^^^^^^^
  File "/usr/lib/python3.13/socket.py", line 977, in getaddrinfo
    for res in _socket.getaddrinfo(host, port, family, type, proto, flags):
               ~~~~~~~~~~~~~~~~~~~^^^^^^^^^^^^^^^^^^^^^^^^^^^^^^^^^^^^^^^^
socket.gaierror: [Errno -3] Temporary failure in name resolution

The above exception was the direct cause of the following exception:

Traceback (most recent call last):
  File "/home/pi/netatmo/venv/lib/python3.13/site-packages/urllib3/connectionpool.py", line 787, in urlopen
    response = self._make_request(
        conn,
    ...<10 lines>...
        **response_kw,
    )
  File "/home/pi/netatmo/venv/lib/python3.13/site-packages/urllib3/connectionpool.py", line 488, in _make_request
    raise new_e
  File "/home/pi/netatmo/venv/lib/python3.13/site-packages/urllib3/connectionpool.py", line 464, in _make_request
    self._validate_conn(conn)
    ~~~~~~~~~~~~~~~~~~~^^^^^^
  File "/home/pi/netatmo/venv/lib/python3.13/site-packages/urllib3/connectionpool.py", line 1093, in _validate_conn
    conn.connect()
    ~~~~~~~~~~~~^^
  File "/home/pi/netatmo/venv/lib/python3.13/site-packages/urllib3/connection.py", line 759, in connect
    self.sock = sock = self._new_conn()
                       ~~~~~~~~~~~~~~^^
  File "/home/pi/netatmo/venv/lib/python3.13/site-packages/urllib3/connection.py", line 211, in _new_conn
    raise NameResolutionError(self.host, self, e) from e
urllib3.exceptions.NameResolutionError: HTTPSConnection(host='api.netatmo.com', port=443): Failed to resolve 'api.netatmo.com' ([Errno -3] Temporary failure in name resolution)

The above exception was the direct cause of the following exception:

Traceback (most recent call last):
  File "/home/pi/netatmo/venv/lib/python3.13/site-packages/requests/adapters.py", line 644, in send
    resp = conn.urlopen(
        method=request.method,
    ...<9 lines>...
        chunked=chunked,
    )
  File "/home/pi/netatmo/venv/lib/python3.13/site-packages/urllib3/connectionpool.py", line 841, in urlopen
    retries = retries.increment(
        method, url, error=new_e, _pool=self, _stacktrace=sys.exc_info()[2]
    )
  File "/home/pi/netatmo/venv/lib/python3.13/site-packages/urllib3/util/retry.py", line 535, in increment
    raise MaxRetryError(_pool, url, reason) from reason  # type: ignore[arg-type]
    ^^^^^^^^^^^^^^^^^^^^^^^^^^^^^^^^^^^^^^^^^^^^^^^^^^^
urllib3.exceptions.MaxRetryError: HTTPSConnectionPool(host='api.netatmo.com', port=443): Max retries exceeded with url: /oauth2/token (Caused by NameResolutionError("HTTPSConnection(host='api.netatmo.com', port=443): Failed to resolve 'api.netatmo.com' ([Errno -3] Temporary failure in name resolution)"))

During handling of the above exception, another exception occurred:

Traceback (most recent call last):
  File "/home/pi/netatmo/netatmo_climate.py", line 141, in <module>
    main()
    ~~~~^^
  File "/home/pi/netatmo/netatmo_climate.py", line 134, in main
    access_token = get_access_token()
  File "/home/pi/netatmo/netatmo_climate.py", line 57, in get_access_token
    return refresh_access_token()
  File "/home/pi/netatmo/netatmo_climate.py", line 45, in refresh_access_token
    r = requests.post(url, data=data)
  File "/home/pi/netatmo/venv/lib/python3.13/site-packages/requests/api.py", line 115, in post
    return request("post", url, data=data, json=json, **kwargs)
  File "/home/pi/netatmo/venv/lib/python3.13/site-packages/requests/api.py", line 59, in request
    return session.request(method=method, url=url, **kwargs)
           ~~~~~~~~~~~~~~~^^^^^^^^^^^^^^^^^^^^^^^^^^^^^^^^^^
  File "/home/pi/netatmo/venv/lib/python3.13/site-packages/requests/sessions.py", line 589, in request
    resp = self.send(prep, **send_kwargs)
  File "/home/pi/netatmo/venv/lib/python3.13/site-packages/requests/sessions.py", line 703, in send
    r = adapter.send(request, **kwargs)
  File "/home/pi/netatmo/venv/lib/python3.13/site-packages/requests/adapters.py", line 677, in send
    raise ConnectionError(e, request=request)
requests.exceptions.ConnectionError: HTTPSConnectionPool(host='api.netatmo.com', port=443): Max retries exceeded with url: /oauth2/token (Caused by NameResolutionError("HTTPSConnection(host='api.netatmo.com', port=443): Failed to resolve 'api.netatmo.com' ([Errno -3] Temporary failure in name resolution)"))
=== 2026-09-24 17:20:01 ===
=== 2026-09-24 17:25:01 ===
Traceback (most recent call last):
  File "/home/pi/netatmo/netatmo_climate.py", line 141, in <module>
    main()
    ~~~~^^
  File "/home/pi/netatmo/netatmo_climate.py", line 135, in main
    home, status = get_climate_data(access_token, HOME_ID)
                   ~~~~~~~~~~~~~~~~^^^^^^^^^^^^^^^^^^^^^^^
  File "/home/pi/netatmo/netatmo_climate.py", line 69, in get_climate_data
    r1.raise_for_status()
    ~~~~~~~~~~~~~~~~~~~^^
  File "/home/pi/netatmo/venv/lib/python3.13/site-packages/requests/models.py", line 1026, in raise_for_status
    raise HTTPError(http_error_msg, response=self)
requests.exceptions.HTTPError: 503 Server Error: Service Temporarily Unavailable for url: https://api.netatmo.com/api/homesdata
=== 2026-09-24 17:30:01 ===
Traceback (most recent call last):
  File "/home/pi/netatmo/netatmo_climate.py", line 141, in <module>
    main()
    ~~~~^^
  File "/home/pi/netatmo/netatmo_climate.py", line 134, in main
    access_token = get_access_token()
  File "/home/pi/netatmo/netatmo_climate.py", line 57, in get_access_token
    return refresh_access_token()
  File "/home/pi/netatmo/netatmo_climate.py", line 46, in refresh_access_token
    r.raise_for_status()
    ~~~~~~~~~~~~~~~~~~^^
  File "/home/pi/netatmo/venv/lib/python3.13/site-packages/requests/models.py", line 1026, in raise_for_status
    raise HTTPError(http_error_msg, response=self)
requests.exceptions.HTTPError: 503 Server Error: Service Unavailable for url: https://api.netatmo.com/oauth2/token
=== 2026-09-24 17:35:01 ===
Traceback (most recent call last):
  File "/home/pi/netatmo/netatmo_climate.py", line 141, in <module>
    main()
    ~~~~^^
  File "/home/pi/netatmo/netatmo_climate.py", line 135, in main
    home, status = get_climate_data(access_token, HOME_ID)
                   ~~~~~~~~~~~~~~~~^^^^^^^^^^^^^^^^^^^^^^^
  File "/home/pi/netatmo/netatmo_climate.py", line 69, in get_climate_data
    r1.raise_for_status()
    ~~~~~~~~~~~~~~~~~~~^^
  File "/home/pi/netatmo/venv/lib/python3.13/site-packages/requests/models.py", line 1026, in raise_for_status
    raise HTTPError(http_error_msg, response=self)
requests.exceptions.HTTPError: 503 Server Error: Service Temporarily Unavailable for url: https://api.netatmo.com/api/homesdata
=== 2026-09-24 17:40:01 ===
Traceback (most recent call last):
  File "/home/pi/netatmo/netatmo_climate.py", line 141, in <module>
    main()
    ~~~~^^
  File "/home/pi/netatmo/netatmo_climate.py", line 135, in main
    home, status = get_climate_data(access_token, HOME_ID)
                   ~~~~~~~~~~~~~~~~^^^^^^^^^^^^^^^^^^^^^^^
  File "/home/pi/netatmo/netatmo_climate.py", line 69, in get_climate_data
    r1.raise_for_status()
    ~~~~~~~~~~~~~~~~~~~^^
  File "/home/pi/netatmo/venv/lib/python3.13/site-packages/requests/models.py", line 1026, in raise_for_status
    raise HTTPError(http_error_msg, response=self)
requests.exceptions.HTTPError: 503 Server Error: Service Temporarily Unavailable for url: https://api.netatmo.com/api/homesdata
=== 2026-09-24 17:45:01 ===
Traceback (most recent call last):
  File "/home/pi/netatmo/netatmo_climate.py", line 141, in <module>
    main()
    ~~~~^^
  File "/home/pi/netatmo/netatmo_climate.py", line 135, in main
    home, status = get_climate_data(access_token, HOME_ID)
                   ~~~~~~~~~~~~~~~~^^^^^^^^^^^^^^^^^^^^^^^
  File "/home/pi/netatmo/netatmo_climate.py", line 69, in get_climate_data
    r1.raise_for_status()
    ~~~~~~~~~~~~~~~~~~~^^
  File "/home/pi/netatmo/venv/lib/python3.13/site-packages/requests/models.py", line 1026, in raise_for_status
    raise HTTPError(http_error_msg, response=self)
requests.exceptions.HTTPError: 503 Server Error: Service Temporarily Unavailable for url: https://api.netatmo.com/api/homesdata
=== 2026-09-24 17:50:01 ===
=== 2026-09-24 17:55:02 ===
=== 2026-09-24 18:00:01 ===
Traceback (most recent call last):
  File "/home/pi/netatmo/netatmo_climate.py", line 141, in <module>
    main()
    ~~~~^^
  File "/home/pi/netatmo/netatmo_climate.py", line 134, in main
    access_token = get_access_token()
  File "/home/pi/netatmo/netatmo_climate.py", line 57, in get_access_token
    return refresh_access_token()
  File "/home/pi/netatmo/netatmo_climate.py", line 46, in refresh_access_token
    r.raise_for_status()
    ~~~~~~~~~~~~~~~~~~^^
  File "/home/pi/netatmo/venv/lib/python3.13/site-packages/requests/models.py", line 1026, in raise_for_status
    raise HTTPError(http_error_msg, response=self)
requests.exceptions.HTTPError: 503 Server Error: Service Unavailable for url: https://api.netatmo.com/oauth2/token
=== 2026-09-24 18:05:01 ===
=== 2026-09-24 18:10:01 ===
Traceback (most recent call last):
  File "/home/pi/netatmo/netatmo_climate.py", line 141, in <module>
    main()
    ~~~~^^
  File "/home/pi/netatmo/netatmo_climate.py", line 135, in main
    home, status = get_climate_data(access_token, HOME_ID)
                   ~~~~~~~~~~~~~~~~^^^^^^^^^^^^^^^^^^^^^^^
  File "/home/pi/netatmo/netatmo_climate.py", line 69, in get_climate_data
    r1.raise_for_status()
    ~~~~~~~~~~~~~~~~~~~^^
  File "/home/pi/netatmo/venv/lib/python3.13/site-packages/requests/models.py", line 1026, in raise_for_status
    raise HTTPError(http_error_msg, response=self)
requests.exceptions.HTTPError: 503 Server Error: Service Temporarily Unavailable for url: https://api.netatmo.com/api/homesdata
=== 2026-09-24 18:15:02 ===
Traceback (most recent call last):
  File "/home/pi/netatmo/netatmo_climate.py", line 141, in <module>
    main()
    ~~~~^^
  File "/home/pi/netatmo/netatmo_climate.py", line 135, in main
    home, status = get_climate_data(access_token, HOME_ID)
                   ~~~~~~~~~~~~~~~~^^^^^^^^^^^^^^^^^^^^^^^
  File "/home/pi/netatmo/netatmo_climate.py", line 69, in get_climate_data
    r1.raise_for_status()
    ~~~~~~~~~~~~~~~~~~~^^
  File "/home/pi/netatmo/venv/lib/python3.13/site-packages/requests/models.py", line 1026, in raise_for_status
    raise HTTPError(http_error_msg, response=self)
requests.exceptions.HTTPError: 503 Server Error: Service Temporarily Unavailable for url: https://api.netatmo.com/api/homesdata
=== 2026-09-24 18:20:01 ===
Traceback (most recent call last):
  File "/home/pi/netatmo/netatmo_climate.py", line 141, in <module>
    main()
    ~~~~^^
  File "/home/pi/netatmo/netatmo_climate.py", line 135, in main
    home, status = get_climate_data(access_token, HOME_ID)
                   ~~~~~~~~~~~~~~~~^^^^^^^^^^^^^^^^^^^^^^^
  File "/home/pi/netatmo/netatmo_climate.py", line 69, in get_climate_data
    r1.raise_for_status()
    ~~~~~~~~~~~~~~~~~~~^^
  File "/home/pi/netatmo/venv/lib/python3.13/site-packages/requests/models.py", line 1026, in raise_for_status
    raise HTTPError(http_error_msg, response=self)
requests.exceptions.HTTPError: 503 Server Error: Service Temporarily Unavailable for url: https://api.netatmo.com/api/homesdata
=== 2026-09-24 18:25:01 ===
=== 2026-09-24 18:30:01 ===
Traceback (most recent call last):
  File "/home/pi/netatmo/netatmo_climate.py", line 141, in <module>
    main()
    ~~~~^^
  File "/home/pi/netatmo/netatmo_climate.py", line 134, in main
    access_token = get_access_token()
  File "/home/pi/netatmo/netatmo_climate.py", line 57, in get_access_token
    return refresh_access_token()
  File "/home/pi/netatmo/netatmo_climate.py", line 46, in refresh_access_token
    r.raise_for_status()
    ~~~~~~~~~~~~~~~~~~^^
  File "/home/pi/netatmo/venv/lib/python3.13/site-packages/requests/models.py", line 1026, in raise_for_status
    raise HTTPError(http_error_msg, response=self)
requests.exceptions.HTTPError: 503 Server Error: Service Unavailable for url: https://api.netatmo.com/oauth2/token
=== 2026-09-24 18:35:02 ===
=== 2026-09-24 18:40:01 ===
=== 2026-09-24 18:45:01 ===
Traceback (most recent call last):
  File "/home/pi/netatmo/netatmo_climate.py", line 141, in <module>
    main()
    ~~~~^^
  File "/home/pi/netatmo/netatmo_climate.py", line 135, in main
    home, status = get_climate_data(access_token, HOME_ID)
                   ~~~~~~~~~~~~~~~~^^^^^^^^^^^^^^^^^^^^^^^
  File "/home/pi/netatmo/netatmo_climate.py", line 69, in get_climate_data
    r1.raise_for_status()
    ~~~~~~~~~~~~~~~~~~~^^
  File "/home/pi/netatmo/venv/lib/python3.13/site-packages/requests/models.py", line 1026, in raise_for_status
    raise HTTPError(http_error_msg, response=self)
requests.exceptions.HTTPError: 503 Server Error: Service Temporarily Unavailable for url: https://api.netatmo.com/api/homesdata
=== 2026-09-24 18:50:02 ===
=== 2026-09-24 18:55:01 ===
Traceback (most recent call last):
  File "/home/pi/netatmo/netatmo_climate.py", line 141, in <module>
    main()
    ~~~~^^
  File "/home/pi/netatmo/netatmo_climate.py", line 135, in main
    home, status = get_climate_data(access_token, HOME_ID)
                   ~~~~~~~~~~~~~~~~^^^^^^^^^^^^^^^^^^^^^^^
  File "/home/pi/netatmo/netatmo_climate.py", line 69, in get_climate_data
    r1.raise_for_status()
    ~~~~~~~~~~~~~~~~~~~^^
  File "/home/pi/netatmo/venv/lib/python3.13/site-packages/requests/models.py", line 1026, in raise_for_status
    raise HTTPError(http_error_msg, response=self)
requests.exceptions.HTTPError: 503 Server Error: Service Temporarily Unavailable for url: https://api.netatmo.com/api/homesdata
=== 2026-09-24 19:00:01 ===
Traceback (most recent call last):
  File "/home/pi/netatmo/netatmo_climate.py", line 141, in <module>
    main()
    ~~~~^^
  File "/home/pi/netatmo/netatmo_climate.py", line 134, in main
    access_token = get_access_token()
  File "/home/pi/netatmo/netatmo_climate.py", line 57, in get_access_token
    return refresh_access_token()
  File "/home/pi/netatmo/netatmo_climate.py", line 46, in refresh_access_token
    r.raise_for_status()
    ~~~~~~~~~~~~~~~~~~^^
  File "/home/pi/netatmo/venv/lib/python3.13/site-packages/requests/models.py", line 1026, in raise_for_status
    raise HTTPError(http_error_msg, response=self)
requests.exceptions.HTTPError: 503 Server Error: Service Unavailable for url: https://api.netatmo.com/oauth2/token
=== 2026-09-24 19:05:01 ===
=== 2026-09-24 19:10:02 ===
Traceback (most recent call last):
  File "/home/pi/netatmo/netatmo_climate.py", line 141, in <module>
    main()
    ~~~~^^
  File "/home/pi/netatmo/netatmo_climate.py", line 134, in main
    access_token = get_access_token()
  File "/home/pi/netatmo/netatmo_climate.py", line 57, in get_access_token
    return refresh_access_token()
  File "/home/pi/netatmo/netatmo_climate.py", line 46, in refresh_access_token
    r.raise_for_status()
    ~~~~~~~~~~~~~~~~~~^^
  File "/home/pi/netatmo/venv/lib/python3.13/site-packages/requests/models.py", line 1026, in raise_for_status
    raise HTTPError(http_error_msg, response=self)
requests.exceptions.HTTPError: 503 Server Error: Service Unavailable for url: https://api.netatmo.com/oauth2/token
=== 2026-09-24 19:15:01 ===
=== 2026-09-24 19:20:01 ===
=== 2026-09-24 19:25:01 ===
=== 2026-09-24 19:30:01 ===
Traceback (most recent call last):
  File "/home/pi/netatmo/netatmo_climate.py", line 141, in <module>
    main()
    ~~~~^^
  File "/home/pi/netatmo/netatmo_climate.py", line 135, in main
    home, status = get_climate_data(access_token, HOME_ID)
                   ~~~~~~~~~~~~~~~~^^^^^^^^^^^^^^^^^^^^^^^
  File "/home/pi/netatmo/netatmo_climate.py", line 69, in get_climate_data
    r1.raise_for_status()
    ~~~~~~~~~~~~~~~~~~~^^
  File "/home/pi/netatmo/venv/lib/python3.13/site-packages/requests/models.py", line 1026, in raise_for_status
    raise HTTPError(http_error_msg, response=self)
requests.exceptions.HTTPError: 503 Server Error: Service Temporarily Unavailable for url: https://api.netatmo.com/api/homesdata
=== 2026-09-24 19:35:01 ===
Traceback (most recent call last):
  File "/home/pi/netatmo/netatmo_climate.py", line 141, in <module>
    main()
    ~~~~^^
  File "/home/pi/netatmo/netatmo_climate.py", line 135, in main
    home, status = get_climate_data(access_token, HOME_ID)
                   ~~~~~~~~~~~~~~~~^^^^^^^^^^^^^^^^^^^^^^^
  File "/home/pi/netatmo/netatmo_climate.py", line 69, in get_climate_data
    r1.raise_for_status()
    ~~~~~~~~~~~~~~~~~~~^^
  File "/home/pi/netatmo/venv/lib/python3.13/site-packages/requests/models.py", line 1026, in raise_for_status
    raise HTTPError(http_error_msg, response=self)
requests.exceptions.HTTPError: 503 Server Error: Service Temporarily Unavailable for url: https://api.netatmo.com/api/homesdata
=== 2026-09-24 19:40:01 ===
Traceback (most recent call last):
  File "/home/pi/netatmo/netatmo_climate.py", line 141, in <module>
    main()
    ~~~~^^
  File "/home/pi/netatmo/netatmo_climate.py", line 134, in main
    access_token = get_access_token()
  File "/home/pi/netatmo/netatmo_climate.py", line 57, in get_access_token
    return refresh_access_token()
  File "/home/pi/netatmo/netatmo_climate.py", line 46, in refresh_access_token
    r.raise_for_status()
    ~~~~~~~~~~~~~~~~~~^^
  File "/home/pi/netatmo/venv/lib/python3.13/site-packages/requests/models.py", line 1026, in raise_for_status
    raise HTTPError(http_error_msg, response=self)
requests.exceptions.HTTPError: 503 Server Error: Service Unavailable for url: https://api.netatmo.com/oauth2/token
=== 2026-09-24 19:45:01 ===
=== 2026-09-24 19:50:01 ===
Traceback (most recent call last):
  File "/home/pi/netatmo/netatmo_climate.py", line 141, in <module>
    main()
    ~~~~^^
  File "/home/pi/netatmo/netatmo_climate.py", line 135, in main
    home, status = get_climate_data(access_token, HOME_ID)
                   ~~~~~~~~~~~~~~~~^^^^^^^^^^^^^^^^^^^^^^^
  File "/home/pi/netatmo/netatmo_climate.py", line 69, in get_climate_data
    r1.raise_for_status()
    ~~~~~~~~~~~~~~~~~~~^^
  File "/home/pi/netatmo/venv/lib/python3.13/site-packages/requests/models.py", line 1026, in raise_for_status
    raise HTTPError(http_error_msg, response=self)
requests.exceptions.HTTPError: 503 Server Error: Service Temporarily Unavailable for url: https://api.netatmo.com/api/homesdata
=== 2026-09-24 19:55:01 ===
=== 2026-09-24 20:00:01 ===
Traceback (most recent call last):
  File "/home/pi/netatmo/netatmo_climate.py", line 141, in <module>
    main()
    ~~~~^^
  File "/home/pi/netatmo/netatmo_climate.py", line 134, in main
    access_token = get_access_token()
  File "/home/pi/netatmo/netatmo_climate.py", line 57, in get_access_token
    return refresh_access_token()
  File "/home/pi/netatmo/netatmo_climate.py", line 46, in refresh_access_token
    r.raise_for_status()
    ~~~~~~~~~~~~~~~~~~^^
  File "/home/pi/netatmo/venv/lib/python3.13/site-packages/requests/models.py", line 1026, in raise_for_status
    raise HTTPError(http_error_msg, response=self)
requests.exceptions.HTTPError: 503 Server Error: Service Unavailable for url: https://api.netatmo.com/oauth2/token
=== 2026-09-24 20:05:01 ===
=== 2026-09-24 20:10:01 ===
Traceback (most recent call last):
  File "/home/pi/netatmo/netatmo_climate.py", line 141, in <module>
    main()
    ~~~~^^
  File "/home/pi/netatmo/netatmo_climate.py", line 134, in main
    access_token = get_access_token()
  File "/home/pi/netatmo/netatmo_climate.py", line 57, in get_access_token
    return refresh_access_token()
  File "/home/pi/netatmo/netatmo_climate.py", line 46, in refresh_access_token
    r.raise_for_status()
    ~~~~~~~~~~~~~~~~~~^^
  File "/home/pi/netatmo/venv/lib/python3.13/site-packages/requests/models.py", line 1026, in raise_for_status
    raise HTTPError(http_error_msg, response=self)
requests.exceptions.HTTPError: 500 Server Error: Internal Server Error for url: https://api.netatmo.com/oauth2/token
=== 2026-09-24 20:15:01 ===
=== 2026-09-24 20:20:01 ===
=== 2026-09-24 20:25:01 ===
Traceback (most recent call last):
  File "/home/pi/netatmo/netatmo_climate.py", line 141, in <module>
    main()
    ~~~~^^
  File "/home/pi/netatmo/netatmo_climate.py", line 135, in main
    home, status = get_climate_data(access_token, HOME_ID)
                   ~~~~~~~~~~~~~~~~^^^^^^^^^^^^^^^^^^^^^^^
  File "/home/pi/netatmo/netatmo_climate.py", line 69, in get_climate_data
    r1.raise_for_status()
    ~~~~~~~~~~~~~~~~~~~^^
  File "/home/pi/netatmo/venv/lib/python3.13/site-packages/requests/models.py", line 1026, in raise_for_status
    raise HTTPError(http_error_msg, response=self)
requests.exceptions.HTTPError: 503 Server Error: Service Temporarily Unavailable for url: https://api.netatmo.com/api/homesdata
=== 2026-09-24 20:30:01 ===
Traceback (most recent call last):
  File "/home/pi/netatmo/netatmo_climate.py", line 141, in <module>
    main()
    ~~~~^^
  File "/home/pi/netatmo/netatmo_climate.py", line 134, in main
    access_token = get_access_token()
  File "/home/pi/netatmo/netatmo_climate.py", line 57, in get_access_token
    return refresh_access_token()
  File "/home/pi/netatmo/netatmo_climate.py", line 46, in refresh_access_token
    r.raise_for_status()
    ~~~~~~~~~~~~~~~~~~^^
  File "/home/pi/netatmo/venv/lib/python3.13/site-packages/requests/models.py", line 1026, in raise_for_status
    raise HTTPError(http_error_msg, response=self)
requests.exceptions.HTTPError: 503 Server Error: Service Unavailable for url: https://api.netatmo.com/oauth2/token
=== 2026-09-24 20:35:01 ===
=== 2026-09-24 20:40:01 ===
Traceback (most recent call last):
  File "/home/pi/netatmo/netatmo_climate.py", line 141, in <module>
    main()
    ~~~~^^
  File "/home/pi/netatmo/netatmo_climate.py", line 134, in main
    access_token = get_access_token()
  File "/home/pi/netatmo/netatmo_climate.py", line 57, in get_access_token
    return refresh_access_token()
  File "/home/pi/netatmo/netatmo_climate.py", line 46, in refresh_access_token
    r.raise_for_status()
    ~~~~~~~~~~~~~~~~~~^^
  File "/home/pi/netatmo/venv/lib/python3.13/site-packages/requests/models.py", line 1026, in raise_for_status
    raise HTTPError(http_error_msg, response=self)
requests.exceptions.HTTPError: 503 Server Error: Service Unavailable for url: https://api.netatmo.com/oauth2/token
=== 2026-09-24 20:45:01 ===
=== 2026-09-24 20:50:01 ===
=== 2026-09-24 20:55:01 ===
=== 2026-09-24 21:00:01 ===
Traceback (most recent call last):
  File "/home/pi/netatmo/netatmo_climate.py", line 141, in <module>
    main()
    ~~~~^^
  File "/home/pi/netatmo/netatmo_climate.py", line 135, in main
    home, status = get_climate_data(access_token, HOME_ID)
                   ~~~~~~~~~~~~~~~~^^^^^^^^^^^^^^^^^^^^^^^
  File "/home/pi/netatmo/netatmo_climate.py", line 69, in get_climate_data
    r1.raise_for_status()
    ~~~~~~~~~~~~~~~~~~~^^
  File "/home/pi/netatmo/venv/lib/python3.13/site-packages/requests/models.py", line 1026, in raise_for_status
    raise HTTPError(http_error_msg, response=self)
requests.exceptions.HTTPError: 503 Server Error: Service Temporarily Unavailable for url: https://api.netatmo.com/api/homesdata
=== 2026-09-24 21:05:01 ===
=== 2026-09-24 21:10:02 ===
Traceback (most recent call last):
  File "/home/pi/netatmo/venv/lib/python3.13/site-packages/urllib3/connection.py", line 204, in _new_conn
    sock = connection.create_connection(
        (self._dns_host, self.port),
    ...<2 lines>...
        socket_options=self.socket_options,
    )
  File "/home/pi/netatmo/venv/lib/python3.13/site-packages/urllib3/util/connection.py", line 60, in create_connection
    for res in socket.getaddrinfo(host, port, family, socket.SOCK_STREAM):
               ~~~~~~~~~~~~~~~~~~^^^^^^^^^^^^^^^^^^^^^^^^^^^^^^^^^^^^^^^^
  File "/usr/lib/python3.13/socket.py", line 977, in getaddrinfo
    for res in _socket.getaddrinfo(host, port, family, type, proto, flags):
               ~~~~~~~~~~~~~~~~~~~^^^^^^^^^^^^^^^^^^^^^^^^^^^^^^^^^^^^^^^^
socket.gaierror: [Errno -3] Temporary failure in name resolution

The above exception was the direct cause of the following exception:

Traceback (most recent call last):
  File "/home/pi/netatmo/venv/lib/python3.13/site-packages/urllib3/connectionpool.py", line 787, in urlopen
    response = self._make_request(
        conn,
    ...<10 lines>...
        **response_kw,
    )
  File "/home/pi/netatmo/venv/lib/python3.13/site-packages/urllib3/connectionpool.py", line 488, in _make_request
    raise new_e
  File "/home/pi/netatmo/venv/lib/python3.13/site-packages/urllib3/connectionpool.py", line 464, in _make_request
    self._validate_conn(conn)
    ~~~~~~~~~~~~~~~~~~~^^^^^^
  File "/home/pi/netatmo/venv/lib/python3.13/site-packages/urllib3/connectionpool.py", line 1093, in _validate_conn
    conn.connect()
    ~~~~~~~~~~~~^^
  File "/home/pi/netatmo/venv/lib/python3.13/site-packages/urllib3/connection.py", line 759, in connect
    self.sock = sock = self._new_conn()
                       ~~~~~~~~~~~~~~^^
  File "/home/pi/netatmo/venv/lib/python3.13/site-packages/urllib3/connection.py", line 211, in _new_conn
    raise NameResolutionError(self.host, self, e) from e
urllib3.exceptions.NameResolutionError: HTTPSConnection(host='api.netatmo.com', port=443): Failed to resolve 'api.netatmo.com' ([Errno -3] Temporary failure in name resolution)

The above exception was the direct cause of the following exception:

Traceback (most recent call last):
  File "/home/pi/netatmo/venv/lib/python3.13/site-packages/requests/adapters.py", line 644, in send
    resp = conn.urlopen(
        method=request.method,
    ...<9 lines>...
        chunked=chunked,
    )
  File "/home/pi/netatmo/venv/lib/python3.13/site-packages/urllib3/connectionpool.py", line 841, in urlopen
    retries = retries.increment(
        method, url, error=new_e, _pool=self, _stacktrace=sys.exc_info()[2]
    )
  File "/home/pi/netatmo/venv/lib/python3.13/site-packages/urllib3/util/retry.py", line 535, in increment
    raise MaxRetryError(_pool, url, reason) from reason  # type: ignore[arg-type]
    ^^^^^^^^^^^^^^^^^^^^^^^^^^^^^^^^^^^^^^^^^^^^^^^^^^^
urllib3.exceptions.MaxRetryError: HTTPSConnectionPool(host='api.netatmo.com', port=443): Max retries exceeded with url: /oauth2/token (Caused by NameResolutionError("HTTPSConnection(host='api.netatmo.com', port=443): Failed to resolve 'api.netatmo.com' ([Errno -3] Temporary failure in name resolution)"))

During handling of the above exception, another exception occurred:

Traceback (most recent call last):
  File "/home/pi/netatmo/netatmo_climate.py", line 141, in <module>
    main()
    ~~~~^^
  File "/home/pi/netatmo/netatmo_climate.py", line 134, in main
    access_token = get_access_token()
  File "/home/pi/netatmo/netatmo_climate.py", line 57, in get_access_token
    return refresh_access_token()
  File "/home/pi/netatmo/netatmo_climate.py", line 45, in refresh_access_token
    r = requests.post(url, data=data)
  File "/home/pi/netatmo/venv/lib/python3.13/site-packages/requests/api.py", line 115, in post
    return request("post", url, data=data, json=json, **kwargs)
  File "/home/pi/netatmo/venv/lib/python3.13/site-packages/requests/api.py", line 59, in request
    return session.request(method=method, url=url, **kwargs)
           ~~~~~~~~~~~~~~~^^^^^^^^^^^^^^^^^^^^^^^^^^^^^^^^^^
  File "/home/pi/netatmo/venv/lib/python3.13/site-packages/requests/sessions.py", line 589, in request
    resp = self.send(prep, **send_kwargs)
  File "/home/pi/netatmo/venv/lib/python3.13/site-packages/requests/sessions.py", line 703, in send
    r = adapter.send(request, **kwargs)
  File "/home/pi/netatmo/venv/lib/python3.13/site-packages/requests/adapters.py", line 677, in send
    raise ConnectionError(e, request=request)
requests.exceptions.ConnectionError: HTTPSConnectionPool(host='api.netatmo.com', port=443): Max retries exceeded with url: /oauth2/token (Caused by NameResolutionError("HTTPSConnection(host='api.netatmo.com', port=443): Failed to resolve 'api.netatmo.com' ([Errno -3] Temporary failure in name resolution)"))
=== 2026-09-24 21:15:02 ===
Traceback (most recent call last):
  File "/home/pi/netatmo/netatmo_climate.py", line 141, in <module>
    main()
    ~~~~^^
  File "/home/pi/netatmo/netatmo_climate.py", line 135, in main
    home, status = get_climate_data(access_token, HOME_ID)
                   ~~~~~~~~~~~~~~~~^^^^^^^^^^^^^^^^^^^^^^^
  File "/home/pi/netatmo/netatmo_climate.py", line 69, in get_climate_data
    r1.raise_for_status()
    ~~~~~~~~~~~~~~~~~~~^^
  File "/home/pi/netatmo/venv/lib/python3.13/site-packages/requests/models.py", line 1026, in raise_for_status
    raise HTTPError(http_error_msg, response=self)
requests.exceptions.HTTPError: 503 Server Error: Service Temporarily Unavailable for url: https://api.netatmo.com/api/homesdata
=== 2026-09-24 21:20:02 ===
Traceback (most recent call last):
  File "/home/pi/netatmo/netatmo_climate.py", line 141, in <module>
    main()
    ~~~~^^
  File "/home/pi/netatmo/netatmo_climate.py", line 135, in main
    home, status = get_climate_data(access_token, HOME_ID)
                   ~~~~~~~~~~~~~~~~^^^^^^^^^^^^^^^^^^^^^^^
  File "/home/pi/netatmo/netatmo_climate.py", line 69, in get_climate_data
    r1.raise_for_status()
    ~~~~~~~~~~~~~~~~~~~^^
  File "/home/pi/netatmo/venv/lib/python3.13/site-packages/requests/models.py", line 1026, in raise_for_status
    raise HTTPError(http_error_msg, response=self)
requests.exceptions.HTTPError: 503 Server Error: Service Temporarily Unavailable for url: https://api.netatmo.com/api/homesdata
=== 2026-09-24 21:25:01 ===
=== 2026-09-24 21:30:01 ===
Traceback (most recent call last):
  File "/home/pi/netatmo/netatmo_climate.py", line 141, in <module>
    main()
    ~~~~^^
  File "/home/pi/netatmo/netatmo_climate.py", line 135, in main
    home, status = get_climate_data(access_token, HOME_ID)
                   ~~~~~~~~~~~~~~~~^^^^^^^^^^^^^^^^^^^^^^^
  File "/home/pi/netatmo/netatmo_climate.py", line 69, in get_climate_data
    r1.raise_for_status()
    ~~~~~~~~~~~~~~~~~~~^^
  File "/home/pi/netatmo/venv/lib/python3.13/site-packages/requests/models.py", line 1026, in raise_for_status
    raise HTTPError(http_error_msg, response=self)
requests.exceptions.HTTPError: 503 Server Error: Service Temporarily Unavailable for url: https://api.netatmo.com/api/homesdata
=== 2026-09-24 21:35:01 ===
=== 2026-09-24 21:40:01 ===
Traceback (most recent call last):
  File "/home/pi/netatmo/netatmo_climate.py", line 141, in <module>
    main()
    ~~~~^^
  File "/home/pi/netatmo/netatmo_climate.py", line 134, in main
    access_token = get_access_token()
  File "/home/pi/netatmo/netatmo_climate.py", line 57, in get_access_token
    return refresh_access_token()
  File "/home/pi/netatmo/netatmo_climate.py", line 46, in refresh_access_token
    r.raise_for_status()
    ~~~~~~~~~~~~~~~~~~^^
  File "/home/pi/netatmo/venv/lib/python3.13/site-packages/requests/models.py", line 1026, in raise_for_status
    raise HTTPError(http_error_msg, response=self)
requests.exceptions.HTTPError: 503 Server Error: Service Unavailable for url: https://api.netatmo.com/oauth2/token
=== 2026-09-24 21:45:01 ===
=== 2026-09-24 21:50:01 ===
Traceback (most recent call last):
  File "/home/pi/netatmo/netatmo_climate.py", line 141, in <module>
    main()
    ~~~~^^
  File "/home/pi/netatmo/netatmo_climate.py", line 134, in main
    access_token = get_access_token()
  File "/home/pi/netatmo/netatmo_climate.py", line 57, in get_access_token
    return refresh_access_token()
  File "/home/pi/netatmo/netatmo_climate.py", line 46, in refresh_access_token
    r.raise_for_status()
    ~~~~~~~~~~~~~~~~~~^^
  File "/home/pi/netatmo/venv/lib/python3.13/site-packages/requests/models.py", line 1026, in raise_for_status
    raise HTTPError(http_error_msg, response=self)
requests.exceptions.HTTPError: 503 Server Error: Service Unavailable for url: https://api.netatmo.com/oauth2/token
=== 2026-09-24 21:55:01 ===
Traceback (most recent call last):
  File "/home/pi/netatmo/netatmo_climate.py", line 141, in <module>
    main()
    ~~~~^^
  File "/home/pi/netatmo/netatmo_climate.py", line 135, in main
    home, status = get_climate_data(access_token, HOME_ID)
                   ~~~~~~~~~~~~~~~~^^^^^^^^^^^^^^^^^^^^^^^
  File "/home/pi/netatmo/netatmo_climate.py", line 69, in get_climate_data
    r1.raise_for_status()
    ~~~~~~~~~~~~~~~~~~~^^
  File "/home/pi/netatmo/venv/lib/python3.13/site-packages/requests/models.py", line 1026, in raise_for_status
    raise HTTPError(http_error_msg, response=self)
requests.exceptions.HTTPError: 503 Server Error: Service Temporarily Unavailable for url: https://api.netatmo.com/api/homesdata
=== 2026-09-24 22:00:02 ===
Traceback (most recent call last):
  File "/home/pi/netatmo/netatmo_climate.py", line 141, in <module>
    main()
    ~~~~^^
  File "/home/pi/netatmo/netatmo_climate.py", line 134, in main
    access_token = get_access_token()
  File "/home/pi/netatmo/netatmo_climate.py", line 57, in get_access_token
    return refresh_access_token()
  File "/home/pi/netatmo/netatmo_climate.py", line 46, in refresh_access_token
    r.raise_for_status()
    ~~~~~~~~~~~~~~~~~~^^
  File "/home/pi/netatmo/venv/lib/python3.13/site-packages/requests/models.py", line 1026, in raise_for_status
    raise HTTPError(http_error_msg, response=self)
requests.exceptions.HTTPError: 503 Server Error: Service Unavailable for url: https://api.netatmo.com/oauth2/token
=== 2026-09-24 22:05:01 ===
=== 2026-09-24 22:10:01 ===
=== 2026-09-24 22:15:01 ===
Traceback (most recent call last):
  File "/home/pi/netatmo/netatmo_climate.py", line 141, in <module>
    main()
    ~~~~^^
  File "/home/pi/netatmo/netatmo_climate.py", line 135, in main
    home, status = get_climate_data(access_token, HOME_ID)
                   ~~~~~~~~~~~~~~~~^^^^^^^^^^^^^^^^^^^^^^^
  File "/home/pi/netatmo/netatmo_climate.py", line 69, in get_climate_data
    r1.raise_for_status()
    ~~~~~~~~~~~~~~~~~~~^^
  File "/home/pi/netatmo/venv/lib/python3.13/site-packages/requests/models.py", line 1026, in raise_for_status
    raise HTTPError(http_error_msg, response=self)
requests.exceptions.HTTPError: 503 Server Error: Service Temporarily Unavailable for url: https://api.netatmo.com/api/homesdata
=== 2026-09-24 22:20:01 ===
Traceback (most recent call last):
  File "/home/pi/netatmo/netatmo_climate.py", line 141, in <module>
    main()
    ~~~~^^
  File "/home/pi/netatmo/netatmo_climate.py", line 135, in main
    home, status = get_climate_data(access_token, HOME_ID)
                   ~~~~~~~~~~~~~~~~^^^^^^^^^^^^^^^^^^^^^^^
  File "/home/pi/netatmo/netatmo_climate.py", line 69, in get_climate_data
    r1.raise_for_status()
    ~~~~~~~~~~~~~~~~~~~^^
  File "/home/pi/netatmo/venv/lib/python3.13/site-packages/requests/models.py", line 1026, in raise_for_status
    raise HTTPError(http_error_msg, response=self)
requests.exceptions.HTTPError: 503 Server Error: Service Temporarily Unavailable for url: https://api.netatmo.com/api/homesdata
=== 2026-09-24 22:25:01 ===
=== 2026-09-24 22:30:01 ===
Traceback (most recent call last):
  File "/home/pi/netatmo/netatmo_climate.py", line 141, in <module>
    main()
    ~~~~^^
  File "/home/pi/netatmo/netatmo_climate.py", line 135, in main
    home, status = get_climate_data(access_token, HOME_ID)
                   ~~~~~~~~~~~~~~~~^^^^^^^^^^^^^^^^^^^^^^^
  File "/home/pi/netatmo/netatmo_climate.py", line 69, in get_climate_data
    r1.raise_for_status()
    ~~~~~~~~~~~~~~~~~~~^^
  File "/home/pi/netatmo/venv/lib/python3.13/site-packages/requests/models.py", line 1026, in raise_for_status
    raise HTTPError(http_error_msg, response=self)
requests.exceptions.HTTPError: 503 Server Error: Service Temporarily Unavailable for url: https://api.netatmo.com/api/homesdata
=== 2026-09-24 22:35:02 ===
=== 2026-09-24 22:40:01 ===
=== 2026-09-24 22:45:01 ===
Traceback (most recent call last):
  File "/home/pi/netatmo/netatmo_climate.py", line 141, in <module>
    main()
    ~~~~^^
  File "/home/pi/netatmo/netatmo_climate.py", line 135, in main
    home, status = get_climate_data(access_token, HOME_ID)
                   ~~~~~~~~~~~~~~~~^^^^^^^^^^^^^^^^^^^^^^^
  File "/home/pi/netatmo/netatmo_climate.py", line 69, in get_climate_data
    r1.raise_for_status()
    ~~~~~~~~~~~~~~~~~~~^^
  File "/home/pi/netatmo/venv/lib/python3.13/site-packages/requests/models.py", line 1026, in raise_for_status
    raise HTTPError(http_error_msg, response=self)
requests.exceptions.HTTPError: 503 Server Error: Service Temporarily Unavailable for url: https://api.netatmo.com/api/homesdata
=== 2026-09-24 22:50:02 ===
=== 2026-09-24 22:55:01 ===
=== 2026-09-24 23:00:01 ===
Traceback (most recent call last):
  File "/home/pi/netatmo/netatmo_climate.py", line 141, in <module>
    main()
    ~~~~^^
  File "/home/pi/netatmo/netatmo_climate.py", line 135, in main
    home, status = get_climate_data(access_token, HOME_ID)
                   ~~~~~~~~~~~~~~~~^^^^^^^^^^^^^^^^^^^^^^^
  File "/home/pi/netatmo/netatmo_climate.py", line 69, in get_climate_data
    r1.raise_for_status()
    ~~~~~~~~~~~~~~~~~~~^^
  File "/home/pi/netatmo/venv/lib/python3.13/site-packages/requests/models.py", line 1026, in raise_for_status
    raise HTTPError(http_error_msg, response=self)
requests.exceptions.HTTPError: 503 Server Error: Service Temporarily Unavailable for url: https://api.netatmo.com/api/homesdata
=== 2026-09-24 23:05:02 ===
=== 2026-09-24 23:10:01 ===
=== 2026-09-24 23:15:01 ===
=== 2026-09-24 23:20:01 ===
=== 2026-09-24 23:25:01 ===
=== 2026-09-24 23:30:01 ===
Traceback (most recent call last):
  File "/home/pi/netatmo/netatmo_climate.py", line 141, in <module>
    main()
    ~~~~^^
  File "/home/pi/netatmo/netatmo_climate.py", line 134, in main
    access_token = get_access_token()
  File "/home/pi/netatmo/netatmo_climate.py", line 57, in get_access_token
    return refresh_access_token()
  File "/home/pi/netatmo/netatmo_climate.py", line 46, in refresh_access_token
    r.raise_for_status()
    ~~~~~~~~~~~~~~~~~~^^
  File "/home/pi/netatmo/venv/lib/python3.13/site-packages/requests/models.py", line 1026, in raise_for_status
    raise HTTPError(http_error_msg, response=self)
requests.exceptions.HTTPError: 503 Server Error: Service Unavailable for url: https://api.netatmo.com/oauth2/token
=== 2026-09-24 23:35:01 ===
=== 2026-09-24 23:40:01 ===
=== 2026-09-24 23:45:02 ===
=== 2026-09-24 23:50:01 ===
=== 2026-09-24 23:55:01 ===
=== 2026-09-25 00:00:01 ===
Traceback (most recent call last):
  File "/home/pi/netatmo/netatmo_climate.py", line 141, in <module>
    main()
    ~~~~^^
  File "/home/pi/netatmo/netatmo_climate.py", line 134, in main
    access_token = get_access_token()
  File "/home/pi/netatmo/netatmo_climate.py", line 57, in get_access_token
    return refresh_access_token()
  File "/home/pi/netatmo/netatmo_climate.py", line 46, in refresh_access_token
    r.raise_for_status()
    ~~~~~~~~~~~~~~~~~~^^
  File "/home/pi/netatmo/venv/lib/python3.13/site-packages/requests/models.py", line 1026, in raise_for_status
    raise HTTPError(http_error_msg, response=self)
requests.exceptions.HTTPError: 503 Server Error: Service Unavailable for url: https://api.netatmo.com/oauth2/token
=== 2026-09-25 00:05:01 ===
=== 2026-09-25 00:10:02 ===
=== 2026-09-25 00:15:01 ===
Traceback (most recent call last):
  File "/home/pi/netatmo/netatmo_climate.py", line 141, in <module>
    main()
    ~~~~^^
  File "/home/pi/netatmo/netatmo_climate.py", line 135, in main
    home, status = get_climate_data(access_token, HOME_ID)
                   ~~~~~~~~~~~~~~~~^^^^^^^^^^^^^^^^^^^^^^^
  File "/home/pi/netatmo/netatmo_climate.py", line 69, in get_climate_data
    r1.raise_for_status()
    ~~~~~~~~~~~~~~~~~~~^^
  File "/home/pi/netatmo/venv/lib/python3.13/site-packages/requests/models.py", line 1026, in raise_for_status
    raise HTTPError(http_error_msg, response=self)
requests.exceptions.HTTPError: 503 Server Error: Service Temporarily Unavailable for url: https://api.netatmo.com/api/homesdata
=== 2026-09-25 00:20:02 ===
=== 2026-09-25 00:25:01 ===
=== 2026-09-25 00:30:02 ===
Traceback (most recent call last):
  File "/home/pi/netatmo/netatmo_climate.py", line 141, in <module>
    main()
    ~~~~^^
  File "/home/pi/netatmo/netatmo_climate.py", line 134, in main
    access_token = get_access_token()
  File "/home/pi/netatmo/netatmo_climate.py", line 57, in get_access_token
    return refresh_access_token()
  File "/home/pi/netatmo/netatmo_climate.py", line 46, in refresh_access_token
    r.raise_for_status()
    ~~~~~~~~~~~~~~~~~~^^
  File "/home/pi/netatmo/venv/lib/python3.13/site-packages/requests/models.py", line 1026, in raise_for_status
    raise HTTPError(http_error_msg, response=self)
requests.exceptions.HTTPError: 503 Server Error: Service Unavailable for url: https://api.netatmo.com/oauth2/token
=== 2026-09-25 00:35:01 ===
=== 2026-09-25 00:40:01 ===
Traceback (most recent call last):
  File "/home/pi/netatmo/netatmo_climate.py", line 141, in <module>
    main()
    ~~~~^^
  File "/home/pi/netatmo/netatmo_climate.py", line 134, in main
    access_token = get_access_token()
  File "/home/pi/netatmo/netatmo_climate.py", line 57, in get_access_token
    return refresh_access_token()
  File "/home/pi/netatmo/netatmo_climate.py", line 46, in refresh_access_token
    r.raise_for_status()
    ~~~~~~~~~~~~~~~~~~^^
  File "/home/pi/netatmo/venv/lib/python3.13/site-packages/requests/models.py", line 1026, in raise_for_status
    raise HTTPError(http_error_msg, response=self)
requests.exceptions.HTTPError: 503 Server Error: Service Unavailable for url: https://api.netatmo.com/oauth2/token
=== 2026-09-25 00:45:02 ===
=== 2026-09-25 00:50:02 ===
Traceback (most recent call last):
  File "/home/pi/netatmo/netatmo_climate.py", line 141, in <module>
    main()
    ~~~~^^
  File "/home/pi/netatmo/netatmo_climate.py", line 135, in main
    home, status = get_climate_data(access_token, HOME_ID)
                   ~~~~~~~~~~~~~~~~^^^^^^^^^^^^^^^^^^^^^^^
  File "/home/pi/netatmo/netatmo_climate.py", line 69, in get_climate_data
    r1.raise_for_status()
    ~~~~~~~~~~~~~~~~~~~^^
  File "/home/pi/netatmo/venv/lib/python3.13/site-packages/requests/models.py", line 1026, in raise_for_status
    raise HTTPError(http_error_msg, response=self)
requests.exceptions.HTTPError: 503 Server Error: Service Temporarily Unavailable for url: https://api.netatmo.com/api/homesdata
=== 2026-09-25 00:55:01 ===
=== 2026-09-25 01:00:02 ===
Traceback (most recent call last):
  File "/home/pi/netatmo/netatmo_climate.py", line 141, in <module>
    main()
    ~~~~^^
  File "/home/pi/netatmo/netatmo_climate.py", line 134, in main
    access_token = get_access_token()
  File "/home/pi/netatmo/netatmo_climate.py", line 57, in get_access_token
    return refresh_access_token()
  File "/home/pi/netatmo/netatmo_climate.py", line 46, in refresh_access_token
    r.raise_for_status()
    ~~~~~~~~~~~~~~~~~~^^
  File "/home/pi/netatmo/venv/lib/python3.13/site-packages/requests/models.py", line 1026, in raise_for_status
    raise HTTPError(http_error_msg, response=self)
requests.exceptions.HTTPError: 503 Server Error: Service Unavailable for url: https://api.netatmo.com/oauth2/token
=== 2026-09-25 01:05:01 ===
=== 2026-09-25 01:10:01 ===
Traceback (most recent call last):
  File "/home/pi/netatmo/netatmo_climate.py", line 141, in <module>
    main()
    ~~~~^^
  File "/home/pi/netatmo/netatmo_climate.py", line 134, in main
    access_token = get_access_token()
  File "/home/pi/netatmo/netatmo_climate.py", line 57, in get_access_token
    return refresh_access_token()
  File "/home/pi/netatmo/netatmo_climate.py", line 46, in refresh_access_token
    r.raise_for_status()
    ~~~~~~~~~~~~~~~~~~^^
  File "/home/pi/netatmo/venv/lib/python3.13/site-packages/requests/models.py", line 1026, in raise_for_status
    raise HTTPError(http_error_msg, response=self)
requests.exceptions.HTTPError: 503 Server Error: Service Unavailable for url: https://api.netatmo.com/oauth2/token
=== 2026-09-25 01:15:02 ===
=== 2026-09-25 01:20:01 ===
=== 2026-09-25 01:25:01 ===
=== 2026-09-25 01:30:01 ===
Traceback (most recent call last):
  File "/home/pi/netatmo/netatmo_climate.py", line 141, in <module>
    main()
    ~~~~^^
  File "/home/pi/netatmo/netatmo_climate.py", line 134, in main
    access_token = get_access_token()
  File "/home/pi/netatmo/netatmo_climate.py", line 57, in get_access_token
    return refresh_access_token()
  File "/home/pi/netatmo/netatmo_climate.py", line 46, in refresh_access_token
    r.raise_for_status()
    ~~~~~~~~~~~~~~~~~~^^
  File "/home/pi/netatmo/venv/lib/python3.13/site-packages/requests/models.py", line 1026, in raise_for_status
    raise HTTPError(http_error_msg, response=self)
requests.exceptions.HTTPError: 503 Server Error: Service Unavailable for url: https://api.netatmo.com/oauth2/token
=== 2026-09-25 01:35:01 ===
=== 2026-09-25 01:40:01 ===
Traceback (most recent call last):
  File "/home/pi/netatmo/netatmo_climate.py", line 141, in <module>
    main()
    ~~~~^^
  File "/home/pi/netatmo/netatmo_climate.py", line 135, in main
    home, status = get_climate_data(access_token, HOME_ID)
                   ~~~~~~~~~~~~~~~~^^^^^^^^^^^^^^^^^^^^^^^
  File "/home/pi/netatmo/netatmo_climate.py", line 69, in get_climate_data
    r1.raise_for_status()
    ~~~~~~~~~~~~~~~~~~~^^
  File "/home/pi/netatmo/venv/lib/python3.13/site-packages/requests/models.py", line 1026, in raise_for_status
    raise HTTPError(http_error_msg, response=self)
requests.exceptions.HTTPError: 503 Server Error: Service Temporarily Unavailable for url: https://api.netatmo.com/api/homesdata
=== 2026-09-25 01:45:01 ===
=== 2026-09-25 01:50:01 ===
=== 2026-09-25 01:55:01 ===
=== 2026-09-25 02:00:01 ===
Traceback (most recent call last):
  File "/home/pi/netatmo/netatmo_climate.py", line 141, in <module>
    main()
    ~~~~^^
  File "/home/pi/netatmo/netatmo_climate.py", line 134, in main
    access_token = get_access_token()
  File "/home/pi/netatmo/netatmo_climate.py", line 57, in get_access_token
    return refresh_access_token()
  File "/home/pi/netatmo/netatmo_climate.py", line 46, in refresh_access_token
    r.raise_for_status()
    ~~~~~~~~~~~~~~~~~~^^
  File "/home/pi/netatmo/venv/lib/python3.13/site-packages/requests/models.py", line 1026, in raise_for_status
    raise HTTPError(http_error_msg, response=self)
requests.exceptions.HTTPError: 503 Server Error: Service Unavailable for url: https://api.netatmo.com/oauth2/token
=== 2026-09-25 02:05:01 ===
=== 2026-09-25 02:10:01 ===
Traceback (most recent call last):
  File "/home/pi/netatmo/netatmo_climate.py", line 141, in <module>
    main()
    ~~~~^^
  File "/home/pi/netatmo/netatmo_climate.py", line 135, in main
    home, status = get_climate_data(access_token, HOME_ID)
                   ~~~~~~~~~~~~~~~~^^^^^^^^^^^^^^^^^^^^^^^
  File "/home/pi/netatmo/netatmo_climate.py", line 69, in get_climate_data
    r1.raise_for_status()
    ~~~~~~~~~~~~~~~~~~~^^
  File "/home/pi/netatmo/venv/lib/python3.13/site-packages/requests/models.py", line 1026, in raise_for_status
    raise HTTPError(http_error_msg, response=self)
requests.exceptions.HTTPError: 503 Server Error: Service Temporarily Unavailable for url: https://api.netatmo.com/api/homesdata
=== 2026-09-25 02:15:01 ===
=== 2026-09-25 02:20:01 ===
Traceback (most recent call last):
  File "/home/pi/netatmo/netatmo_climate.py", line 141, in <module>
    main()
    ~~~~^^
  File "/home/pi/netatmo/netatmo_climate.py", line 135, in main
    home, status = get_climate_data(access_token, HOME_ID)
                   ~~~~~~~~~~~~~~~~^^^^^^^^^^^^^^^^^^^^^^^
  File "/home/pi/netatmo/netatmo_climate.py", line 69, in get_climate_data
    r1.raise_for_status()
    ~~~~~~~~~~~~~~~~~~~^^
  File "/home/pi/netatmo/venv/lib/python3.13/site-packages/requests/models.py", line 1026, in raise_for_status
    raise HTTPError(http_error_msg, response=self)
requests.exceptions.HTTPError: 503 Server Error: Service Temporarily Unavailable for url: https://api.netatmo.com/api/homesdata
=== 2026-09-25 02:25:02 ===
=== 2026-09-25 02:30:01 ===
Traceback (most recent call last):
  File "/home/pi/netatmo/netatmo_climate.py", line 141, in <module>
    main()
    ~~~~^^
  File "/home/pi/netatmo/netatmo_climate.py", line 134, in main
    access_token = get_access_token()
  File "/home/pi/netatmo/netatmo_climate.py", line 57, in get_access_token
    return refresh_access_token()
  File "/home/pi/netatmo/netatmo_climate.py", line 46, in refresh_access_token
    r.raise_for_status()
    ~~~~~~~~~~~~~~~~~~^^
  File "/home/pi/netatmo/venv/lib/python3.13/site-packages/requests/models.py", line 1026, in raise_for_status
    raise HTTPError(http_error_msg, response=self)
requests.exceptions.HTTPError: 503 Server Error: Service Unavailable for url: https://api.netatmo.com/oauth2/token
=== 2026-09-25 02:35:01 ===
=== 2026-09-25 02:40:01 ===
=== 2026-09-25 02:45:01 ===
=== 2026-09-25 02:50:01 ===
Traceback (most recent call last):
  File "/home/pi/netatmo/netatmo_climate.py", line 141, in <module>
    main()
    ~~~~^^
  File "/home/pi/netatmo/netatmo_climate.py", line 135, in main
    home, status = get_climate_data(access_token, HOME_ID)
                   ~~~~~~~~~~~~~~~~^^^^^^^^^^^^^^^^^^^^^^^
  File "/home/pi/netatmo/netatmo_climate.py", line 69, in get_climate_data
    r1.raise_for_status()
    ~~~~~~~~~~~~~~~~~~~^^
  File "/home/pi/netatmo/venv/lib/python3.13/site-packages/requests/models.py", line 1026, in raise_for_status
    raise HTTPError(http_error_msg, response=self)
requests.exceptions.HTTPError: 503 Server Error: Service Temporarily Unavailable for url: https://api.netatmo.com/api/homesdata
=== 2026-09-25 02:55:01 ===
=== 2026-09-25 03:00:01 ===
Traceback (most recent call last):
  File "/home/pi/netatmo/netatmo_climate.py", line 141, in <module>
    main()
    ~~~~^^
  File "/home/pi/netatmo/netatmo_climate.py", line 134, in main
    access_token = get_access_token()
  File "/home/pi/netatmo/netatmo_climate.py", line 57, in get_access_token
    return refresh_access_token()
  File "/home/pi/netatmo/netatmo_climate.py", line 46, in refresh_access_token
    r.raise_for_status()
    ~~~~~~~~~~~~~~~~~~^^
  File "/home/pi/netatmo/venv/lib/python3.13/site-packages/requests/models.py", line 1026, in raise_for_status
    raise HTTPError(http_error_msg, response=self)
requests.exceptions.HTTPError: 503 Server Error: Service Unavailable for url: https://api.netatmo.com/oauth2/token
=== 2026-09-25 03:05:02 ===
=== 2026-09-25 03:10:01 ===
Traceback (most recent call last):
  File "/home/pi/netatmo/netatmo_climate.py", line 141, in <module>
    main()
    ~~~~^^
  File "/home/pi/netatmo/netatmo_climate.py", line 135, in main
    home, status = get_climate_data(access_token, HOME_ID)
                   ~~~~~~~~~~~~~~~~^^^^^^^^^^^^^^^^^^^^^^^
  File "/home/pi/netatmo/netatmo_climate.py", line 69, in get_climate_data
    r1.raise_for_status()
    ~~~~~~~~~~~~~~~~~~~^^
  File "/home/pi/netatmo/venv/lib/python3.13/site-packages/requests/models.py", line 1026, in raise_for_status
    raise HTTPError(http_error_msg, response=self)
requests.exceptions.HTTPError: 503 Server Error: Service Temporarily Unavailable for url: https://api.netatmo.com/api/homesdata
=== 2026-09-25 03:15:02 ===
=== 2026-09-25 03:20:01 ===
=== 2026-09-25 03:25:01 ===
=== 2026-09-25 03:30:01 ===
Traceback (most recent call last):
  File "/home/pi/netatmo/netatmo_climate.py", line 141, in <module>
    main()
    ~~~~^^
  File "/home/pi/netatmo/netatmo_climate.py", line 134, in main
    access_token = get_access_token()
  File "/home/pi/netatmo/netatmo_climate.py", line 57, in get_access_token
    return refresh_access_token()
  File "/home/pi/netatmo/netatmo_climate.py", line 46, in refresh_access_token
    r.raise_for_status()
    ~~~~~~~~~~~~~~~~~~^^
  File "/home/pi/netatmo/venv/lib/python3.13/site-packages/requests/models.py", line 1026, in raise_for_status
    raise HTTPError(http_error_msg, response=self)
requests.exceptions.HTTPError: 503 Server Error: Service Unavailable for url: https://api.netatmo.com/oauth2/token
=== 2026-09-25 03:35:01 ===
=== 2026-09-25 03:40:01 ===
=== 2026-09-25 03:45:01 ===
=== 2026-09-25 03:50:01 ===
=== 2026-09-25 03:55:01 ===
=== 2026-09-25 04:00:01 ===
Traceback (most recent call last):
  File "/home/pi/netatmo/netatmo_climate.py", line 141, in <module>
    main()
    ~~~~^^
  File "/home/pi/netatmo/netatmo_climate.py", line 134, in main
    access_token = get_access_token()
  File "/home/pi/netatmo/netatmo_climate.py", line 57, in get_access_token
    return refresh_access_token()
  File "/home/pi/netatmo/netatmo_climate.py", line 46, in refresh_access_token
    r.raise_for_status()
    ~~~~~~~~~~~~~~~~~~^^
  File "/home/pi/netatmo/venv/lib/python3.13/site-packages/requests/models.py", line 1026, in raise_for_status
    raise HTTPError(http_error_msg, response=self)
requests.exceptions.HTTPError: 503 Server Error: Service Unavailable for url: https://api.netatmo.com/oauth2/token
=== 2026-09-25 04:05:01 ===
=== 2026-09-25 04:10:02 ===
=== 2026-09-25 04:15:01 ===
=== 2026-09-25 04:20:01 ===
=== 2026-09-25 04:25:01 ===
=== 2026-09-25 04:30:01 ===
Traceback (most recent call last):
  File "/home/pi/netatmo/netatmo_climate.py", line 141, in <module>
    main()
    ~~~~^^
  File "/home/pi/netatmo/netatmo_climate.py", line 135, in main
    home, status = get_climate_data(access_token, HOME_ID)
                   ~~~~~~~~~~~~~~~~^^^^^^^^^^^^^^^^^^^^^^^
  File "/home/pi/netatmo/netatmo_climate.py", line 69, in get_climate_data
    r1.raise_for_status()
    ~~~~~~~~~~~~~~~~~~~^^
  File "/home/pi/netatmo/venv/lib/python3.13/site-packages/requests/models.py", line 1026, in raise_for_status
    raise HTTPError(http_error_msg, response=self)
requests.exceptions.HTTPError: 503 Server Error: Service Temporarily Unavailable for url: https://api.netatmo.com/api/homesdata
=== 2026-09-25 04:35:01 ===
=== 2026-09-25 04:40:01 ===
Traceback (most recent call last):
  File "/home/pi/netatmo/netatmo_climate.py", line 141, in <module>
    main()
    ~~~~^^
  File "/home/pi/netatmo/netatmo_climate.py", line 134, in main
    access_token = get_access_token()
  File "/home/pi/netatmo/netatmo_climate.py", line 57, in get_access_token
    return refresh_access_token()
  File "/home/pi/netatmo/netatmo_climate.py", line 46, in refresh_access_token
    r.raise_for_status()
    ~~~~~~~~~~~~~~~~~~^^
  File "/home/pi/netatmo/venv/lib/python3.13/site-packages/requests/models.py", line 1026, in raise_for_status
    raise HTTPError(http_error_msg, response=self)
requests.exceptions.HTTPError: 500 Server Error: Internal Server Error for url: https://api.netatmo.com/oauth2/token
=== 2026-09-25 04:45:01 ===
=== 2026-09-25 04:50:02 ===
Traceback (most recent call last):
  File "/home/pi/netatmo/netatmo_climate.py", line 141, in <module>
    main()
    ~~~~^^
  File "/home/pi/netatmo/netatmo_climate.py", line 135, in main
    home, status = get_climate_data(access_token, HOME_ID)
                   ~~~~~~~~~~~~~~~~^^^^^^^^^^^^^^^^^^^^^^^
  File "/home/pi/netatmo/netatmo_climate.py", line 69, in get_climate_data
    r1.raise_for_status()
    ~~~~~~~~~~~~~~~~~~~^^
  File "/home/pi/netatmo/venv/lib/python3.13/site-packages/requests/models.py", line 1026, in raise_for_status
    raise HTTPError(http_error_msg, response=self)
requests.exceptions.HTTPError: 503 Server Error: Service Temporarily Unavailable for url: https://api.netatmo.com/api/homesdata
=== 2026-09-25 04:55:01 ===
=== 2026-09-25 05:00:01 ===
Traceback (most recent call last):
  File "/home/pi/netatmo/netatmo_climate.py", line 141, in <module>
    main()
    ~~~~^^
  File "/home/pi/netatmo/netatmo_climate.py", line 134, in main
    access_token = get_access_token()
  File "/home/pi/netatmo/netatmo_climate.py", line 57, in get_access_token
    return refresh_access_token()
  File "/home/pi/netatmo/netatmo_climate.py", line 46, in refresh_access_token
    r.raise_for_status()
    ~~~~~~~~~~~~~~~~~~^^
  File "/home/pi/netatmo/venv/lib/python3.13/site-packages/requests/models.py", line 1026, in raise_for_status
    raise HTTPError(http_error_msg, response=self)
requests.exceptions.HTTPError: 503 Server Error: Service Unavailable for url: https://api.netatmo.com/oauth2/token
=== 2026-09-25 05:05:01 ===
=== 2026-09-25 05:10:02 ===
Traceback (most recent call last):
  File "/home/pi/netatmo/netatmo_climate.py", line 141, in <module>
    main()
    ~~~~^^
  File "/home/pi/netatmo/netatmo_climate.py", line 134, in main
    access_token = get_access_token()
  File "/home/pi/netatmo/netatmo_climate.py", line 57, in get_access_token
    return refresh_access_token()
  File "/home/pi/netatmo/netatmo_climate.py", line 46, in refresh_access_token
    r.raise_for_status()
    ~~~~~~~~~~~~~~~~~~^^
  File "/home/pi/netatmo/venv/lib/python3.13/site-packages/requests/models.py", line 1026, in raise_for_status
    raise HTTPError(http_error_msg, response=self)
requests.exceptions.HTTPError: 503 Server Error: Service Unavailable for url: https://api.netatmo.com/oauth2/token
=== 2026-09-25 05:15:02 ===
=== 2026-09-25 05:20:01 ===
=== 2026-09-25 05:25:01 ===
=== 2026-09-25 05:30:01 ===
Traceback (most recent call last):
  File "/home/pi/netatmo/netatmo_climate.py", line 141, in <module>
    main()
    ~~~~^^
  File "/home/pi/netatmo/netatmo_climate.py", line 134, in main
    access_token = get_access_token()
  File "/home/pi/netatmo/netatmo_climate.py", line 57, in get_access_token
    return refresh_access_token()
  File "/home/pi/netatmo/netatmo_climate.py", line 46, in refresh_access_token
    r.raise_for_status()
    ~~~~~~~~~~~~~~~~~~^^
  File "/home/pi/netatmo/venv/lib/python3.13/site-packages/requests/models.py", line 1026, in raise_for_status
    raise HTTPError(http_error_msg, response=self)
requests.exceptions.HTTPError: 503 Server Error: Service Unavailable for url: https://api.netatmo.com/oauth2/token
=== 2026-09-25 05:35:01 ===
=== 2026-09-25 05:40:01 ===
Traceback (most recent call last):
  File "/home/pi/netatmo/netatmo_climate.py", line 141, in <module>
    main()
    ~~~~^^
  File "/home/pi/netatmo/netatmo_climate.py", line 134, in main
    access_token = get_access_token()
  File "/home/pi/netatmo/netatmo_climate.py", line 57, in get_access_token
    return refresh_access_token()
  File "/home/pi/netatmo/netatmo_climate.py", line 46, in refresh_access_token
    r.raise_for_status()
    ~~~~~~~~~~~~~~~~~~^^
  File "/home/pi/netatmo/venv/lib/python3.13/site-packages/requests/models.py", line 1026, in raise_for_status
    raise HTTPError(http_error_msg, response=self)
requests.exceptions.HTTPError: 503 Server Error: Service Unavailable for url: https://api.netatmo.com/oauth2/token
=== 2026-09-25 05:45:01 ===
=== 2026-09-25 05:50:01 ===
Traceback (most recent call last):
  File "/home/pi/netatmo/netatmo_climate.py", line 141, in <module>
    main()
    ~~~~^^
  File "/home/pi/netatmo/netatmo_climate.py", line 135, in main
    home, status = get_climate_data(access_token, HOME_ID)
                   ~~~~~~~~~~~~~~~~^^^^^^^^^^^^^^^^^^^^^^^
  File "/home/pi/netatmo/netatmo_climate.py", line 69, in get_climate_data
    r1.raise_for_status()
    ~~~~~~~~~~~~~~~~~~~^^
  File "/home/pi/netatmo/venv/lib/python3.13/site-packages/requests/models.py", line 1026, in raise_for_status
    raise HTTPError(http_error_msg, response=self)
requests.exceptions.HTTPError: 503 Server Error: Service Temporarily Unavailable for url: https://api.netatmo.com/api/homesdata
=== 2026-09-25 05:55:01 ===
Traceback (most recent call last):
  File "/home/pi/netatmo/netatmo_climate.py", line 141, in <module>
    main()
    ~~~~^^
  File "/home/pi/netatmo/netatmo_climate.py", line 135, in main
    home, status = get_climate_data(access_token, HOME_ID)
                   ~~~~~~~~~~~~~~~~^^^^^^^^^^^^^^^^^^^^^^^
  File "/home/pi/netatmo/netatmo_climate.py", line 69, in get_climate_data
    r1.raise_for_status()
    ~~~~~~~~~~~~~~~~~~~^^
  File "/home/pi/netatmo/venv/lib/python3.13/site-packages/requests/models.py", line 1026, in raise_for_status
    raise HTTPError(http_error_msg, response=self)
requests.exceptions.HTTPError: 503 Server Error: Service Temporarily Unavailable for url: https://api.netatmo.com/api/homesdata
=== 2026-09-25 06:00:01 ===
Traceback (most recent call last):
  File "/home/pi/netatmo/netatmo_climate.py", line 141, in <module>
    main()
    ~~~~^^
  File "/home/pi/netatmo/netatmo_climate.py", line 134, in main
    access_token = get_access_token()
  File "/home/pi/netatmo/netatmo_climate.py", line 57, in get_access_token
    return refresh_access_token()
  File "/home/pi/netatmo/netatmo_climate.py", line 46, in refresh_access_token
    r.raise_for_status()
    ~~~~~~~~~~~~~~~~~~^^
  File "/home/pi/netatmo/venv/lib/python3.13/site-packages/requests/models.py", line 1026, in raise_for_status
    raise HTTPError(http_error_msg, response=self)
requests.exceptions.HTTPError: 503 Server Error: Service Unavailable for url: https://api.netatmo.com/oauth2/token
=== 2026-09-25 06:05:01 ===
=== 2026-09-25 06:10:01 ===
=== 2026-09-25 06:15:01 ===
=== 2026-09-25 06:20:01 ===
=== 2026-09-25 06:25:01 ===
=== 2026-09-25 06:30:02 ===
Traceback (most recent call last):
  File "/home/pi/netatmo/netatmo_climate.py", line 141, in <module>
    main()
    ~~~~^^
  File "/home/pi/netatmo/netatmo_climate.py", line 135, in main
    home, status = get_climate_data(access_token, HOME_ID)
                   ~~~~~~~~~~~~~~~~^^^^^^^^^^^^^^^^^^^^^^^
  File "/home/pi/netatmo/netatmo_climate.py", line 69, in get_climate_data
    r1.raise_for_status()
    ~~~~~~~~~~~~~~~~~~~^^
  File "/home/pi/netatmo/venv/lib/python3.13/site-packages/requests/models.py", line 1026, in raise_for_status
    raise HTTPError(http_error_msg, response=self)
requests.exceptions.HTTPError: 503 Server Error: Service Temporarily Unavailable for url: https://api.netatmo.com/api/homesdata
=== 2026-09-25 06:35:02 ===
=== 2026-09-25 06:40:01 ===
=== 2026-09-25 06:45:01 ===
=== 2026-09-25 06:50:02 ===
=== 2026-09-25 06:55:01 ===
=== 2026-09-25 07:00:01 ===
=== 2026-09-25 07:05:01 ===
=== 2026-09-25 07:10:02 ===
Traceback (most recent call last):
  File "/home/pi/netatmo/netatmo_climate.py", line 141, in <module>
    main()
    ~~~~^^
  File "/home/pi/netatmo/netatmo_climate.py", line 134, in main
    access_token = get_access_token()
  File "/home/pi/netatmo/netatmo_climate.py", line 57, in get_access_token
    return refresh_access_token()
  File "/home/pi/netatmo/netatmo_climate.py", line 46, in refresh_access_token
    r.raise_for_status()
    ~~~~~~~~~~~~~~~~~~^^
  File "/home/pi/netatmo/venv/lib/python3.13/site-packages/requests/models.py", line 1026, in raise_for_status
    raise HTTPError(http_error_msg, response=self)
requests.exceptions.HTTPError: 503 Server Error: Service Unavailable for url: https://api.netatmo.com/oauth2/token
=== 2026-09-25 07:15:01 ===
=== 2026-09-25 07:20:02 ===
=== 2026-09-25 07:25:01 ===
=== 2026-09-25 07:30:01 ===
Traceback (most recent call last):
  File "/home/pi/netatmo/netatmo_climate.py", line 141, in <module>
    main()
    ~~~~^^
  File "/home/pi/netatmo/netatmo_climate.py", line 134, in main
    access_token = get_access_token()
  File "/home/pi/netatmo/netatmo_climate.py", line 57, in get_access_token
    return refresh_access_token()
  File "/home/pi/netatmo/netatmo_climate.py", line 46, in refresh_access_token
    r.raise_for_status()
    ~~~~~~~~~~~~~~~~~~^^
  File "/home/pi/netatmo/venv/lib/python3.13/site-packages/requests/models.py", line 1026, in raise_for_status
    raise HTTPError(http_error_msg, response=self)
requests.exceptions.HTTPError: 503 Server Error: Service Unavailable for url: https://api.netatmo.com/oauth2/token
=== 2026-09-25 07:35:01 ===
=== 2026-09-25 07:40:01 ===
Traceback (most recent call last):
  File "/home/pi/netatmo/venv/lib/python3.13/site-packages/urllib3/connection.py", line 204, in _new_conn
    sock = connection.create_connection(
        (self._dns_host, self.port),
    ...<2 lines>...
        socket_options=self.socket_options,
    )
  File "/home/pi/netatmo/venv/lib/python3.13/site-packages/urllib3/util/connection.py", line 60, in create_connection
    for res in socket.getaddrinfo(host, port, family, socket.SOCK_STREAM):
               ~~~~~~~~~~~~~~~~~~^^^^^^^^^^^^^^^^^^^^^^^^^^^^^^^^^^^^^^^^
  File "/usr/lib/python3.13/socket.py", line 977, in getaddrinfo
    for res in _socket.getaddrinfo(host, port, family, type, proto, flags):
               ~~~~~~~~~~~~~~~~~~~^^^^^^^^^^^^^^^^^^^^^^^^^^^^^^^^^^^^^^^^
socket.gaierror: [Errno -3] Temporary failure in name resolution

The above exception was the direct cause of the following exception:

Traceback (most recent call last):
  File "/home/pi/netatmo/venv/lib/python3.13/site-packages/urllib3/connectionpool.py", line 787, in urlopen
    response = self._make_request(
        conn,
    ...<10 lines>...
        **response_kw,
    )
  File "/home/pi/netatmo/venv/lib/python3.13/site-packages/urllib3/connectionpool.py", line 488, in _make_request
    raise new_e
  File "/home/pi/netatmo/venv/lib/python3.13/site-packages/urllib3/connectionpool.py", line 464, in _make_request
    self._validate_conn(conn)
    ~~~~~~~~~~~~~~~~~~~^^^^^^
  File "/home/pi/netatmo/venv/lib/python3.13/site-packages/urllib3/connectionpool.py", line 1093, in _validate_conn
    conn.connect()
    ~~~~~~~~~~~~^^
  File "/home/pi/netatmo/venv/lib/python3.13/site-packages/urllib3/connection.py", line 759, in connect
    self.sock = sock = self._new_conn()
                       ~~~~~~~~~~~~~~^^
  File "/home/pi/netatmo/venv/lib/python3.13/site-packages/urllib3/connection.py", line 211, in _new_conn
    raise NameResolutionError(self.host, self, e) from e
urllib3.exceptions.NameResolutionError: HTTPSConnection(host='api.netatmo.com', port=443): Failed to resolve 'api.netatmo.com' ([Errno -3] Temporary failure in name resolution)

The above exception was the direct cause of the following exception:

Traceback (most recent call last):
  File "/home/pi/netatmo/venv/lib/python3.13/site-packages/requests/adapters.py", line 644, in send
    resp = conn.urlopen(
        method=request.method,
    ...<9 lines>...
        chunked=chunked,
    )
  File "/home/pi/netatmo/venv/lib/python3.13/site-packages/urllib3/connectionpool.py", line 841, in urlopen
    retries = retries.increment(
        method, url, error=new_e, _pool=self, _stacktrace=sys.exc_info()[2]
    )
  File "/home/pi/netatmo/venv/lib/python3.13/site-packages/urllib3/util/retry.py", line 535, in increment
    raise MaxRetryError(_pool, url, reason) from reason  # type: ignore[arg-type]
    ^^^^^^^^^^^^^^^^^^^^^^^^^^^^^^^^^^^^^^^^^^^^^^^^^^^
urllib3.exceptions.MaxRetryError: HTTPSConnectionPool(host='api.netatmo.com', port=443): Max retries exceeded with url: /oauth2/token (Caused by NameResolutionError("HTTPSConnection(host='api.netatmo.com', port=443): Failed to resolve 'api.netatmo.com' ([Errno -3] Temporary failure in name resolution)"))

During handling of the above exception, another exception occurred:

Traceback (most recent call last):
  File "/home/pi/netatmo/netatmo_climate.py", line 141, in <module>
    main()
    ~~~~^^
  File "/home/pi/netatmo/netatmo_climate.py", line 134, in main
    access_token = get_access_token()
  File "/home/pi/netatmo/netatmo_climate.py", line 57, in get_access_token
    return refresh_access_token()
  File "/home/pi/netatmo/netatmo_climate.py", line 45, in refresh_access_token
    r = requests.post(url, data=data)
  File "/home/pi/netatmo/venv/lib/python3.13/site-packages/requests/api.py", line 115, in post
    return request("post", url, data=data, json=json, **kwargs)
  File "/home/pi/netatmo/venv/lib/python3.13/site-packages/requests/api.py", line 59, in request
    return session.request(method=method, url=url, **kwargs)
           ~~~~~~~~~~~~~~~^^^^^^^^^^^^^^^^^^^^^^^^^^^^^^^^^^
  File "/home/pi/netatmo/venv/lib/python3.13/site-packages/requests/sessions.py", line 589, in request
    resp = self.send(prep, **send_kwargs)
  File "/home/pi/netatmo/venv/lib/python3.13/site-packages/requests/sessions.py", line 703, in send
    r = adapter.send(request, **kwargs)
  File "/home/pi/netatmo/venv/lib/python3.13/site-packages/requests/adapters.py", line 677, in send
    raise ConnectionError(e, request=request)
requests.exceptions.ConnectionError: HTTPSConnectionPool(host='api.netatmo.com', port=443): Max retries exceeded with url: /oauth2/token (Caused by NameResolutionError("HTTPSConnection(host='api.netatmo.com', port=443): Failed to resolve 'api.netatmo.com' ([Errno -3] Temporary failure in name resolution)"))
=== 2026-09-25 07:45:01 ===
Traceback (most recent call last):
  File "/home/pi/netatmo/netatmo_climate.py", line 141, in <module>
    main()
    ~~~~^^
  File "/home/pi/netatmo/netatmo_climate.py", line 135, in main
    home, status = get_climate_data(access_token, HOME_ID)
                   ~~~~~~~~~~~~~~~~^^^^^^^^^^^^^^^^^^^^^^^
  File "/home/pi/netatmo/netatmo_climate.py", line 69, in get_climate_data
    r1.raise_for_status()
    ~~~~~~~~~~~~~~~~~~~^^
  File "/home/pi/netatmo/venv/lib/python3.13/site-packages/requests/models.py", line 1026, in raise_for_status
    raise HTTPError(http_error_msg, response=self)
requests.exceptions.HTTPError: 503 Server Error: Service Temporarily Unavailable for url: https://api.netatmo.com/api/homesdata
=== 2026-09-25 07:50:01 ===
=== 2026-09-25 07:55:01 ===
=== 2026-09-25 08:00:02 ===
Traceback (most recent call last):
  File "/home/pi/netatmo/netatmo_climate.py", line 141, in <module>
    main()
    ~~~~^^
  File "/home/pi/netatmo/netatmo_climate.py", line 134, in main
    access_token = get_access_token()
  File "/home/pi/netatmo/netatmo_climate.py", line 57, in get_access_token
    return refresh_access_token()
  File "/home/pi/netatmo/netatmo_climate.py", line 46, in refresh_access_token
    r.raise_for_status()
    ~~~~~~~~~~~~~~~~~~^^
  File "/home/pi/netatmo/venv/lib/python3.13/site-packages/requests/models.py", line 1026, in raise_for_status
    raise HTTPError(http_error_msg, response=self)
requests.exceptions.HTTPError: 503 Server Error: Service Unavailable for url: https://api.netatmo.com/oauth2/token
=== 2026-09-25 08:05:01 ===
Traceback (most recent call last):
  File "/home/pi/netatmo/netatmo_climate.py", line 141, in <module>
    main()
    ~~~~^^
  File "/home/pi/netatmo/netatmo_climate.py", line 135, in main
    home, status = get_climate_data(access_token, HOME_ID)
                   ~~~~~~~~~~~~~~~~^^^^^^^^^^^^^^^^^^^^^^^
  File "/home/pi/netatmo/netatmo_climate.py", line 69, in get_climate_data
    r1.raise_for_status()
    ~~~~~~~~~~~~~~~~~~~^^
  File "/home/pi/netatmo/venv/lib/python3.13/site-packages/requests/models.py", line 1026, in raise_for_status
    raise HTTPError(http_error_msg, response=self)
requests.exceptions.HTTPError: 503 Server Error: Service Temporarily Unavailable for url: https://api.netatmo.com/api/homesdata
=== 2026-09-25 08:10:01 ===
Traceback (most recent call last):
  File "/home/pi/netatmo/netatmo_climate.py", line 141, in <module>
    main()
    ~~~~^^
  File "/home/pi/netatmo/netatmo_climate.py", line 135, in main
    home, status = get_climate_data(access_token, HOME_ID)
                   ~~~~~~~~~~~~~~~~^^^^^^^^^^^^^^^^^^^^^^^
  File "/home/pi/netatmo/netatmo_climate.py", line 69, in get_climate_data
    r1.raise_for_status()
    ~~~~~~~~~~~~~~~~~~~^^
  File "/home/pi/netatmo/venv/lib/python3.13/site-packages/requests/models.py", line 1026, in raise_for_status
    raise HTTPError(http_error_msg, response=self)
requests.exceptions.HTTPError: 503 Server Error: Service Temporarily Unavailable for url: https://api.netatmo.com/api/homesdata
=== 2026-09-25 08:15:01 ===
=== 2026-09-25 08:20:02 ===
Traceback (most recent call last):
  File "/home/pi/netatmo/netatmo_climate.py", line 141, in <module>
    main()
    ~~~~^^
  File "/home/pi/netatmo/netatmo_climate.py", line 135, in main
    home, status = get_climate_data(access_token, HOME_ID)
                   ~~~~~~~~~~~~~~~~^^^^^^^^^^^^^^^^^^^^^^^
  File "/home/pi/netatmo/netatmo_climate.py", line 69, in get_climate_data
    r1.raise_for_status()
    ~~~~~~~~~~~~~~~~~~~^^
  File "/home/pi/netatmo/venv/lib/python3.13/site-packages/requests/models.py", line 1026, in raise_for_status
    raise HTTPError(http_error_msg, response=self)
requests.exceptions.HTTPError: 500 Server Error: Internal error for url: https://api.netatmo.com/api/homesdata
=== 2026-09-25 08:25:01 ===
=== 2026-09-25 08:30:02 ===
Traceback (most recent call last):
  File "/home/pi/netatmo/netatmo_climate.py", line 141, in <module>
    main()
    ~~~~^^
  File "/home/pi/netatmo/netatmo_climate.py", line 135, in main
    home, status = get_climate_data(access_token, HOME_ID)
                   ~~~~~~~~~~~~~~~~^^^^^^^^^^^^^^^^^^^^^^^
  File "/home/pi/netatmo/netatmo_climate.py", line 69, in get_climate_data
    r1.raise_for_status()
    ~~~~~~~~~~~~~~~~~~~^^
  File "/home/pi/netatmo/venv/lib/python3.13/site-packages/requests/models.py", line 1026, in raise_for_status
    raise HTTPError(http_error_msg, response=self)
requests.exceptions.HTTPError: 500 Server Error: Internal error for url: https://api.netatmo.com/api/homesdata
=== 2026-09-25 08:35:02 ===
=== 2026-09-25 08:40:01 ===
=== 2026-09-25 08:45:02 ===
Traceback (most recent call last):
  File "/home/pi/netatmo/netatmo_climate.py", line 141, in <module>
    main()
    ~~~~^^
  File "/home/pi/netatmo/netatmo_climate.py", line 135, in main
    home, status = get_climate_data(access_token, HOME_ID)
                   ~~~~~~~~~~~~~~~~^^^^^^^^^^^^^^^^^^^^^^^
  File "/home/pi/netatmo/netatmo_climate.py", line 69, in get_climate_data
    r1.raise_for_status()
    ~~~~~~~~~~~~~~~~~~~^^
  File "/home/pi/netatmo/venv/lib/python3.13/site-packages/requests/models.py", line 1026, in raise_for_status
    raise HTTPError(http_error_msg, response=self)
requests.exceptions.HTTPError: 503 Server Error: Service Temporarily Unavailable for url: https://api.netatmo.com/api/homesdata
=== 2026-09-25 08:50:01 ===
Traceback (most recent call last):
  File "/home/pi/netatmo/netatmo_climate.py", line 141, in <module>
    main()
    ~~~~^^
  File "/home/pi/netatmo/netatmo_climate.py", line 135, in main
    home, status = get_climate_data(access_token, HOME_ID)
                   ~~~~~~~~~~~~~~~~^^^^^^^^^^^^^^^^^^^^^^^
  File "/home/pi/netatmo/netatmo_climate.py", line 69, in get_climate_data
    r1.raise_for_status()
    ~~~~~~~~~~~~~~~~~~~^^
  File "/home/pi/netatmo/venv/lib/python3.13/site-packages/requests/models.py", line 1026, in raise_for_status
    raise HTTPError(http_error_msg, response=self)
requests.exceptions.HTTPError: 503 Server Error: Service Temporarily Unavailable for url: https://api.netatmo.com/api/homesdata
=== 2026-09-25 08:55:01 ===
=== 2026-09-25 09:00:01 ===
Traceback (most recent call last):
  File "/home/pi/netatmo/netatmo_climate.py", line 141, in <module>
    main()
    ~~~~^^
  File "/home/pi/netatmo/netatmo_climate.py", line 135, in main
    home, status = get_climate_data(access_token, HOME_ID)
                   ~~~~~~~~~~~~~~~~^^^^^^^^^^^^^^^^^^^^^^^
  File "/home/pi/netatmo/netatmo_climate.py", line 69, in get_climate_data
    r1.raise_for_status()
    ~~~~~~~~~~~~~~~~~~~^^
  File "/home/pi/netatmo/venv/lib/python3.13/site-packages/requests/models.py", line 1026, in raise_for_status
    raise HTTPError(http_error_msg, response=self)
requests.exceptions.HTTPError: 503 Server Error: Service Temporarily Unavailable for url: https://api.netatmo.com/api/homesdata
=== 2026-09-25 09:05:01 ===
=== 2026-09-25 09:10:02 ===
=== 2026-09-25 09:15:01 ===
=== 2026-09-25 09:20:01 ===
=== 2026-09-25 09:25:01 ===
Traceback (most recent call last):
  File "/home/pi/netatmo/netatmo_climate.py", line 141, in <module>
    main()
    ~~~~^^
  File "/home/pi/netatmo/netatmo_climate.py", line 135, in main
    home, status = get_climate_data(access_token, HOME_ID)
                   ~~~~~~~~~~~~~~~~^^^^^^^^^^^^^^^^^^^^^^^
  File "/home/pi/netatmo/netatmo_climate.py", line 69, in get_climate_data
    r1.raise_for_status()
    ~~~~~~~~~~~~~~~~~~~^^
  File "/home/pi/netatmo/venv/lib/python3.13/site-packages/requests/models.py", line 1026, in raise_for_status
    raise HTTPError(http_error_msg, response=self)
requests.exceptions.HTTPError: 503 Server Error: Service Temporarily Unavailable for url: https://api.netatmo.com/api/homesdata
=== 2026-09-25 09:30:01 ===
=== 2026-09-25 09:35:01 ===
Traceback (most recent call last):
  File "/home/pi/netatmo/netatmo_climate.py", line 141, in <module>
    main()
    ~~~~^^
  File "/home/pi/netatmo/netatmo_climate.py", line 135, in main
    home, status = get_climate_data(access_token, HOME_ID)
                   ~~~~~~~~~~~~~~~~^^^^^^^^^^^^^^^^^^^^^^^
  File "/home/pi/netatmo/netatmo_climate.py", line 69, in get_climate_data
    r1.raise_for_status()
    ~~~~~~~~~~~~~~~~~~~^^
  File "/home/pi/netatmo/venv/lib/python3.13/site-packages/requests/models.py", line 1026, in raise_for_status
    raise HTTPError(http_error_msg, response=self)
requests.exceptions.HTTPError: 503 Server Error: Service Temporarily Unavailable for url: https://api.netatmo.com/api/homesdata
=== 2026-09-25 09:40:02 ===
Traceback (most recent call last):
  File "/home/pi/netatmo/netatmo_climate.py", line 141, in <module>
    main()
    ~~~~^^
  File "/home/pi/netatmo/netatmo_climate.py", line 135, in main
    home, status = get_climate_data(access_token, HOME_ID)
                   ~~~~~~~~~~~~~~~~^^^^^^^^^^^^^^^^^^^^^^^
  File "/home/pi/netatmo/netatmo_climate.py", line 69, in get_climate_data
    r1.raise_for_status()
    ~~~~~~~~~~~~~~~~~~~^^
  File "/home/pi/netatmo/venv/lib/python3.13/site-packages/requests/models.py", line 1026, in raise_for_status
    raise HTTPError(http_error_msg, response=self)
requests.exceptions.HTTPError: 503 Server Error: Service Temporarily Unavailable for url: https://api.netatmo.com/api/homesdata
=== 2026-09-25 09:45:01 ===
=== 2026-09-25 09:50:01 ===
=== 2026-09-25 09:55:01 ===
=== 2026-09-25 10:00:01 ===
Traceback (most recent call last):
  File "/home/pi/netatmo/netatmo_climate.py", line 141, in <module>
    main()
    ~~~~^^
  File "/home/pi/netatmo/netatmo_climate.py", line 135, in main
    home, status = get_climate_data(access_token, HOME_ID)
                   ~~~~~~~~~~~~~~~~^^^^^^^^^^^^^^^^^^^^^^^
  File "/home/pi/netatmo/netatmo_climate.py", line 69, in get_climate_data
    r1.raise_for_status()
    ~~~~~~~~~~~~~~~~~~~^^
  File "/home/pi/netatmo/venv/lib/python3.13/site-packages/requests/models.py", line 1026, in raise_for_status
    raise HTTPError(http_error_msg, response=self)
requests.exceptions.HTTPError: 503 Server Error: Service Temporarily Unavailable for url: https://api.netatmo.com/api/homesdata
=== 2026-09-25 10:05:02 ===
Traceback (most recent call last):
  File "/home/pi/netatmo/netatmo_climate.py", line 141, in <module>
    main()
    ~~~~^^
  File "/home/pi/netatmo/netatmo_climate.py", line 135, in main
    home, status = get_climate_data(access_token, HOME_ID)
                   ~~~~~~~~~~~~~~~~^^^^^^^^^^^^^^^^^^^^^^^
  File "/home/pi/netatmo/netatmo_climate.py", line 69, in get_climate_data
    r1.raise_for_status()
    ~~~~~~~~~~~~~~~~~~~^^
  File "/home/pi/netatmo/venv/lib/python3.13/site-packages/requests/models.py", line 1026, in raise_for_status
    raise HTTPError(http_error_msg, response=self)
requests.exceptions.HTTPError: 503 Server Error: Service Temporarily Unavailable for url: https://api.netatmo.com/api/homesdata
=== 2026-09-25 10:10:01 ===
Traceback (most recent call last):
  File "/home/pi/netatmo/netatmo_climate.py", line 141, in <module>
    main()
    ~~~~^^
  File "/home/pi/netatmo/netatmo_climate.py", line 134, in main
    access_token = get_access_token()
  File "/home/pi/netatmo/netatmo_climate.py", line 57, in get_access_token
    return refresh_access_token()
  File "/home/pi/netatmo/netatmo_climate.py", line 46, in refresh_access_token
    r.raise_for_status()
    ~~~~~~~~~~~~~~~~~~^^
  File "/home/pi/netatmo/venv/lib/python3.13/site-packages/requests/models.py", line 1026, in raise_for_status
    raise HTTPError(http_error_msg, response=self)
requests.exceptions.HTTPError: 503 Server Error: Service Unavailable for url: https://api.netatmo.com/oauth2/token
=== 2026-09-25 10:15:01 ===
=== 2026-09-25 10:20:01 ===
Traceback (most recent call last):
  File "/home/pi/netatmo/netatmo_climate.py", line 141, in <module>
    main()
    ~~~~^^
  File "/home/pi/netatmo/netatmo_climate.py", line 134, in main
    access_token = get_access_token()
  File "/home/pi/netatmo/netatmo_climate.py", line 57, in get_access_token
    return refresh_access_token()
  File "/home/pi/netatmo/netatmo_climate.py", line 46, in refresh_access_token
    r.raise_for_status()
    ~~~~~~~~~~~~~~~~~~^^
  File "/home/pi/netatmo/venv/lib/python3.13/site-packages/requests/models.py", line 1026, in raise_for_status
    raise HTTPError(http_error_msg, response=self)
requests.exceptions.HTTPError: 503 Server Error: Service Unavailable for url: https://api.netatmo.com/oauth2/token
=== 2026-09-25 10:25:01 ===
=== 2026-09-25 10:30:02 ===
Traceback (most recent call last):
  File "/home/pi/netatmo/netatmo_climate.py", line 141, in <module>
    main()
    ~~~~^^
  File "/home/pi/netatmo/netatmo_climate.py", line 134, in main
    access_token = get_access_token()
  File "/home/pi/netatmo/netatmo_climate.py", line 57, in get_access_token
    return refresh_access_token()
  File "/home/pi/netatmo/netatmo_climate.py", line 46, in refresh_access_token
    r.raise_for_status()
    ~~~~~~~~~~~~~~~~~~^^
  File "/home/pi/netatmo/venv/lib/python3.13/site-packages/requests/models.py", line 1026, in raise_for_status
    raise HTTPError(http_error_msg, response=self)
requests.exceptions.HTTPError: 503 Server Error: Service Unavailable for url: https://api.netatmo.com/oauth2/token
=== 2026-09-25 10:35:01 ===
=== 2026-09-25 10:40:01 ===
Traceback (most recent call last):
  File "/home/pi/netatmo/netatmo_climate.py", line 141, in <module>
    main()
    ~~~~^^
  File "/home/pi/netatmo/netatmo_climate.py", line 134, in main
    access_token = get_access_token()
  File "/home/pi/netatmo/netatmo_climate.py", line 57, in get_access_token
    return refresh_access_token()
  File "/home/pi/netatmo/netatmo_climate.py", line 46, in refresh_access_token
    r.raise_for_status()
    ~~~~~~~~~~~~~~~~~~^^
  File "/home/pi/netatmo/venv/lib/python3.13/site-packages/requests/models.py", line 1026, in raise_for_status
    raise HTTPError(http_error_msg, response=self)
requests.exceptions.HTTPError: 503 Server Error: Service Unavailable for url: https://api.netatmo.com/oauth2/token
=== 2026-09-25 10:45:01 ===
Traceback (most recent call last):
  File "/home/pi/netatmo/netatmo_climate.py", line 141, in <module>
    main()
    ~~~~^^
  File "/home/pi/netatmo/netatmo_climate.py", line 135, in main
    home, status = get_climate_data(access_token, HOME_ID)
                   ~~~~~~~~~~~~~~~~^^^^^^^^^^^^^^^^^^^^^^^
  File "/home/pi/netatmo/netatmo_climate.py", line 69, in get_climate_data
    r1.raise_for_status()
    ~~~~~~~~~~~~~~~~~~~^^
  File "/home/pi/netatmo/venv/lib/python3.13/site-packages/requests/models.py", line 1026, in raise_for_status
    raise HTTPError(http_error_msg, response=self)
requests.exceptions.HTTPError: 503 Server Error: Service Temporarily Unavailable for url: https://api.netatmo.com/api/homesdata
=== 2026-09-25 10:50:01 ===
=== 2026-09-25 10:55:01 ===
=== 2026-09-25 11:00:01 ===
=== 2026-09-25 11:05:01 ===
=== 2026-09-25 11:10:01 ===
Traceback (most recent call last):
  File "/home/pi/netatmo/netatmo_climate.py", line 141, in <module>
    main()
    ~~~~^^
  File "/home/pi/netatmo/netatmo_climate.py", line 134, in main
    access_token = get_access_token()
  File "/home/pi/netatmo/netatmo_climate.py", line 57, in get_access_token
    return refresh_access_token()
  File "/home/pi/netatmo/netatmo_climate.py", line 46, in refresh_access_token
    r.raise_for_status()
    ~~~~~~~~~~~~~~~~~~^^
  File "/home/pi/netatmo/venv/lib/python3.13/site-packages/requests/models.py", line 1026, in raise_for_status
    raise HTTPError(http_error_msg, response=self)
requests.exceptions.HTTPError: 503 Server Error: Service Unavailable for url: https://api.netatmo.com/oauth2/token
=== 2026-09-25 11:15:01 ===
Traceback (most recent call last):
  File "/home/pi/netatmo/netatmo_climate.py", line 141, in <module>
    main()
    ~~~~^^
  File "/home/pi/netatmo/netatmo_climate.py", line 135, in main
    home, status = get_climate_data(access_token, HOME_ID)
                   ~~~~~~~~~~~~~~~~^^^^^^^^^^^^^^^^^^^^^^^
  File "/home/pi/netatmo/netatmo_climate.py", line 69, in get_climate_data
    r1.raise_for_status()
    ~~~~~~~~~~~~~~~~~~~^^
  File "/home/pi/netatmo/venv/lib/python3.13/site-packages/requests/models.py", line 1026, in raise_for_status
    raise HTTPError(http_error_msg, response=self)
requests.exceptions.HTTPError: 503 Server Error: Service Temporarily Unavailable for url: https://api.netatmo.com/api/homesdata
=== 2026-09-25 11:20:01 ===
Traceback (most recent call last):
  File "/home/pi/netatmo/netatmo_climate.py", line 141, in <module>
    main()
    ~~~~^^
  File "/home/pi/netatmo/netatmo_climate.py", line 135, in main
    home, status = get_climate_data(access_token, HOME_ID)
                   ~~~~~~~~~~~~~~~~^^^^^^^^^^^^^^^^^^^^^^^
  File "/home/pi/netatmo/netatmo_climate.py", line 69, in get_climate_data
    r1.raise_for_status()
    ~~~~~~~~~~~~~~~~~~~^^
  File "/home/pi/netatmo/venv/lib/python3.13/site-packages/requests/models.py", line 1026, in raise_for_status
    raise HTTPError(http_error_msg, response=self)
requests.exceptions.HTTPError: 503 Server Error: Service Temporarily Unavailable for url: https://api.netatmo.com/api/homesdata
=== 2026-09-25 11:25:01 ===
=== 2026-09-25 11:30:02 ===
=== 2026-09-25 11:35:01 ===
Traceback (most recent call last):
  File "/home/pi/netatmo/netatmo_climate.py", line 141, in <module>
    main()
    ~~~~^^
  File "/home/pi/netatmo/netatmo_climate.py", line 135, in main
    home, status = get_climate_data(access_token, HOME_ID)
                   ~~~~~~~~~~~~~~~~^^^^^^^^^^^^^^^^^^^^^^^
  File "/home/pi/netatmo/netatmo_climate.py", line 69, in get_climate_data
    r1.raise_for_status()
    ~~~~~~~~~~~~~~~~~~~^^
  File "/home/pi/netatmo/venv/lib/python3.13/site-packages/requests/models.py", line 1026, in raise_for_status
    raise HTTPError(http_error_msg, response=self)
requests.exceptions.HTTPError: 503 Server Error: Service Temporarily Unavailable for url: https://api.netatmo.com/api/homesdata
=== 2026-09-25 11:40:01 ===
Traceback (most recent call last):
  File "/home/pi/netatmo/netatmo_climate.py", line 141, in <module>
    main()
    ~~~~^^
  File "/home/pi/netatmo/netatmo_climate.py", line 134, in main
    access_token = get_access_token()
  File "/home/pi/netatmo/netatmo_climate.py", line 57, in get_access_token
    return refresh_access_token()
  File "/home/pi/netatmo/netatmo_climate.py", line 46, in refresh_access_token
    r.raise_for_status()
    ~~~~~~~~~~~~~~~~~~^^
  File "/home/pi/netatmo/venv/lib/python3.13/site-packages/requests/models.py", line 1026, in raise_for_status
    raise HTTPError(http_error_msg, response=self)
requests.exceptions.HTTPError: 503 Server Error: Service Unavailable for url: https://api.netatmo.com/oauth2/token
=== 2026-09-25 11:45:01 ===
=== 2026-09-25 11:50:01 ===
=== 2026-09-25 11:55:01 ===
=== 2026-09-25 12:00:02 ===
Traceback (most recent call last):
  File "/home/pi/netatmo/netatmo_climate.py", line 141, in <module>
    main()
    ~~~~^^
  File "/home/pi/netatmo/netatmo_climate.py", line 134, in main
    access_token = get_access_token()
  File "/home/pi/netatmo/netatmo_climate.py", line 57, in get_access_token
    return refresh_access_token()
  File "/home/pi/netatmo/netatmo_climate.py", line 46, in refresh_access_token
    r.raise_for_status()
    ~~~~~~~~~~~~~~~~~~^^
  File "/home/pi/netatmo/venv/lib/python3.13/site-packages/requests/models.py", line 1026, in raise_for_status
    raise HTTPError(http_error_msg, response=self)
requests.exceptions.HTTPError: 503 Server Error: Service Unavailable for url: https://api.netatmo.com/oauth2/token
=== 2026-09-25 12:05:01 ===
=== 2026-09-25 12:10:01 ===
Traceback (most recent call last):
  File "/home/pi/netatmo/netatmo_climate.py", line 141, in <module>
    main()
    ~~~~^^
  File "/home/pi/netatmo/netatmo_climate.py", line 134, in main
    access_token = get_access_token()
  File "/home/pi/netatmo/netatmo_climate.py", line 57, in get_access_token
    return refresh_access_token()
  File "/home/pi/netatmo/netatmo_climate.py", line 46, in refresh_access_token
    r.raise_for_status()
    ~~~~~~~~~~~~~~~~~~^^
  File "/home/pi/netatmo/venv/lib/python3.13/site-packages/requests/models.py", line 1026, in raise_for_status
    raise HTTPError(http_error_msg, response=self)
requests.exceptions.HTTPError: 503 Server Error: Service Unavailable for url: https://api.netatmo.com/oauth2/token
=== 2026-09-25 12:15:01 ===
=== 2026-09-25 12:20:01 ===
=== 2026-09-25 12:25:01 ===
=== 2026-09-25 12:30:02 ===
Traceback (most recent call last):
  File "/home/pi/netatmo/netatmo_climate.py", line 141, in <module>
    main()
    ~~~~^^
  File "/home/pi/netatmo/netatmo_climate.py", line 134, in main
    access_token = get_access_token()
  File "/home/pi/netatmo/netatmo_climate.py", line 57, in get_access_token
    return refresh_access_token()
  File "/home/pi/netatmo/netatmo_climate.py", line 46, in refresh_access_token
    r.raise_for_status()
    ~~~~~~~~~~~~~~~~~~^^
  File "/home/pi/netatmo/venv/lib/python3.13/site-packages/requests/models.py", line 1026, in raise_for_status
    raise HTTPError(http_error_msg, response=self)
requests.exceptions.HTTPError: 503 Server Error: Service Unavailable for url: https://api.netatmo.com/oauth2/token
=== 2026-09-25 12:35:01 ===
=== 2026-09-25 12:40:02 ===
=== 2026-09-25 12:45:02 ===
=== 2026-09-25 12:50:01 ===
=== 2026-09-25 12:55:01 ===
=== 2026-09-25 13:00:01 ===
Traceback (most recent call last):
  File "/home/pi/netatmo/netatmo_climate.py", line 141, in <module>
    main()
    ~~~~^^
  File "/home/pi/netatmo/netatmo_climate.py", line 135, in main
    home, status = get_climate_data(access_token, HOME_ID)
                   ~~~~~~~~~~~~~~~~^^^^^^^^^^^^^^^^^^^^^^^
  File "/home/pi/netatmo/netatmo_climate.py", line 69, in get_climate_data
    r1.raise_for_status()
    ~~~~~~~~~~~~~~~~~~~^^
  File "/home/pi/netatmo/venv/lib/python3.13/site-packages/requests/models.py", line 1026, in raise_for_status
    raise HTTPError(http_error_msg, response=self)
requests.exceptions.HTTPError: 503 Server Error: Service Temporarily Unavailable for url: https://api.netatmo.com/api/homesdata
=== 2026-09-25 13:05:01 ===
=== 2026-09-25 13:10:01 ===
Traceback (most recent call last):
  File "/home/pi/netatmo/netatmo_climate.py", line 141, in <module>
    main()
    ~~~~^^
  File "/home/pi/netatmo/netatmo_climate.py", line 134, in main
    access_token = get_access_token()
  File "/home/pi/netatmo/netatmo_climate.py", line 57, in get_access_token
    return refresh_access_token()
  File "/home/pi/netatmo/netatmo_climate.py", line 46, in refresh_access_token
    r.raise_for_status()
    ~~~~~~~~~~~~~~~~~~^^
  File "/home/pi/netatmo/venv/lib/python3.13/site-packages/requests/models.py", line 1026, in raise_for_status
    raise HTTPError(http_error_msg, response=self)
requests.exceptions.HTTPError: 503 Server Error: Service Unavailable for url: https://api.netatmo.com/oauth2/token
=== 2026-09-25 13:15:01 ===
=== 2026-09-25 13:20:01 ===
Traceback (most recent call last):
  File "/home/pi/netatmo/netatmo_climate.py", line 141, in <module>
    main()
    ~~~~^^
  File "/home/pi/netatmo/netatmo_climate.py", line 135, in main
    home, status = get_climate_data(access_token, HOME_ID)
                   ~~~~~~~~~~~~~~~~^^^^^^^^^^^^^^^^^^^^^^^
  File "/home/pi/netatmo/netatmo_climate.py", line 69, in get_climate_data
    r1.raise_for_status()
    ~~~~~~~~~~~~~~~~~~~^^
  File "/home/pi/netatmo/venv/lib/python3.13/site-packages/requests/models.py", line 1026, in raise_for_status
    raise HTTPError(http_error_msg, response=self)
requests.exceptions.HTTPError: 503 Server Error: Service Temporarily Unavailable for url: https://api.netatmo.com/api/homesdata
=== 2026-09-25 13:25:02 ===
=== 2026-09-25 13:30:01 ===
Traceback (most recent call last):
  File "/home/pi/netatmo/netatmo_climate.py", line 141, in <module>
    main()
    ~~~~^^
  File "/home/pi/netatmo/netatmo_climate.py", line 135, in main
    home, status = get_climate_data(access_token, HOME_ID)
                   ~~~~~~~~~~~~~~~~^^^^^^^^^^^^^^^^^^^^^^^
  File "/home/pi/netatmo/netatmo_climate.py", line 69, in get_climate_data
    r1.raise_for_status()
    ~~~~~~~~~~~~~~~~~~~^^
  File "/home/pi/netatmo/venv/lib/python3.13/site-packages/requests/models.py", line 1026, in raise_for_status
    raise HTTPError(http_error_msg, response=self)
requests.exceptions.HTTPError: 503 Server Error: Service Temporarily Unavailable for url: https://api.netatmo.com/api/homesdata
=== 2026-09-25 13:35:01 ===
=== 2026-09-25 13:40:01 ===
=== 2026-09-25 13:45:01 ===
=== 2026-09-25 13:50:01 ===
=== 2026-09-25 13:55:01 ===
=== 2026-09-25 14:00:02 ===
=== 2026-09-25 14:05:01 ===
Traceback (most recent call last):
  File "/home/pi/netatmo/netatmo_climate.py", line 141, in <module>
    main()
    ~~~~^^
  File "/home/pi/netatmo/netatmo_climate.py", line 135, in main
    home, status = get_climate_data(access_token, HOME_ID)
                   ~~~~~~~~~~~~~~~~^^^^^^^^^^^^^^^^^^^^^^^
  File "/home/pi/netatmo/netatmo_climate.py", line 69, in get_climate_data
    r1.raise_for_status()
    ~~~~~~~~~~~~~~~~~~~^^
  File "/home/pi/netatmo/venv/lib/python3.13/site-packages/requests/models.py", line 1026, in raise_for_status
    raise HTTPError(http_error_msg, response=self)
requests.exceptions.HTTPError: 503 Server Error: Service Temporarily Unavailable for url: https://api.netatmo.com/api/homesdata
=== 2026-09-25 14:10:01 ===
Traceback (most recent call last):
  File "/home/pi/netatmo/netatmo_climate.py", line 141, in <module>
    main()
    ~~~~^^
  File "/home/pi/netatmo/netatmo_climate.py", line 135, in main
    home, status = get_climate_data(access_token, HOME_ID)
                   ~~~~~~~~~~~~~~~~^^^^^^^^^^^^^^^^^^^^^^^
  File "/home/pi/netatmo/netatmo_climate.py", line 69, in get_climate_data
    r1.raise_for_status()
    ~~~~~~~~~~~~~~~~~~~^^
  File "/home/pi/netatmo/venv/lib/python3.13/site-packages/requests/models.py", line 1026, in raise_for_status
    raise HTTPError(http_error_msg, response=self)
requests.exceptions.HTTPError: 503 Server Error: Service Temporarily Unavailable for url: https://api.netatmo.com/api/homesdata
=== 2026-09-25 14:15:01 ===
=== 2026-09-25 14:20:01 ===
Traceback (most recent call last):
  File "/home/pi/netatmo/netatmo_climate.py", line 141, in <module>
    main()
    ~~~~^^
  File "/home/pi/netatmo/netatmo_climate.py", line 135, in main
    home, status = get_climate_data(access_token, HOME_ID)
                   ~~~~~~~~~~~~~~~~^^^^^^^^^^^^^^^^^^^^^^^
  File "/home/pi/netatmo/netatmo_climate.py", line 69, in get_climate_data
    r1.raise_for_status()
    ~~~~~~~~~~~~~~~~~~~^^
  File "/home/pi/netatmo/venv/lib/python3.13/site-packages/requests/models.py", line 1026, in raise_for_status
    raise HTTPError(http_error_msg, response=self)
requests.exceptions.HTTPError: 503 Server Error: Service Temporarily Unavailable for url: https://api.netatmo.com/api/homesdata
=== 2026-09-25 14:25:02 ===
=== 2026-09-25 14:30:01 ===
Traceback (most recent call last):
  File "/home/pi/netatmo/netatmo_climate.py", line 141, in <module>
    main()
    ~~~~^^
  File "/home/pi/netatmo/netatmo_climate.py", line 134, in main
    access_token = get_access_token()
  File "/home/pi/netatmo/netatmo_climate.py", line 57, in get_access_token
    return refresh_access_token()
  File "/home/pi/netatmo/netatmo_climate.py", line 46, in refresh_access_token
    r.raise_for_status()
    ~~~~~~~~~~~~~~~~~~^^
  File "/home/pi/netatmo/venv/lib/python3.13/site-packages/requests/models.py", line 1026, in raise_for_status
    raise HTTPError(http_error_msg, response=self)
requests.exceptions.HTTPError: 503 Server Error: Service Unavailable for url: https://api.netatmo.com/oauth2/token
=== 2026-09-25 14:35:01 ===
=== 2026-09-25 14:40:02 ===
=== 2026-09-25 14:45:01 ===
=== 2026-09-25 14:50:01 ===
=== 2026-09-25 14:55:01 ===
=== 2026-09-25 15:00:01 ===
Traceback (most recent call last):
  File "/home/pi/netatmo/netatmo_climate.py", line 141, in <module>
    main()
    ~~~~^^
  File "/home/pi/netatmo/netatmo_climate.py", line 135, in main
    home, status = get_climate_data(access_token, HOME_ID)
                   ~~~~~~~~~~~~~~~~^^^^^^^^^^^^^^^^^^^^^^^
  File "/home/pi/netatmo/netatmo_climate.py", line 69, in get_climate_data
    r1.raise_for_status()
    ~~~~~~~~~~~~~~~~~~~^^
  File "/home/pi/netatmo/venv/lib/python3.13/site-packages/requests/models.py", line 1026, in raise_for_status
    raise HTTPError(http_error_msg, response=self)
requests.exceptions.HTTPError: 503 Server Error: Service Temporarily Unavailable for url: https://api.netatmo.com/api/homesdata
=== 2026-09-25 15:05:01 ===
=== 2026-09-25 15:10:02 ===
=== 2026-09-25 15:15:01 ===
=== 2026-09-25 15:20:01 ===
=== 2026-09-25 15:25:01 ===
=== 2026-09-25 15:30:01 ===
Traceback (most recent call last):
  File "/home/pi/netatmo/netatmo_climate.py", line 141, in <module>
    main()
    ~~~~^^
  File "/home/pi/netatmo/netatmo_climate.py", line 135, in main
    home, status = get_climate_data(access_token, HOME_ID)
                   ~~~~~~~~~~~~~~~~^^^^^^^^^^^^^^^^^^^^^^^
  File "/home/pi/netatmo/netatmo_climate.py", line 69, in get_climate_data
    r1.raise_for_status()
    ~~~~~~~~~~~~~~~~~~~^^
  File "/home/pi/netatmo/venv/lib/python3.13/site-packages/requests/models.py", line 1026, in raise_for_status
    raise HTTPError(http_error_msg, response=self)
requests.exceptions.HTTPError: 503 Server Error: Service Temporarily Unavailable for url: https://api.netatmo.com/api/homesdata
=== 2026-09-25 15:35:01 ===
=== 2026-09-25 15:40:01 ===
Traceback (most recent call last):
  File "/home/pi/netatmo/netatmo_climate.py", line 141, in <module>
    main()
    ~~~~^^
  File "/home/pi/netatmo/netatmo_climate.py", line 134, in main
    access_token = get_access_token()
  File "/home/pi/netatmo/netatmo_climate.py", line 57, in get_access_token
    return refresh_access_token()
  File "/home/pi/netatmo/netatmo_climate.py", line 46, in refresh_access_token
    r.raise_for_status()
    ~~~~~~~~~~~~~~~~~~^^
  File "/home/pi/netatmo/venv/lib/python3.13/site-packages/requests/models.py", line 1026, in raise_for_status
    raise HTTPError(http_error_msg, response=self)
requests.exceptions.HTTPError: 503 Server Error: Service Unavailable for url: https://api.netatmo.com/oauth2/token
=== 2026-09-25 15:45:01 ===
=== 2026-09-25 15:50:01 ===
Traceback (most recent call last):
  File "/home/pi/netatmo/netatmo_climate.py", line 141, in <module>
    main()
    ~~~~^^
  File "/home/pi/netatmo/netatmo_climate.py", line 135, in main
    home, status = get_climate_data(access_token, HOME_ID)
                   ~~~~~~~~~~~~~~~~^^^^^^^^^^^^^^^^^^^^^^^
  File "/home/pi/netatmo/netatmo_climate.py", line 69, in get_climate_data
    r1.raise_for_status()
    ~~~~~~~~~~~~~~~~~~~^^
  File "/home/pi/netatmo/venv/lib/python3.13/site-packages/requests/models.py", line 1026, in raise_for_status
    raise HTTPError(http_error_msg, response=self)
requests.exceptions.HTTPError: 503 Server Error: Service Temporarily Unavailable for url: https://api.netatmo.com/api/homesdata
=== 2026-09-25 15:55:01 ===
=== 2026-09-25 16:00:01 ===
Traceback (most recent call last):
  File "/home/pi/netatmo/netatmo_climate.py", line 141, in <module>
    main()
    ~~~~^^
  File "/home/pi/netatmo/netatmo_climate.py", line 134, in main
    access_token = get_access_token()
  File "/home/pi/netatmo/netatmo_climate.py", line 57, in get_access_token
    return refresh_access_token()
  File "/home/pi/netatmo/netatmo_climate.py", line 46, in refresh_access_token
    r.raise_for_status()
    ~~~~~~~~~~~~~~~~~~^^
  File "/home/pi/netatmo/venv/lib/python3.13/site-packages/requests/models.py", line 1026, in raise_for_status
    raise HTTPError(http_error_msg, response=self)
requests.exceptions.HTTPError: 503 Server Error: Service Unavailable for url: https://api.netatmo.com/oauth2/token
=== 2026-09-25 16:05:02 ===
=== 2026-09-25 16:10:01 ===
=== 2026-09-25 16:15:01 ===
=== 2026-09-25 16:20:02 ===
=== 2026-09-25 16:25:01 ===
=== 2026-09-25 16:30:01 ===
Traceback (most recent call last):
  File "/home/pi/netatmo/netatmo_climate.py", line 141, in <module>
    main()
    ~~~~^^
  File "/home/pi/netatmo/netatmo_climate.py", line 134, in main
    access_token = get_access_token()
  File "/home/pi/netatmo/netatmo_climate.py", line 57, in get_access_token
    return refresh_access_token()
  File "/home/pi/netatmo/netatmo_climate.py", line 46, in refresh_access_token
    r.raise_for_status()
    ~~~~~~~~~~~~~~~~~~^^
  File "/home/pi/netatmo/venv/lib/python3.13/site-packages/requests/models.py", line 1026, in raise_for_status
    raise HTTPError(http_error_msg, response=self)
requests.exceptions.HTTPError: 503 Server Error: Service Unavailable for url: https://api.netatmo.com/oauth2/token
=== 2026-09-25 16:35:01 ===
=== 2026-09-25 16:40:02 ===
Traceback (most recent call last):
  File "/home/pi/netatmo/netatmo_climate.py", line 141, in <module>
    main()
    ~~~~^^
  File "/home/pi/netatmo/netatmo_climate.py", line 134, in main
    access_token = get_access_token()
  File "/home/pi/netatmo/netatmo_climate.py", line 57, in get_access_token
    return refresh_access_token()
  File "/home/pi/netatmo/netatmo_climate.py", line 46, in refresh_access_token
    r.raise_for_status()
    ~~~~~~~~~~~~~~~~~~^^
  File "/home/pi/netatmo/venv/lib/python3.13/site-packages/requests/models.py", line 1026, in raise_for_status
    raise HTTPError(http_error_msg, response=self)
requests.exceptions.HTTPError: 503 Server Error: Service Unavailable for url: https://api.netatmo.com/oauth2/token
=== 2026-09-25 16:45:02 ===
Traceback (most recent call last):
  File "/home/pi/netatmo/netatmo_climate.py", line 141, in <module>
    main()
    ~~~~^^
  File "/home/pi/netatmo/netatmo_climate.py", line 135, in main
    home, status = get_climate_data(access_token, HOME_ID)
                   ~~~~~~~~~~~~~~~~^^^^^^^^^^^^^^^^^^^^^^^
  File "/home/pi/netatmo/netatmo_climate.py", line 69, in get_climate_data
    r1.raise_for_status()
    ~~~~~~~~~~~~~~~~~~~^^
  File "/home/pi/netatmo/venv/lib/python3.13/site-packages/requests/models.py", line 1026, in raise_for_status
    raise HTTPError(http_error_msg, response=self)
requests.exceptions.HTTPError: 503 Server Error: Service Temporarily Unavailable for url: https://api.netatmo.com/api/homesdata
=== 2026-09-25 16:50:01 ===
=== 2026-09-25 16:55:02 ===
=== 2026-09-25 17:00:02 ===
Traceback (most recent call last):
  File "/home/pi/netatmo/netatmo_climate.py", line 141, in <module>
    main()
    ~~~~^^
  File "/home/pi/netatmo/netatmo_climate.py", line 135, in main
    home, status = get_climate_data(access_token, HOME_ID)
                   ~~~~~~~~~~~~~~~~^^^^^^^^^^^^^^^^^^^^^^^
  File "/home/pi/netatmo/netatmo_climate.py", line 69, in get_climate_data
    r1.raise_for_status()
    ~~~~~~~~~~~~~~~~~~~^^
  File "/home/pi/netatmo/venv/lib/python3.13/site-packages/requests/models.py", line 1026, in raise_for_status
    raise HTTPError(http_error_msg, response=self)
requests.exceptions.HTTPError: 503 Server Error: Service Temporarily Unavailable for url: https://api.netatmo.com/api/homesdata
=== 2026-09-25 17:05:01 ===
=== 2026-09-25 17:10:01 ===
Traceback (most recent call last):
  File "/home/pi/netatmo/netatmo_climate.py", line 141, in <module>
    main()
    ~~~~^^
  File "/home/pi/netatmo/netatmo_climate.py", line 134, in main
    access_token = get_access_token()
  File "/home/pi/netatmo/netatmo_climate.py", line 57, in get_access_token
    return refresh_access_token()
  File "/home/pi/netatmo/netatmo_climate.py", line 46, in refresh_access_token
    r.raise_for_status()
    ~~~~~~~~~~~~~~~~~~^^
  File "/home/pi/netatmo/venv/lib/python3.13/site-packages/requests/models.py", line 1026, in raise_for_status
    raise HTTPError(http_error_msg, response=self)
requests.exceptions.HTTPError: 503 Server Error: Service Unavailable for url: https://api.netatmo.com/oauth2/token
=== 2026-09-25 17:15:01 ===
Traceback (most recent call last):
  File "/home/pi/netatmo/netatmo_climate.py", line 141, in <module>
    main()
    ~~~~^^
  File "/home/pi/netatmo/netatmo_climate.py", line 135, in main
    home, status = get_climate_data(access_token, HOME_ID)
                   ~~~~~~~~~~~~~~~~^^^^^^^^^^^^^^^^^^^^^^^
  File "/home/pi/netatmo/netatmo_climate.py", line 69, in get_climate_data
    r1.raise_for_status()
    ~~~~~~~~~~~~~~~~~~~^^
  File "/home/pi/netatmo/venv/lib/python3.13/site-packages/requests/models.py", line 1026, in raise_for_status
    raise HTTPError(http_error_msg, response=self)
requests.exceptions.HTTPError: 503 Server Error: Service Temporarily Unavailable for url: https://api.netatmo.com/api/homesdata
=== 2026-09-25 17:20:01 ===
=== 2026-09-25 17:25:01 ===
=== 2026-09-25 17:30:01 ===
Traceback (most recent call last):
  File "/home/pi/netatmo/netatmo_climate.py", line 141, in <module>
    main()
    ~~~~^^
  File "/home/pi/netatmo/netatmo_climate.py", line 134, in main
    access_token = get_access_token()
  File "/home/pi/netatmo/netatmo_climate.py", line 57, in get_access_token
    return refresh_access_token()
  File "/home/pi/netatmo/netatmo_climate.py", line 46, in refresh_access_token
    r.raise_for_status()
    ~~~~~~~~~~~~~~~~~~^^
  File "/home/pi/netatmo/venv/lib/python3.13/site-packages/requests/models.py", line 1026, in raise_for_status
    raise HTTPError(http_error_msg, response=self)
requests.exceptions.HTTPError: 503 Server Error: Service Unavailable for url: https://api.netatmo.com/oauth2/token
=== 2026-09-25 17:35:01 ===
=== 2026-09-25 17:40:01 ===
Traceback (most recent call last):
  File "/home/pi/netatmo/netatmo_climate.py", line 141, in <module>
    main()
    ~~~~^^
  File "/home/pi/netatmo/netatmo_climate.py", line 134, in main
    access_token = get_access_token()
  File "/home/pi/netatmo/netatmo_climate.py", line 57, in get_access_token
    return refresh_access_token()
  File "/home/pi/netatmo/netatmo_climate.py", line 46, in refresh_access_token
    r.raise_for_status()
    ~~~~~~~~~~~~~~~~~~^^
  File "/home/pi/netatmo/venv/lib/python3.13/site-packages/requests/models.py", line 1026, in raise_for_status
    raise HTTPError(http_error_msg, response=self)
requests.exceptions.HTTPError: 503 Server Error: Service Unavailable for url: https://api.netatmo.com/oauth2/token
=== 2026-09-25 17:45:01 ===
Traceback (most recent call last):
  File "/home/pi/netatmo/netatmo_climate.py", line 141, in <module>
    main()
    ~~~~^^
  File "/home/pi/netatmo/netatmo_climate.py", line 135, in main
    home, status = get_climate_data(access_token, HOME_ID)
                   ~~~~~~~~~~~~~~~~^^^^^^^^^^^^^^^^^^^^^^^
  File "/home/pi/netatmo/netatmo_climate.py", line 69, in get_climate_data
    r1.raise_for_status()
    ~~~~~~~~~~~~~~~~~~~^^
  File "/home/pi/netatmo/venv/lib/python3.13/site-packages/requests/models.py", line 1026, in raise_for_status
    raise HTTPError(http_error_msg, response=self)
requests.exceptions.HTTPError: 503 Server Error: Service Temporarily Unavailable for url: https://api.netatmo.com/api/homesdata
=== 2026-09-25 17:50:02 ===
=== 2026-09-25 17:55:01 ===
=== 2026-09-25 18:00:01 ===
Traceback (most recent call last):
  File "/home/pi/netatmo/netatmo_climate.py", line 141, in <module>
    main()
    ~~~~^^
  File "/home/pi/netatmo/netatmo_climate.py", line 134, in main
    access_token = get_access_token()
  File "/home/pi/netatmo/netatmo_climate.py", line 57, in get_access_token
    return refresh_access_token()
  File "/home/pi/netatmo/netatmo_climate.py", line 46, in refresh_access_token
    r.raise_for_status()
    ~~~~~~~~~~~~~~~~~~^^
  File "/home/pi/netatmo/venv/lib/python3.13/site-packages/requests/models.py", line 1026, in raise_for_status
    raise HTTPError(http_error_msg, response=self)
requests.exceptions.HTTPError: 503 Server Error: Service Unavailable for url: https://api.netatmo.com/oauth2/token
=== 2026-09-25 18:05:01 ===
=== 2026-09-25 18:10:01 ===
Traceback (most recent call last):
  File "/home/pi/netatmo/netatmo_climate.py", line 141, in <module>
    main()
    ~~~~^^
  File "/home/pi/netatmo/netatmo_climate.py", line 134, in main
    access_token = get_access_token()
  File "/home/pi/netatmo/netatmo_climate.py", line 57, in get_access_token
    return refresh_access_token()
  File "/home/pi/netatmo/netatmo_climate.py", line 46, in refresh_access_token
    r.raise_for_status()
    ~~~~~~~~~~~~~~~~~~^^
  File "/home/pi/netatmo/venv/lib/python3.13/site-packages/requests/models.py", line 1026, in raise_for_status
    raise HTTPError(http_error_msg, response=self)
requests.exceptions.HTTPError: 503 Server Error: Service Unavailable for url: https://api.netatmo.com/oauth2/token
=== 2026-09-25 18:15:02 ===
Traceback (most recent call last):
  File "/home/pi/netatmo/netatmo_climate.py", line 141, in <module>
    main()
    ~~~~^^
  File "/home/pi/netatmo/netatmo_climate.py", line 135, in main
    home, status = get_climate_data(access_token, HOME_ID)
                   ~~~~~~~~~~~~~~~~^^^^^^^^^^^^^^^^^^^^^^^
  File "/home/pi/netatmo/netatmo_climate.py", line 69, in get_climate_data
    r1.raise_for_status()
    ~~~~~~~~~~~~~~~~~~~^^
  File "/home/pi/netatmo/venv/lib/python3.13/site-packages/requests/models.py", line 1026, in raise_for_status
    raise HTTPError(http_error_msg, response=self)
requests.exceptions.HTTPError: 503 Server Error: Service Temporarily Unavailable for url: https://api.netatmo.com/api/homesdata
=== 2026-09-25 18:20:02 ===
Traceback (most recent call last):
  File "/home/pi/netatmo/netatmo_climate.py", line 141, in <module>
    main()
    ~~~~^^
  File "/home/pi/netatmo/netatmo_climate.py", line 135, in main
    home, status = get_climate_data(access_token, HOME_ID)
                   ~~~~~~~~~~~~~~~~^^^^^^^^^^^^^^^^^^^^^^^
  File "/home/pi/netatmo/netatmo_climate.py", line 69, in get_climate_data
    r1.raise_for_status()
    ~~~~~~~~~~~~~~~~~~~^^
  File "/home/pi/netatmo/venv/lib/python3.13/site-packages/requests/models.py", line 1026, in raise_for_status
    raise HTTPError(http_error_msg, response=self)
requests.exceptions.HTTPError: 503 Server Error: Service Temporarily Unavailable for url: https://api.netatmo.com/api/homesdata
=== 2026-09-25 18:25:01 ===
=== 2026-09-25 18:30:01 ===
Traceback (most recent call last):
  File "/home/pi/netatmo/netatmo_climate.py", line 141, in <module>
    main()
    ~~~~^^
  File "/home/pi/netatmo/netatmo_climate.py", line 134, in main
    access_token = get_access_token()
  File "/home/pi/netatmo/netatmo_climate.py", line 57, in get_access_token
    return refresh_access_token()
  File "/home/pi/netatmo/netatmo_climate.py", line 46, in refresh_access_token
    r.raise_for_status()
    ~~~~~~~~~~~~~~~~~~^^
  File "/home/pi/netatmo/venv/lib/python3.13/site-packages/requests/models.py", line 1026, in raise_for_status
    raise HTTPError(http_error_msg, response=self)
requests.exceptions.HTTPError: 503 Server Error: Service Unavailable for url: https://api.netatmo.com/oauth2/token
=== 2026-09-25 18:35:01 ===
=== 2026-09-25 18:40:01 ===
Traceback (most recent call last):
  File "/home/pi/netatmo/netatmo_climate.py", line 141, in <module>
    main()
    ~~~~^^
  File "/home/pi/netatmo/netatmo_climate.py", line 134, in main
    access_token = get_access_token()
  File "/home/pi/netatmo/netatmo_climate.py", line 57, in get_access_token
    return refresh_access_token()
  File "/home/pi/netatmo/netatmo_climate.py", line 46, in refresh_access_token
    r.raise_for_status()
    ~~~~~~~~~~~~~~~~~~^^
  File "/home/pi/netatmo/venv/lib/python3.13/site-packages/requests/models.py", line 1026, in raise_for_status
    raise HTTPError(http_error_msg, response=self)
requests.exceptions.HTTPError: 503 Server Error: Service Unavailable for url: https://api.netatmo.com/oauth2/token
=== 2026-09-25 18:45:01 ===
=== 2026-09-25 18:50:02 ===
=== 2026-09-25 18:55:01 ===
=== 2026-09-25 19:00:02 ===
Traceback (most recent call last):
  File "/home/pi/netatmo/netatmo_climate.py", line 141, in <module>
    main()
    ~~~~^^
  File "/home/pi/netatmo/netatmo_climate.py", line 135, in main
    home, status = get_climate_data(access_token, HOME_ID)
                   ~~~~~~~~~~~~~~~~^^^^^^^^^^^^^^^^^^^^^^^
  File "/home/pi/netatmo/netatmo_climate.py", line 69, in get_climate_data
    r1.raise_for_status()
    ~~~~~~~~~~~~~~~~~~~^^
  File "/home/pi/netatmo/venv/lib/python3.13/site-packages/requests/models.py", line 1026, in raise_for_status
    raise HTTPError(http_error_msg, response=self)
requests.exceptions.HTTPError: 503 Server Error: Service Temporarily Unavailable for url: https://api.netatmo.com/api/homesdata
=== 2026-09-25 19:05:01 ===
=== 2026-09-25 19:10:01 ===
=== 2026-09-25 19:15:01 ===
Traceback (most recent call last):
  File "/home/pi/netatmo/netatmo_climate.py", line 141, in <module>
    main()
    ~~~~^^
  File "/home/pi/netatmo/netatmo_climate.py", line 135, in main
    home, status = get_climate_data(access_token, HOME_ID)
                   ~~~~~~~~~~~~~~~~^^^^^^^^^^^^^^^^^^^^^^^
  File "/home/pi/netatmo/netatmo_climate.py", line 69, in get_climate_data
    r1.raise_for_status()
    ~~~~~~~~~~~~~~~~~~~^^
  File "/home/pi/netatmo/venv/lib/python3.13/site-packages/requests/models.py", line 1026, in raise_for_status
    raise HTTPError(http_error_msg, response=self)
requests.exceptions.HTTPError: 503 Server Error: Service Temporarily Unavailable for url: https://api.netatmo.com/api/homesdata
=== 2026-09-25 19:20:02 ===
=== 2026-09-25 19:25:01 ===
=== 2026-09-25 19:30:02 ===
Traceback (most recent call last):
  File "/home/pi/netatmo/netatmo_climate.py", line 141, in <module>
    main()
    ~~~~^^
  File "/home/pi/netatmo/netatmo_climate.py", line 134, in main
    access_token = get_access_token()
  File "/home/pi/netatmo/netatmo_climate.py", line 57, in get_access_token
    return refresh_access_token()
  File "/home/pi/netatmo/netatmo_climate.py", line 46, in refresh_access_token
    r.raise_for_status()
    ~~~~~~~~~~~~~~~~~~^^
  File "/home/pi/netatmo/venv/lib/python3.13/site-packages/requests/models.py", line 1026, in raise_for_status
    raise HTTPError(http_error_msg, response=self)
requests.exceptions.HTTPError: 503 Server Error: Service Unavailable for url: https://api.netatmo.com/oauth2/token
=== 2026-09-25 19:35:01 ===
=== 2026-09-25 19:40:01 ===
=== 2026-09-25 19:45:01 ===
Traceback (most recent call last):
  File "/home/pi/netatmo/netatmo_climate.py", line 141, in <module>
    main()
    ~~~~^^
  File "/home/pi/netatmo/netatmo_climate.py", line 135, in main
    home, status = get_climate_data(access_token, HOME_ID)
                   ~~~~~~~~~~~~~~~~^^^^^^^^^^^^^^^^^^^^^^^
  File "/home/pi/netatmo/netatmo_climate.py", line 69, in get_climate_data
    r1.raise_for_status()
    ~~~~~~~~~~~~~~~~~~~^^
  File "/home/pi/netatmo/venv/lib/python3.13/site-packages/requests/models.py", line 1026, in raise_for_status
    raise HTTPError(http_error_msg, response=self)
requests.exceptions.HTTPError: 503 Server Error: Service Temporarily Unavailable for url: https://api.netatmo.com/api/homesdata
=== 2026-09-25 19:50:01 ===
Traceback (most recent call last):
  File "/home/pi/netatmo/netatmo_climate.py", line 141, in <module>
    main()
    ~~~~^^
  File "/home/pi/netatmo/netatmo_climate.py", line 135, in main
    home, status = get_climate_data(access_token, HOME_ID)
                   ~~~~~~~~~~~~~~~~^^^^^^^^^^^^^^^^^^^^^^^
  File "/home/pi/netatmo/netatmo_climate.py", line 69, in get_climate_data
    r1.raise_for_status()
    ~~~~~~~~~~~~~~~~~~~^^
  File "/home/pi/netatmo/venv/lib/python3.13/site-packages/requests/models.py", line 1026, in raise_for_status
    raise HTTPError(http_error_msg, response=self)
requests.exceptions.HTTPError: 503 Server Error: Service Temporarily Unavailable for url: https://api.netatmo.com/api/homesdata
=== 2026-09-25 19:55:01 ===
=== 2026-09-25 20:00:01 ===
Traceback (most recent call last):
  File "/home/pi/netatmo/netatmo_climate.py", line 141, in <module>
    main()
    ~~~~^^
  File "/home/pi/netatmo/netatmo_climate.py", line 135, in main
    home, status = get_climate_data(access_token, HOME_ID)
                   ~~~~~~~~~~~~~~~~^^^^^^^^^^^^^^^^^^^^^^^
  File "/home/pi/netatmo/netatmo_climate.py", line 69, in get_climate_data
    r1.raise_for_status()
    ~~~~~~~~~~~~~~~~~~~^^
  File "/home/pi/netatmo/venv/lib/python3.13/site-packages/requests/models.py", line 1026, in raise_for_status
    raise HTTPError(http_error_msg, response=self)
requests.exceptions.HTTPError: 503 Server Error: Service Temporarily Unavailable for url: https://api.netatmo.com/api/homesdata
=== 2026-09-25 20:05:01 ===
=== 2026-09-25 20:10:02 ===
Traceback (most recent call last):
  File "/home/pi/netatmo/netatmo_climate.py", line 141, in <module>
    main()
    ~~~~^^
  File "/home/pi/netatmo/netatmo_climate.py", line 134, in main
    access_token = get_access_token()
  File "/home/pi/netatmo/netatmo_climate.py", line 57, in get_access_token
    return refresh_access_token()
  File "/home/pi/netatmo/netatmo_climate.py", line 46, in refresh_access_token
    r.raise_for_status()
    ~~~~~~~~~~~~~~~~~~^^
  File "/home/pi/netatmo/venv/lib/python3.13/site-packages/requests/models.py", line 1026, in raise_for_status
    raise HTTPError(http_error_msg, response=self)
requests.exceptions.HTTPError: 503 Server Error: Service Unavailable for url: https://api.netatmo.com/oauth2/token
=== 2026-09-25 20:15:01 ===
=== 2026-09-25 20:20:01 ===
Traceback (most recent call last):
  File "/home/pi/netatmo/netatmo_climate.py", line 141, in <module>
    main()
    ~~~~^^
  File "/home/pi/netatmo/netatmo_climate.py", line 135, in main
    home, status = get_climate_data(access_token, HOME_ID)
                   ~~~~~~~~~~~~~~~~^^^^^^^^^^^^^^^^^^^^^^^
  File "/home/pi/netatmo/netatmo_climate.py", line 69, in get_climate_data
    r1.raise_for_status()
    ~~~~~~~~~~~~~~~~~~~^^
  File "/home/pi/netatmo/venv/lib/python3.13/site-packages/requests/models.py", line 1026, in raise_for_status
    raise HTTPError(http_error_msg, response=self)
requests.exceptions.HTTPError: 503 Server Error: Service Temporarily Unavailable for url: https://api.netatmo.com/api/homesdata
=== 2026-09-25 20:25:01 ===
=== 2026-09-25 20:30:01 ===
Traceback (most recent call last):
  File "/home/pi/netatmo/netatmo_climate.py", line 141, in <module>
    main()
    ~~~~^^
  File "/home/pi/netatmo/netatmo_climate.py", line 134, in main
    access_token = get_access_token()
  File "/home/pi/netatmo/netatmo_climate.py", line 57, in get_access_token
    return refresh_access_token()
  File "/home/pi/netatmo/netatmo_climate.py", line 46, in refresh_access_token
    r.raise_for_status()
    ~~~~~~~~~~~~~~~~~~^^
  File "/home/pi/netatmo/venv/lib/python3.13/site-packages/requests/models.py", line 1026, in raise_for_status
    raise HTTPError(http_error_msg, response=self)
requests.exceptions.HTTPError: 503 Server Error: Service Unavailable for url: https://api.netatmo.com/oauth2/token
=== 2026-09-25 20:35:01 ===
=== 2026-09-25 20:40:01 ===
=== 2026-09-25 20:45:01 ===
=== 2026-09-25 20:50:01 ===
=== 2026-09-25 20:55:01 ===
=== 2026-09-25 21:00:02 ===
Traceback (most recent call last):
  File "/home/pi/netatmo/netatmo_climate.py", line 141, in <module>
    main()
    ~~~~^^
  File "/home/pi/netatmo/netatmo_climate.py", line 134, in main
    access_token = get_access_token()
  File "/home/pi/netatmo/netatmo_climate.py", line 57, in get_access_token
    return refresh_access_token()
  File "/home/pi/netatmo/netatmo_climate.py", line 46, in refresh_access_token
    r.raise_for_status()
    ~~~~~~~~~~~~~~~~~~^^
  File "/home/pi/netatmo/venv/lib/python3.13/site-packages/requests/models.py", line 1026, in raise_for_status
    raise HTTPError(http_error_msg, response=self)
requests.exceptions.HTTPError: 503 Server Error: Service Unavailable for url: https://api.netatmo.com/oauth2/token
=== 2026-09-25 21:05:01 ===
=== 2026-09-25 21:10:01 ===
Traceback (most recent call last):
  File "/home/pi/netatmo/netatmo_climate.py", line 141, in <module>
    main()
    ~~~~^^
  File "/home/pi/netatmo/netatmo_climate.py", line 135, in main
    home, status = get_climate_data(access_token, HOME_ID)
                   ~~~~~~~~~~~~~~~~^^^^^^^^^^^^^^^^^^^^^^^
  File "/home/pi/netatmo/netatmo_climate.py", line 69, in get_climate_data
    r1.raise_for_status()
    ~~~~~~~~~~~~~~~~~~~^^
  File "/home/pi/netatmo/venv/lib/python3.13/site-packages/requests/models.py", line 1026, in raise_for_status
    raise HTTPError(http_error_msg, response=self)
requests.exceptions.HTTPError: 503 Server Error: Service Temporarily Unavailable for url: https://api.netatmo.com/api/homesdata
=== 2026-09-25 21:15:01 ===
=== 2026-09-25 21:20:01 ===
Traceback (most recent call last):
  File "/home/pi/netatmo/netatmo_climate.py", line 141, in <module>
    main()
    ~~~~^^
  File "/home/pi/netatmo/netatmo_climate.py", line 135, in main
    home, status = get_climate_data(access_token, HOME_ID)
                   ~~~~~~~~~~~~~~~~^^^^^^^^^^^^^^^^^^^^^^^
  File "/home/pi/netatmo/netatmo_climate.py", line 69, in get_climate_data
    r1.raise_for_status()
    ~~~~~~~~~~~~~~~~~~~^^
  File "/home/pi/netatmo/venv/lib/python3.13/site-packages/requests/models.py", line 1026, in raise_for_status
    raise HTTPError(http_error_msg, response=self)
requests.exceptions.HTTPError: 503 Server Error: Service Temporarily Unavailable for url: https://api.netatmo.com/api/homesdata
=== 2026-09-25 21:25:02 ===
=== 2026-09-25 21:30:01 ===
Traceback (most recent call last):
  File "/home/pi/netatmo/netatmo_climate.py", line 141, in <module>
    main()
    ~~~~^^
  File "/home/pi/netatmo/netatmo_climate.py", line 135, in main
    home, status = get_climate_data(access_token, HOME_ID)
                   ~~~~~~~~~~~~~~~~^^^^^^^^^^^^^^^^^^^^^^^
  File "/home/pi/netatmo/netatmo_climate.py", line 69, in get_climate_data
    r1.raise_for_status()
    ~~~~~~~~~~~~~~~~~~~^^
  File "/home/pi/netatmo/venv/lib/python3.13/site-packages/requests/models.py", line 1026, in raise_for_status
    raise HTTPError(http_error_msg, response=self)
requests.exceptions.HTTPError: 503 Server Error: Service Temporarily Unavailable for url: https://api.netatmo.com/api/homesdata
=== 2026-09-25 21:35:01 ===
=== 2026-09-25 21:40:01 ===
Traceback (most recent call last):
  File "/home/pi/netatmo/netatmo_climate.py", line 141, in <module>
    main()
    ~~~~^^
  File "/home/pi/netatmo/netatmo_climate.py", line 134, in main
    access_token = get_access_token()
  File "/home/pi/netatmo/netatmo_climate.py", line 57, in get_access_token
    return refresh_access_token()
  File "/home/pi/netatmo/netatmo_climate.py", line 46, in refresh_access_token
    r.raise_for_status()
    ~~~~~~~~~~~~~~~~~~^^
  File "/home/pi/netatmo/venv/lib/python3.13/site-packages/requests/models.py", line 1026, in raise_for_status
    raise HTTPError(http_error_msg, response=self)
requests.exceptions.HTTPError: 503 Server Error: Service Unavailable for url: https://api.netatmo.com/oauth2/token
=== 2026-09-25 21:45:02 ===
Traceback (most recent call last):
  File "/home/pi/netatmo/netatmo_climate.py", line 141, in <module>
    main()
    ~~~~^^
  File "/home/pi/netatmo/netatmo_climate.py", line 135, in main
    home, status = get_climate_data(access_token, HOME_ID)
                   ~~~~~~~~~~~~~~~~^^^^^^^^^^^^^^^^^^^^^^^
  File "/home/pi/netatmo/netatmo_climate.py", line 69, in get_climate_data
    r1.raise_for_status()
    ~~~~~~~~~~~~~~~~~~~^^
  File "/home/pi/netatmo/venv/lib/python3.13/site-packages/requests/models.py", line 1026, in raise_for_status
    raise HTTPError(http_error_msg, response=self)
requests.exceptions.HTTPError: 503 Server Error: Service Temporarily Unavailable for url: https://api.netatmo.com/api/homesdata
=== 2026-09-25 21:50:01 ===
=== 2026-09-25 21:55:01 ===
=== 2026-09-25 22:00:01 ===
Traceback (most recent call last):
  File "/home/pi/netatmo/netatmo_climate.py", line 141, in <module>
    main()
    ~~~~^^
  File "/home/pi/netatmo/netatmo_climate.py", line 134, in main
    access_token = get_access_token()
  File "/home/pi/netatmo/netatmo_climate.py", line 57, in get_access_token
    return refresh_access_token()
  File "/home/pi/netatmo/netatmo_climate.py", line 46, in refresh_access_token
    r.raise_for_status()
    ~~~~~~~~~~~~~~~~~~^^
  File "/home/pi/netatmo/venv/lib/python3.13/site-packages/requests/models.py", line 1026, in raise_for_status
    raise HTTPError(http_error_msg, response=self)
requests.exceptions.HTTPError: 503 Server Error: Service Unavailable for url: https://api.netatmo.com/oauth2/token
=== 2026-09-25 22:05:01 ===
=== 2026-09-25 22:10:01 ===
=== 2026-09-25 22:15:02 ===
=== 2026-09-25 22:20:01 ===
=== 2026-09-25 22:25:01 ===
=== 2026-09-25 22:30:01 ===
Traceback (most recent call last):
  File "/home/pi/netatmo/netatmo_climate.py", line 141, in <module>
    main()
    ~~~~^^
  File "/home/pi/netatmo/netatmo_climate.py", line 134, in main
    access_token = get_access_token()
  File "/home/pi/netatmo/netatmo_climate.py", line 57, in get_access_token
    return refresh_access_token()
  File "/home/pi/netatmo/netatmo_climate.py", line 46, in refresh_access_token
    r.raise_for_status()
    ~~~~~~~~~~~~~~~~~~^^
  File "/home/pi/netatmo/venv/lib/python3.13/site-packages/requests/models.py", line 1026, in raise_for_status
    raise HTTPError(http_error_msg, response=self)
requests.exceptions.HTTPError: 503 Server Error: Service Unavailable for url: https://api.netatmo.com/oauth2/token
=== 2026-09-25 22:35:02 ===
=== 2026-09-25 22:40:02 ===
=== 2026-09-25 22:45:02 ===
Traceback (most recent call last):
  File "/home/pi/netatmo/netatmo_climate.py", line 141, in <module>
    main()
    ~~~~^^
  File "/home/pi/netatmo/netatmo_climate.py", line 135, in main
    home, status = get_climate_data(access_token, HOME_ID)
                   ~~~~~~~~~~~~~~~~^^^^^^^^^^^^^^^^^^^^^^^
  File "/home/pi/netatmo/netatmo_climate.py", line 69, in get_climate_data
    r1.raise_for_status()
    ~~~~~~~~~~~~~~~~~~~^^
  File "/home/pi/netatmo/venv/lib/python3.13/site-packages/requests/models.py", line 1026, in raise_for_status
    raise HTTPError(http_error_msg, response=self)
requests.exceptions.HTTPError: 503 Server Error: Service Temporarily Unavailable for url: https://api.netatmo.com/api/homesdata
=== 2026-09-25 22:50:02 ===
=== 2026-09-25 22:55:01 ===
Traceback (most recent call last):
  File "/home/pi/netatmo/netatmo_climate.py", line 141, in <module>
    main()
    ~~~~^^
  File "/home/pi/netatmo/netatmo_climate.py", line 135, in main
    home, status = get_climate_data(access_token, HOME_ID)
                   ~~~~~~~~~~~~~~~~^^^^^^^^^^^^^^^^^^^^^^^
  File "/home/pi/netatmo/netatmo_climate.py", line 69, in get_climate_data
    r1.raise_for_status()
    ~~~~~~~~~~~~~~~~~~~^^
  File "/home/pi/netatmo/venv/lib/python3.13/site-packages/requests/models.py", line 1026, in raise_for_status
    raise HTTPError(http_error_msg, response=self)
requests.exceptions.HTTPError: 503 Server Error: Service Temporarily Unavailable for url: https://api.netatmo.com/api/homesdata
=== 2026-09-25 23:00:02 ===
=== 2026-09-25 23:05:02 ===
=== 2026-09-25 23:10:01 ===
=== 2026-09-25 23:15:01 ===
=== 2026-09-25 23:20:01 ===
=== 2026-09-25 23:25:01 ===
Traceback (most recent call last):
  File "/home/pi/netatmo/netatmo_climate.py", line 141, in <module>
    main()
    ~~~~^^
  File "/home/pi/netatmo/netatmo_climate.py", line 135, in main
    home, status = get_climate_data(access_token, HOME_ID)
                   ~~~~~~~~~~~~~~~~^^^^^^^^^^^^^^^^^^^^^^^
  File "/home/pi/netatmo/netatmo_climate.py", line 69, in get_climate_data
    r1.raise_for_status()
    ~~~~~~~~~~~~~~~~~~~^^
  File "/home/pi/netatmo/venv/lib/python3.13/site-packages/requests/models.py", line 1026, in raise_for_status
    raise HTTPError(http_error_msg, response=self)
requests.exceptions.HTTPError: 503 Server Error: Service Temporarily Unavailable for url: https://api.netatmo.com/api/homesdata
=== 2026-09-25 23:30:01 ===
Traceback (most recent call last):
  File "/home/pi/netatmo/netatmo_climate.py", line 141, in <module>
    main()
    ~~~~^^
  File "/home/pi/netatmo/netatmo_climate.py", line 134, in main
    access_token = get_access_token()
  File "/home/pi/netatmo/netatmo_climate.py", line 57, in get_access_token
    return refresh_access_token()
  File "/home/pi/netatmo/netatmo_climate.py", line 46, in refresh_access_token
    r.raise_for_status()
    ~~~~~~~~~~~~~~~~~~^^
  File "/home/pi/netatmo/venv/lib/python3.13/site-packages/requests/models.py", line 1026, in raise_for_status
    raise HTTPError(http_error_msg, response=self)
requests.exceptions.HTTPError: 503 Server Error: Service Unavailable for url: https://api.netatmo.com/oauth2/token
=== 2026-09-25 23:35:02 ===
=== 2026-09-25 23:40:01 ===
=== 2026-09-25 23:45:01 ===
=== 2026-09-25 23:50:01 ===
=== 2026-09-25 23:55:01 ===
=== 2026-09-26 00:00:01 ===
Traceback (most recent call last):
  File "/home/pi/netatmo/netatmo_climate.py", line 141, in <module>
    main()
    ~~~~^^
  File "/home/pi/netatmo/netatmo_climate.py", line 134, in main
    access_token = get_access_token()
  File "/home/pi/netatmo/netatmo_climate.py", line 57, in get_access_token
    return refresh_access_token()
  File "/home/pi/netatmo/netatmo_climate.py", line 46, in refresh_access_token
    r.raise_for_status()
    ~~~~~~~~~~~~~~~~~~^^
  File "/home/pi/netatmo/venv/lib/python3.13/site-packages/requests/models.py", line 1026, in raise_for_status
    raise HTTPError(http_error_msg, response=self)
requests.exceptions.HTTPError: 503 Server Error: Service Unavailable for url: https://api.netatmo.com/oauth2/token
=== 2026-09-26 00:05:01 ===
=== 2026-09-26 00:10:01 ===
=== 2026-09-26 00:15:01 ===
=== 2026-09-26 00:20:01 ===
=== 2026-09-26 00:25:01 ===
=== 2026-09-26 00:30:01 ===
=== 2026-09-26 00:35:01 ===
=== 2026-09-26 00:40:01 ===
=== 2026-09-26 00:45:01 ===
=== 2026-09-26 00:50:01 ===
=== 2026-09-26 00:55:01 ===
Traceback (most recent call last):
  File "/home/pi/netatmo/netatmo_climate.py", line 141, in <module>
    main()
    ~~~~^^
  File "/home/pi/netatmo/netatmo_climate.py", line 135, in main
    home, status = get_climate_data(access_token, HOME_ID)
                   ~~~~~~~~~~~~~~~~^^^^^^^^^^^^^^^^^^^^^^^
  File "/home/pi/netatmo/netatmo_climate.py", line 69, in get_climate_data
    r1.raise_for_status()
    ~~~~~~~~~~~~~~~~~~~^^
  File "/home/pi/netatmo/venv/lib/python3.13/site-packages/requests/models.py", line 1026, in raise_for_status
    raise HTTPError(http_error_msg, response=self)
requests.exceptions.HTTPError: 503 Server Error: Service Temporarily Unavailable for url: https://api.netatmo.com/api/homesdata
=== 2026-09-26 01:00:02 ===
Traceback (most recent call last):
  File "/home/pi/netatmo/netatmo_climate.py", line 141, in <module>
    main()
    ~~~~^^
  File "/home/pi/netatmo/netatmo_climate.py", line 134, in main
    access_token = get_access_token()
  File "/home/pi/netatmo/netatmo_climate.py", line 57, in get_access_token
    return refresh_access_token()
  File "/home/pi/netatmo/netatmo_climate.py", line 46, in refresh_access_token
    r.raise_for_status()
    ~~~~~~~~~~~~~~~~~~^^
  File "/home/pi/netatmo/venv/lib/python3.13/site-packages/requests/models.py", line 1026, in raise_for_status
    raise HTTPError(http_error_msg, response=self)
requests.exceptions.HTTPError: 503 Server Error: Service Unavailable for url: https://api.netatmo.com/oauth2/token
=== 2026-09-26 01:05:01 ===
=== 2026-09-26 01:10:02 ===
Traceback (most recent call last):
  File "/home/pi/netatmo/netatmo_climate.py", line 141, in <module>
    main()
    ~~~~^^
  File "/home/pi/netatmo/netatmo_climate.py", line 135, in main
    home, status = get_climate_data(access_token, HOME_ID)
                   ~~~~~~~~~~~~~~~~^^^^^^^^^^^^^^^^^^^^^^^
  File "/home/pi/netatmo/netatmo_climate.py", line 69, in get_climate_data
    r1.raise_for_status()
    ~~~~~~~~~~~~~~~~~~~^^
  File "/home/pi/netatmo/venv/lib/python3.13/site-packages/requests/models.py", line 1026, in raise_for_status
    raise HTTPError(http_error_msg, response=self)
requests.exceptions.HTTPError: 503 Server Error: Service Temporarily Unavailable for url: https://api.netatmo.com/api/homesdata
=== 2026-09-26 01:15:01 ===
=== 2026-09-26 01:20:01 ===
Traceback (most recent call last):
  File "/home/pi/netatmo/netatmo_climate.py", line 141, in <module>
    main()
    ~~~~^^
  File "/home/pi/netatmo/netatmo_climate.py", line 135, in main
    home, status = get_climate_data(access_token, HOME_ID)
                   ~~~~~~~~~~~~~~~~^^^^^^^^^^^^^^^^^^^^^^^
  File "/home/pi/netatmo/netatmo_climate.py", line 69, in get_climate_data
    r1.raise_for_status()
    ~~~~~~~~~~~~~~~~~~~^^
  File "/home/pi/netatmo/venv/lib/python3.13/site-packages/requests/models.py", line 1026, in raise_for_status
    raise HTTPError(http_error_msg, response=self)
requests.exceptions.HTTPError: 503 Server Error: Service Temporarily Unavailable for url: https://api.netatmo.com/api/homesdata
=== 2026-09-26 01:25:01 ===
=== 2026-09-26 01:30:01 ===
Traceback (most recent call last):
  File "/home/pi/netatmo/netatmo_climate.py", line 141, in <module>
    main()
    ~~~~^^
  File "/home/pi/netatmo/netatmo_climate.py", line 134, in main
    access_token = get_access_token()
  File "/home/pi/netatmo/netatmo_climate.py", line 57, in get_access_token
    return refresh_access_token()
  File "/home/pi/netatmo/netatmo_climate.py", line 46, in refresh_access_token
    r.raise_for_status()
    ~~~~~~~~~~~~~~~~~~^^
  File "/home/pi/netatmo/venv/lib/python3.13/site-packages/requests/models.py", line 1026, in raise_for_status
    raise HTTPError(http_error_msg, response=self)
requests.exceptions.HTTPError: 503 Server Error: Service Unavailable for url: https://api.netatmo.com/oauth2/token
=== 2026-09-26 01:35:01 ===
Traceback (most recent call last):
  File "/home/pi/netatmo/netatmo_climate.py", line 141, in <module>
    main()
    ~~~~^^
  File "/home/pi/netatmo/netatmo_climate.py", line 135, in main
    home, status = get_climate_data(access_token, HOME_ID)
                   ~~~~~~~~~~~~~~~~^^^^^^^^^^^^^^^^^^^^^^^
  File "/home/pi/netatmo/netatmo_climate.py", line 69, in get_climate_data
    r1.raise_for_status()
    ~~~~~~~~~~~~~~~~~~~^^
  File "/home/pi/netatmo/venv/lib/python3.13/site-packages/requests/models.py", line 1026, in raise_for_status
    raise HTTPError(http_error_msg, response=self)
requests.exceptions.HTTPError: 503 Server Error: Service Temporarily Unavailable for url: https://api.netatmo.com/api/homesdata
=== 2026-09-26 01:40:01 ===
Traceback (most recent call last):
  File "/home/pi/netatmo/netatmo_climate.py", line 141, in <module>
    main()
    ~~~~^^
  File "/home/pi/netatmo/netatmo_climate.py", line 134, in main
    access_token = get_access_token()
  File "/home/pi/netatmo/netatmo_climate.py", line 57, in get_access_token
    return refresh_access_token()
  File "/home/pi/netatmo/netatmo_climate.py", line 46, in refresh_access_token
    r.raise_for_status()
    ~~~~~~~~~~~~~~~~~~^^
  File "/home/pi/netatmo/venv/lib/python3.13/site-packages/requests/models.py", line 1026, in raise_for_status
    raise HTTPError(http_error_msg, response=self)
requests.exceptions.HTTPError: 503 Server Error: Service Unavailable for url: https://api.netatmo.com/oauth2/token
=== 2026-09-26 01:45:01 ===
=== 2026-09-26 01:50:02 ===
=== 2026-09-26 01:55:01 ===
=== 2026-09-26 02:00:01 ===
Traceback (most recent call last):
  File "/home/pi/netatmo/netatmo_climate.py", line 141, in <module>
    main()
    ~~~~^^
  File "/home/pi/netatmo/netatmo_climate.py", line 134, in main
    access_token = get_access_token()
  File "/home/pi/netatmo/netatmo_climate.py", line 57, in get_access_token
    return refresh_access_token()
  File "/home/pi/netatmo/netatmo_climate.py", line 46, in refresh_access_token
    r.raise_for_status()
    ~~~~~~~~~~~~~~~~~~^^
  File "/home/pi/netatmo/venv/lib/python3.13/site-packages/requests/models.py", line 1026, in raise_for_status
    raise HTTPError(http_error_msg, response=self)
requests.exceptions.HTTPError: 503 Server Error: Service Unavailable for url: https://api.netatmo.com/oauth2/token
=== 2026-09-26 02:05:01 ===
=== 2026-09-26 02:10:01 ===
=== 2026-09-26 02:15:01 ===
Traceback (most recent call last):
  File "/home/pi/netatmo/netatmo_climate.py", line 141, in <module>
    main()
    ~~~~^^
  File "/home/pi/netatmo/netatmo_climate.py", line 135, in main
    home, status = get_climate_data(access_token, HOME_ID)
                   ~~~~~~~~~~~~~~~~^^^^^^^^^^^^^^^^^^^^^^^
  File "/home/pi/netatmo/netatmo_climate.py", line 69, in get_climate_data
    r1.raise_for_status()
    ~~~~~~~~~~~~~~~~~~~^^
  File "/home/pi/netatmo/venv/lib/python3.13/site-packages/requests/models.py", line 1026, in raise_for_status
    raise HTTPError(http_error_msg, response=self)
requests.exceptions.HTTPError: 503 Server Error: Service Temporarily Unavailable for url: https://api.netatmo.com/api/homesdata
=== 2026-09-26 02:20:01 ===
Traceback (most recent call last):
  File "/home/pi/netatmo/netatmo_climate.py", line 141, in <module>
    main()
    ~~~~^^
  File "/home/pi/netatmo/netatmo_climate.py", line 135, in main
    home, status = get_climate_data(access_token, HOME_ID)
                   ~~~~~~~~~~~~~~~~^^^^^^^^^^^^^^^^^^^^^^^
  File "/home/pi/netatmo/netatmo_climate.py", line 69, in get_climate_data
    r1.raise_for_status()
    ~~~~~~~~~~~~~~~~~~~^^
  File "/home/pi/netatmo/venv/lib/python3.13/site-packages/requests/models.py", line 1026, in raise_for_status
    raise HTTPError(http_error_msg, response=self)
requests.exceptions.HTTPError: 503 Server Error: Service Temporarily Unavailable for url: https://api.netatmo.com/api/homesdata
=== 2026-09-26 02:25:01 ===
=== 2026-09-26 02:30:01 ===
Traceback (most recent call last):
  File "/home/pi/netatmo/netatmo_climate.py", line 141, in <module>
    main()
    ~~~~^^
  File "/home/pi/netatmo/netatmo_climate.py", line 134, in main
    access_token = get_access_token()
  File "/home/pi/netatmo/netatmo_climate.py", line 57, in get_access_token
    return refresh_access_token()
  File "/home/pi/netatmo/netatmo_climate.py", line 46, in refresh_access_token
    r.raise_for_status()
    ~~~~~~~~~~~~~~~~~~^^
  File "/home/pi/netatmo/venv/lib/python3.13/site-packages/requests/models.py", line 1026, in raise_for_status
    raise HTTPError(http_error_msg, response=self)
requests.exceptions.HTTPError: 503 Server Error: Service Unavailable for url: https://api.netatmo.com/oauth2/token
=== 2026-09-26 02:35:01 ===
=== 2026-09-26 02:40:02 ===
=== 2026-09-26 02:45:01 ===
=== 2026-09-26 02:50:02 ===
=== 2026-09-26 02:55:02 ===
=== 2026-09-26 03:00:01 ===
Traceback (most recent call last):
  File "/home/pi/netatmo/netatmo_climate.py", line 141, in <module>
    main()
    ~~~~^^
  File "/home/pi/netatmo/netatmo_climate.py", line 134, in main
    access_token = get_access_token()
  File "/home/pi/netatmo/netatmo_climate.py", line 57, in get_access_token
    return refresh_access_token()
  File "/home/pi/netatmo/netatmo_climate.py", line 46, in refresh_access_token
    r.raise_for_status()
    ~~~~~~~~~~~~~~~~~~^^
  File "/home/pi/netatmo/venv/lib/python3.13/site-packages/requests/models.py", line 1026, in raise_for_status
    raise HTTPError(http_error_msg, response=self)
requests.exceptions.HTTPError: 503 Server Error: Service Unavailable for url: https://api.netatmo.com/oauth2/token
=== 2026-09-26 03:05:01 ===
Traceback (most recent call last):
  File "/home/pi/netatmo/netatmo_climate.py", line 141, in <module>
    main()
    ~~~~^^
  File "/home/pi/netatmo/netatmo_climate.py", line 135, in main
    home, status = get_climate_data(access_token, HOME_ID)
                   ~~~~~~~~~~~~~~~~^^^^^^^^^^^^^^^^^^^^^^^
  File "/home/pi/netatmo/netatmo_climate.py", line 69, in get_climate_data
    r1.raise_for_status()
    ~~~~~~~~~~~~~~~~~~~^^
  File "/home/pi/netatmo/venv/lib/python3.13/site-packages/requests/models.py", line 1026, in raise_for_status
    raise HTTPError(http_error_msg, response=self)
requests.exceptions.HTTPError: 503 Server Error: Service Temporarily Unavailable for url: https://api.netatmo.com/api/homesdata
=== 2026-09-26 03:10:01 ===
=== 2026-09-26 03:15:01 ===
Traceback (most recent call last):
  File "/home/pi/netatmo/netatmo_climate.py", line 141, in <module>
    main()
    ~~~~^^
  File "/home/pi/netatmo/netatmo_climate.py", line 135, in main
    home, status = get_climate_data(access_token, HOME_ID)
                   ~~~~~~~~~~~~~~~~^^^^^^^^^^^^^^^^^^^^^^^
  File "/home/pi/netatmo/netatmo_climate.py", line 69, in get_climate_data
    r1.raise_for_status()
    ~~~~~~~~~~~~~~~~~~~^^
  File "/home/pi/netatmo/venv/lib/python3.13/site-packages/requests/models.py", line 1026, in raise_for_status
    raise HTTPError(http_error_msg, response=self)
requests.exceptions.HTTPError: 503 Server Error: Service Temporarily Unavailable for url: https://api.netatmo.com/api/homesdata
=== 2026-09-26 03:20:02 ===
=== 2026-09-26 03:25:01 ===
=== 2026-09-26 03:30:01 ===
Traceback (most recent call last):
  File "/home/pi/netatmo/netatmo_climate.py", line 141, in <module>
    main()
    ~~~~^^
  File "/home/pi/netatmo/netatmo_climate.py", line 134, in main
    access_token = get_access_token()
  File "/home/pi/netatmo/netatmo_climate.py", line 57, in get_access_token
    return refresh_access_token()
  File "/home/pi/netatmo/netatmo_climate.py", line 46, in refresh_access_token
    r.raise_for_status()
    ~~~~~~~~~~~~~~~~~~^^
  File "/home/pi/netatmo/venv/lib/python3.13/site-packages/requests/models.py", line 1026, in raise_for_status
    raise HTTPError(http_error_msg, response=self)
requests.exceptions.HTTPError: 503 Server Error: Service Unavailable for url: https://api.netatmo.com/oauth2/token
=== 2026-09-26 03:35:01 ===
=== 2026-09-26 03:40:02 ===
=== 2026-09-26 03:45:02 ===
Traceback (most recent call last):
  File "/home/pi/netatmo/netatmo_climate.py", line 141, in <module>
    main()
    ~~~~^^
  File "/home/pi/netatmo/netatmo_climate.py", line 135, in main
    home, status = get_climate_data(access_token, HOME_ID)
                   ~~~~~~~~~~~~~~~~^^^^^^^^^^^^^^^^^^^^^^^
  File "/home/pi/netatmo/netatmo_climate.py", line 69, in get_climate_data
    r1.raise_for_status()
    ~~~~~~~~~~~~~~~~~~~^^
  File "/home/pi/netatmo/venv/lib/python3.13/site-packages/requests/models.py", line 1026, in raise_for_status
    raise HTTPError(http_error_msg, response=self)
requests.exceptions.HTTPError: 503 Server Error: Service Temporarily Unavailable for url: https://api.netatmo.com/api/homesdata
=== 2026-09-26 03:50:01 ===
Traceback (most recent call last):
  File "/home/pi/netatmo/netatmo_climate.py", line 141, in <module>
    main()
    ~~~~^^
  File "/home/pi/netatmo/netatmo_climate.py", line 135, in main
    home, status = get_climate_data(access_token, HOME_ID)
                   ~~~~~~~~~~~~~~~~^^^^^^^^^^^^^^^^^^^^^^^
  File "/home/pi/netatmo/netatmo_climate.py", line 69, in get_climate_data
    r1.raise_for_status()
    ~~~~~~~~~~~~~~~~~~~^^
  File "/home/pi/netatmo/venv/lib/python3.13/site-packages/requests/models.py", line 1026, in raise_for_status
    raise HTTPError(http_error_msg, response=self)
requests.exceptions.HTTPError: 503 Server Error: Service Temporarily Unavailable for url: https://api.netatmo.com/api/homesdata
=== 2026-09-26 03:55:01 ===
=== 2026-09-26 04:00:02 ===
Traceback (most recent call last):
  File "/home/pi/netatmo/netatmo_climate.py", line 141, in <module>
    main()
    ~~~~^^
  File "/home/pi/netatmo/netatmo_climate.py", line 134, in main
    access_token = get_access_token()
  File "/home/pi/netatmo/netatmo_climate.py", line 57, in get_access_token
    return refresh_access_token()
  File "/home/pi/netatmo/netatmo_climate.py", line 46, in refresh_access_token
    r.raise_for_status()
    ~~~~~~~~~~~~~~~~~~^^
  File "/home/pi/netatmo/venv/lib/python3.13/site-packages/requests/models.py", line 1026, in raise_for_status
    raise HTTPError(http_error_msg, response=self)
requests.exceptions.HTTPError: 503 Server Error: Service Unavailable for url: https://api.netatmo.com/oauth2/token
=== 2026-09-26 04:05:01 ===
Traceback (most recent call last):
  File "/home/pi/netatmo/netatmo_climate.py", line 141, in <module>
    main()
    ~~~~^^
  File "/home/pi/netatmo/netatmo_climate.py", line 135, in main
    home, status = get_climate_data(access_token, HOME_ID)
                   ~~~~~~~~~~~~~~~~^^^^^^^^^^^^^^^^^^^^^^^
  File "/home/pi/netatmo/netatmo_climate.py", line 69, in get_climate_data
    r1.raise_for_status()
    ~~~~~~~~~~~~~~~~~~~^^
  File "/home/pi/netatmo/venv/lib/python3.13/site-packages/requests/models.py", line 1026, in raise_for_status
    raise HTTPError(http_error_msg, response=self)
requests.exceptions.HTTPError: 503 Server Error: Service Temporarily Unavailable for url: https://api.netatmo.com/api/homesdata
=== 2026-09-26 04:10:02 ===
Traceback (most recent call last):
  File "/home/pi/netatmo/netatmo_climate.py", line 141, in <module>
    main()
    ~~~~^^
  File "/home/pi/netatmo/netatmo_climate.py", line 135, in main
    home, status = get_climate_data(access_token, HOME_ID)
                   ~~~~~~~~~~~~~~~~^^^^^^^^^^^^^^^^^^^^^^^
  File "/home/pi/netatmo/netatmo_climate.py", line 69, in get_climate_data
    r1.raise_for_status()
    ~~~~~~~~~~~~~~~~~~~^^
  File "/home/pi/netatmo/venv/lib/python3.13/site-packages/requests/models.py", line 1026, in raise_for_status
    raise HTTPError(http_error_msg, response=self)
requests.exceptions.HTTPError: 503 Server Error: Service Temporarily Unavailable for url: https://api.netatmo.com/api/homesdata
=== 2026-09-26 04:15:01 ===
=== 2026-09-26 04:20:02 ===
Traceback (most recent call last):
  File "/home/pi/netatmo/netatmo_climate.py", line 141, in <module>
    main()
    ~~~~^^
  File "/home/pi/netatmo/netatmo_climate.py", line 135, in main
    home, status = get_climate_data(access_token, HOME_ID)
                   ~~~~~~~~~~~~~~~~^^^^^^^^^^^^^^^^^^^^^^^
  File "/home/pi/netatmo/netatmo_climate.py", line 69, in get_climate_data
    r1.raise_for_status()
    ~~~~~~~~~~~~~~~~~~~^^
  File "/home/pi/netatmo/venv/lib/python3.13/site-packages/requests/models.py", line 1026, in raise_for_status
    raise HTTPError(http_error_msg, response=self)
requests.exceptions.HTTPError: 503 Server Error: Service Temporarily Unavailable for url: https://api.netatmo.com/api/homesdata
=== 2026-09-26 04:25:02 ===
=== 2026-09-26 04:30:01 ===
Traceback (most recent call last):
  File "/home/pi/netatmo/netatmo_climate.py", line 141, in <module>
    main()
    ~~~~^^
  File "/home/pi/netatmo/netatmo_climate.py", line 135, in main
    home, status = get_climate_data(access_token, HOME_ID)
                   ~~~~~~~~~~~~~~~~^^^^^^^^^^^^^^^^^^^^^^^
  File "/home/pi/netatmo/netatmo_climate.py", line 69, in get_climate_data
    r1.raise_for_status()
    ~~~~~~~~~~~~~~~~~~~^^
  File "/home/pi/netatmo/venv/lib/python3.13/site-packages/requests/models.py", line 1026, in raise_for_status
    raise HTTPError(http_error_msg, response=self)
requests.exceptions.HTTPError: 503 Server Error: Service Temporarily Unavailable for url: https://api.netatmo.com/api/homesdata
=== 2026-09-26 04:35:02 ===
=== 2026-09-26 04:40:01 ===
Traceback (most recent call last):
  File "/home/pi/netatmo/netatmo_climate.py", line 141, in <module>
    main()
    ~~~~^^
  File "/home/pi/netatmo/netatmo_climate.py", line 135, in main
    home, status = get_climate_data(access_token, HOME_ID)
                   ~~~~~~~~~~~~~~~~^^^^^^^^^^^^^^^^^^^^^^^
  File "/home/pi/netatmo/netatmo_climate.py", line 69, in get_climate_data
    r1.raise_for_status()
    ~~~~~~~~~~~~~~~~~~~^^
  File "/home/pi/netatmo/venv/lib/python3.13/site-packages/requests/models.py", line 1026, in raise_for_status
    raise HTTPError(http_error_msg, response=self)
requests.exceptions.HTTPError: 503 Server Error: Service Temporarily Unavailable for url: https://api.netatmo.com/api/homesdata
=== 2026-09-26 04:45:02 ===
Traceback (most recent call last):
  File "/home/pi/netatmo/netatmo_climate.py", line 141, in <module>
    main()
    ~~~~^^
  File "/home/pi/netatmo/netatmo_climate.py", line 135, in main
    home, status = get_climate_data(access_token, HOME_ID)
                   ~~~~~~~~~~~~~~~~^^^^^^^^^^^^^^^^^^^^^^^
  File "/home/pi/netatmo/netatmo_climate.py", line 69, in get_climate_data
    r1.raise_for_status()
    ~~~~~~~~~~~~~~~~~~~^^
  File "/home/pi/netatmo/venv/lib/python3.13/site-packages/requests/models.py", line 1026, in raise_for_status
    raise HTTPError(http_error_msg, response=self)
requests.exceptions.HTTPError: 503 Server Error: Service Temporarily Unavailable for url: https://api.netatmo.com/api/homesdata
=== 2026-09-26 04:50:01 ===
=== 2026-09-26 04:55:01 ===
=== 2026-09-26 05:00:01 ===
Traceback (most recent call last):
  File "/home/pi/netatmo/netatmo_climate.py", line 141, in <module>
    main()
    ~~~~^^
  File "/home/pi/netatmo/netatmo_climate.py", line 134, in main
    access_token = get_access_token()
  File "/home/pi/netatmo/netatmo_climate.py", line 57, in get_access_token
    return refresh_access_token()
  File "/home/pi/netatmo/netatmo_climate.py", line 46, in refresh_access_token
    r.raise_for_status()
    ~~~~~~~~~~~~~~~~~~^^
  File "/home/pi/netatmo/venv/lib/python3.13/site-packages/requests/models.py", line 1026, in raise_for_status
    raise HTTPError(http_error_msg, response=self)
requests.exceptions.HTTPError: 503 Server Error: Service Unavailable for url: https://api.netatmo.com/oauth2/token
=== 2026-09-26 05:05:02 ===
Traceback (most recent call last):
  File "/home/pi/netatmo/netatmo_climate.py", line 141, in <module>
    main()
    ~~~~^^
  File "/home/pi/netatmo/netatmo_climate.py", line 135, in main
    home, status = get_climate_data(access_token, HOME_ID)
                   ~~~~~~~~~~~~~~~~^^^^^^^^^^^^^^^^^^^^^^^
  File "/home/pi/netatmo/netatmo_climate.py", line 69, in get_climate_data
    r1.raise_for_status()
    ~~~~~~~~~~~~~~~~~~~^^
  File "/home/pi/netatmo/venv/lib/python3.13/site-packages/requests/models.py", line 1026, in raise_for_status
    raise HTTPError(http_error_msg, response=self)
requests.exceptions.HTTPError: 503 Server Error: Service Temporarily Unavailable for url: https://api.netatmo.com/api/homesdata
=== 2026-09-26 05:10:02 ===
Traceback (most recent call last):
  File "/home/pi/netatmo/netatmo_climate.py", line 141, in <module>
    main()
    ~~~~^^
  File "/home/pi/netatmo/netatmo_climate.py", line 134, in main
    access_token = get_access_token()
  File "/home/pi/netatmo/netatmo_climate.py", line 57, in get_access_token
    return refresh_access_token()
  File "/home/pi/netatmo/netatmo_climate.py", line 46, in refresh_access_token
    r.raise_for_status()
    ~~~~~~~~~~~~~~~~~~^^
  File "/home/pi/netatmo/venv/lib/python3.13/site-packages/requests/models.py", line 1026, in raise_for_status
    raise HTTPError(http_error_msg, response=self)
requests.exceptions.HTTPError: 503 Server Error: Service Unavailable for url: https://api.netatmo.com/oauth2/token
=== 2026-09-26 05:15:01 ===
=== 2026-09-26 05:20:01 ===
Traceback (most recent call last):
  File "/home/pi/netatmo/netatmo_climate.py", line 141, in <module>
    main()
    ~~~~^^
  File "/home/pi/netatmo/netatmo_climate.py", line 135, in main
    home, status = get_climate_data(access_token, HOME_ID)
                   ~~~~~~~~~~~~~~~~^^^^^^^^^^^^^^^^^^^^^^^
  File "/home/pi/netatmo/netatmo_climate.py", line 69, in get_climate_data
    r1.raise_for_status()
    ~~~~~~~~~~~~~~~~~~~^^
  File "/home/pi/netatmo/venv/lib/python3.13/site-packages/requests/models.py", line 1026, in raise_for_status
    raise HTTPError(http_error_msg, response=self)
requests.exceptions.HTTPError: 503 Server Error: Service Temporarily Unavailable for url: https://api.netatmo.com/api/homesdata
=== 2026-09-26 05:25:01 ===
=== 2026-09-26 05:30:01 ===
Traceback (most recent call last):
  File "/home/pi/netatmo/netatmo_climate.py", line 141, in <module>
    main()
    ~~~~^^
  File "/home/pi/netatmo/netatmo_climate.py", line 134, in main
    access_token = get_access_token()
  File "/home/pi/netatmo/netatmo_climate.py", line 57, in get_access_token
    return refresh_access_token()
  File "/home/pi/netatmo/netatmo_climate.py", line 46, in refresh_access_token
    r.raise_for_status()
    ~~~~~~~~~~~~~~~~~~^^
  File "/home/pi/netatmo/venv/lib/python3.13/site-packages/requests/models.py", line 1026, in raise_for_status
    raise HTTPError(http_error_msg, response=self)
requests.exceptions.HTTPError: 503 Server Error: Service Unavailable for url: https://api.netatmo.com/oauth2/token
=== 2026-09-26 05:35:01 ===
=== 2026-09-26 05:40:01 ===
=== 2026-09-26 05:45:02 ===
Traceback (most recent call last):
  File "/home/pi/netatmo/netatmo_climate.py", line 141, in <module>
    main()
    ~~~~^^
  File "/home/pi/netatmo/netatmo_climate.py", line 135, in main
    home, status = get_climate_data(access_token, HOME_ID)
                   ~~~~~~~~~~~~~~~~^^^^^^^^^^^^^^^^^^^^^^^
  File "/home/pi/netatmo/netatmo_climate.py", line 69, in get_climate_data
    r1.raise_for_status()
    ~~~~~~~~~~~~~~~~~~~^^
  File "/home/pi/netatmo/venv/lib/python3.13/site-packages/requests/models.py", line 1026, in raise_for_status
    raise HTTPError(http_error_msg, response=self)
requests.exceptions.HTTPError: 503 Server Error: Service Temporarily Unavailable for url: https://api.netatmo.com/api/homesdata
=== 2026-09-26 05:50:01 ===
=== 2026-09-26 05:55:02 ===
=== 2026-09-26 06:00:01 ===
Traceback (most recent call last):
  File "/home/pi/netatmo/netatmo_climate.py", line 141, in <module>
    main()
    ~~~~^^
  File "/home/pi/netatmo/netatmo_climate.py", line 134, in main
    access_token = get_access_token()
  File "/home/pi/netatmo/netatmo_climate.py", line 57, in get_access_token
    return refresh_access_token()
  File "/home/pi/netatmo/netatmo_climate.py", line 46, in refresh_access_token
    r.raise_for_status()
    ~~~~~~~~~~~~~~~~~~^^
  File "/home/pi/netatmo/venv/lib/python3.13/site-packages/requests/models.py", line 1026, in raise_for_status
    raise HTTPError(http_error_msg, response=self)
requests.exceptions.HTTPError: 503 Server Error: Service Unavailable for url: https://api.netatmo.com/oauth2/token
=== 2026-09-26 06:05:01 ===
=== 2026-09-26 06:10:02 ===
=== 2026-09-26 06:15:01 ===
=== 2026-09-26 06:20:01 ===
=== 2026-09-26 06:25:01 ===
=== 2026-09-26 06:30:01 ===
Traceback (most recent call last):
  File "/home/pi/netatmo/netatmo_climate.py", line 141, in <module>
    main()
    ~~~~^^
  File "/home/pi/netatmo/netatmo_climate.py", line 134, in main
    access_token = get_access_token()
  File "/home/pi/netatmo/netatmo_climate.py", line 57, in get_access_token
    return refresh_access_token()
  File "/home/pi/netatmo/netatmo_climate.py", line 46, in refresh_access_token
    r.raise_for_status()
    ~~~~~~~~~~~~~~~~~~^^
  File "/home/pi/netatmo/venv/lib/python3.13/site-packages/requests/models.py", line 1026, in raise_for_status
    raise HTTPError(http_error_msg, response=self)
requests.exceptions.HTTPError: 503 Server Error: Service Unavailable for url: https://api.netatmo.com/oauth2/token
=== 2026-09-26 06:35:01 ===
=== 2026-09-26 06:40:01 ===
Traceback (most recent call last):
  File "/home/pi/netatmo/netatmo_climate.py", line 141, in <module>
    main()
    ~~~~^^
  File "/home/pi/netatmo/netatmo_climate.py", line 134, in main
    access_token = get_access_token()
  File "/home/pi/netatmo/netatmo_climate.py", line 57, in get_access_token
    return refresh_access_token()
  File "/home/pi/netatmo/netatmo_climate.py", line 46, in refresh_access_token
    r.raise_for_status()
    ~~~~~~~~~~~~~~~~~~^^
  File "/home/pi/netatmo/venv/lib/python3.13/site-packages/requests/models.py", line 1026, in raise_for_status
    raise HTTPError(http_error_msg, response=self)
requests.exceptions.HTTPError: 503 Server Error: Service Unavailable for url: https://api.netatmo.com/oauth2/token
=== 2026-09-26 06:45:01 ===
Traceback (most recent call last):
  File "/home/pi/netatmo/netatmo_climate.py", line 141, in <module>
    main()
    ~~~~^^
  File "/home/pi/netatmo/netatmo_climate.py", line 135, in main
    home, status = get_climate_data(access_token, HOME_ID)
                   ~~~~~~~~~~~~~~~~^^^^^^^^^^^^^^^^^^^^^^^
  File "/home/pi/netatmo/netatmo_climate.py", line 69, in get_climate_data
    r1.raise_for_status()
    ~~~~~~~~~~~~~~~~~~~^^
  File "/home/pi/netatmo/venv/lib/python3.13/site-packages/requests/models.py", line 1026, in raise_for_status
    raise HTTPError(http_error_msg, response=self)
requests.exceptions.HTTPError: 503 Server Error: Service Temporarily Unavailable for url: https://api.netatmo.com/api/homesdata
=== 2026-09-26 06:50:01 ===
Traceback (most recent call last):
  File "/home/pi/netatmo/netatmo_climate.py", line 141, in <module>
    main()
    ~~~~^^
  File "/home/pi/netatmo/netatmo_climate.py", line 135, in main
    home, status = get_climate_data(access_token, HOME_ID)
                   ~~~~~~~~~~~~~~~~^^^^^^^^^^^^^^^^^^^^^^^
  File "/home/pi/netatmo/netatmo_climate.py", line 69, in get_climate_data
    r1.raise_for_status()
    ~~~~~~~~~~~~~~~~~~~^^
  File "/home/pi/netatmo/venv/lib/python3.13/site-packages/requests/models.py", line 1026, in raise_for_status
    raise HTTPError(http_error_msg, response=self)
requests.exceptions.HTTPError: 503 Server Error: Service Temporarily Unavailable for url: https://api.netatmo.com/api/homesdata
=== 2026-09-26 06:55:01 ===
=== 2026-09-26 07:00:01 ===
Traceback (most recent call last):
  File "/home/pi/netatmo/netatmo_climate.py", line 141, in <module>
    main()
    ~~~~^^
  File "/home/pi/netatmo/netatmo_climate.py", line 134, in main
    access_token = get_access_token()
  File "/home/pi/netatmo/netatmo_climate.py", line 57, in get_access_token
    return refresh_access_token()
  File "/home/pi/netatmo/netatmo_climate.py", line 46, in refresh_access_token
    r.raise_for_status()
    ~~~~~~~~~~~~~~~~~~^^
  File "/home/pi/netatmo/venv/lib/python3.13/site-packages/requests/models.py", line 1026, in raise_for_status
    raise HTTPError(http_error_msg, response=self)
requests.exceptions.HTTPError: 503 Server Error: Service Unavailable for url: https://api.netatmo.com/oauth2/token
=== 2026-09-26 07:05:01 ===
=== 2026-09-26 07:10:02 ===
Traceback (most recent call last):
  File "/home/pi/netatmo/netatmo_climate.py", line 141, in <module>
    main()
    ~~~~^^
  File "/home/pi/netatmo/netatmo_climate.py", line 134, in main
    access_token = get_access_token()
  File "/home/pi/netatmo/netatmo_climate.py", line 57, in get_access_token
    return refresh_access_token()
  File "/home/pi/netatmo/netatmo_climate.py", line 46, in refresh_access_token
    r.raise_for_status()
    ~~~~~~~~~~~~~~~~~~^^
  File "/home/pi/netatmo/venv/lib/python3.13/site-packages/requests/models.py", line 1026, in raise_for_status
    raise HTTPError(http_error_msg, response=self)
requests.exceptions.HTTPError: 503 Server Error: Service Unavailable for url: https://api.netatmo.com/oauth2/token
=== 2026-09-26 07:15:01 ===
=== 2026-09-26 07:20:01 ===
Traceback (most recent call last):
  File "/home/pi/netatmo/netatmo_climate.py", line 141, in <module>
    main()
    ~~~~^^
  File "/home/pi/netatmo/netatmo_climate.py", line 135, in main
    home, status = get_climate_data(access_token, HOME_ID)
                   ~~~~~~~~~~~~~~~~^^^^^^^^^^^^^^^^^^^^^^^
  File "/home/pi/netatmo/netatmo_climate.py", line 69, in get_climate_data
    r1.raise_for_status()
    ~~~~~~~~~~~~~~~~~~~^^
  File "/home/pi/netatmo/venv/lib/python3.13/site-packages/requests/models.py", line 1026, in raise_for_status
    raise HTTPError(http_error_msg, response=self)
requests.exceptions.HTTPError: 503 Server Error: Service Temporarily Unavailable for url: https://api.netatmo.com/api/homesdata
=== 2026-09-26 07:25:01 ===
=== 2026-09-26 07:30:01 ===
=== 2026-09-26 07:35:01 ===
=== 2026-09-26 07:40:01 ===
=== 2026-09-26 07:45:01 ===
=== 2026-09-26 07:50:01 ===
=== 2026-09-26 07:55:01 ===
=== 2026-09-26 08:00:02 ===
Traceback (most recent call last):
  File "/home/pi/netatmo/netatmo_climate.py", line 141, in <module>
    main()
    ~~~~^^
  File "/home/pi/netatmo/netatmo_climate.py", line 135, in main
    home, status = get_climate_data(access_token, HOME_ID)
                   ~~~~~~~~~~~~~~~~^^^^^^^^^^^^^^^^^^^^^^^
  File "/home/pi/netatmo/netatmo_climate.py", line 69, in get_climate_data
    r1.raise_for_status()
    ~~~~~~~~~~~~~~~~~~~^^
  File "/home/pi/netatmo/venv/lib/python3.13/site-packages/requests/models.py", line 1026, in raise_for_status
    raise HTTPError(http_error_msg, response=self)
requests.exceptions.HTTPError: 503 Server Error: Service Temporarily Unavailable for url: https://api.netatmo.com/api/homesdata
=== 2026-09-26 08:05:01 ===
=== 2026-09-26 08:10:01 ===
Traceback (most recent call last):
  File "/home/pi/netatmo/netatmo_climate.py", line 141, in <module>
    main()
    ~~~~^^
  File "/home/pi/netatmo/netatmo_climate.py", line 135, in main
    home, status = get_climate_data(access_token, HOME_ID)
                   ~~~~~~~~~~~~~~~~^^^^^^^^^^^^^^^^^^^^^^^
  File "/home/pi/netatmo/netatmo_climate.py", line 69, in get_climate_data
    r1.raise_for_status()
    ~~~~~~~~~~~~~~~~~~~^^
  File "/home/pi/netatmo/venv/lib/python3.13/site-packages/requests/models.py", line 1026, in raise_for_status
    raise HTTPError(http_error_msg, response=self)
requests.exceptions.HTTPError: 503 Server Error: Service Temporarily Unavailable for url: https://api.netatmo.com/api/homesdata
=== 2026-09-26 08:15:01 ===
=== 2026-09-26 08:20:02 ===
=== 2026-09-26 08:25:01 ===
=== 2026-09-26 08:30:02 ===
Traceback (most recent call last):
  File "/home/pi/netatmo/netatmo_climate.py", line 141, in <module>
    main()
    ~~~~^^
  File "/home/pi/netatmo/netatmo_climate.py", line 134, in main
    access_token = get_access_token()
  File "/home/pi/netatmo/netatmo_climate.py", line 57, in get_access_token
    return refresh_access_token()
  File "/home/pi/netatmo/netatmo_climate.py", line 46, in refresh_access_token
    r.raise_for_status()
    ~~~~~~~~~~~~~~~~~~^^
  File "/home/pi/netatmo/venv/lib/python3.13/site-packages/requests/models.py", line 1026, in raise_for_status
    raise HTTPError(http_error_msg, response=self)
requests.exceptions.HTTPError: 503 Server Error: Service Unavailable for url: https://api.netatmo.com/oauth2/token
=== 2026-09-26 08:35:01 ===
=== 2026-09-26 08:40:01 ===
Traceback (most recent call last):
  File "/home/pi/netatmo/netatmo_climate.py", line 141, in <module>
    main()
    ~~~~^^
  File "/home/pi/netatmo/netatmo_climate.py", line 135, in main
    home, status = get_climate_data(access_token, HOME_ID)
                   ~~~~~~~~~~~~~~~~^^^^^^^^^^^^^^^^^^^^^^^
  File "/home/pi/netatmo/netatmo_climate.py", line 69, in get_climate_data
    r1.raise_for_status()
    ~~~~~~~~~~~~~~~~~~~^^
  File "/home/pi/netatmo/venv/lib/python3.13/site-packages/requests/models.py", line 1026, in raise_for_status
    raise HTTPError(http_error_msg, response=self)
requests.exceptions.HTTPError: 503 Server Error: Service Temporarily Unavailable for url: https://api.netatmo.com/api/homesdata
=== 2026-09-26 08:45:01 ===
Traceback (most recent call last):
  File "/home/pi/netatmo/netatmo_climate.py", line 141, in <module>
    main()
    ~~~~^^
  File "/home/pi/netatmo/netatmo_climate.py", line 135, in main
    home, status = get_climate_data(access_token, HOME_ID)
                   ~~~~~~~~~~~~~~~~^^^^^^^^^^^^^^^^^^^^^^^
  File "/home/pi/netatmo/netatmo_climate.py", line 69, in get_climate_data
    r1.raise_for_status()
    ~~~~~~~~~~~~~~~~~~~^^
  File "/home/pi/netatmo/venv/lib/python3.13/site-packages/requests/models.py", line 1026, in raise_for_status
    raise HTTPError(http_error_msg, response=self)
requests.exceptions.HTTPError: 503 Server Error: Service Temporarily Unavailable for url: https://api.netatmo.com/api/homesdata
=== 2026-09-26 08:50:01 ===
Traceback (most recent call last):
  File "/home/pi/netatmo/netatmo_climate.py", line 141, in <module>
    main()
    ~~~~^^
  File "/home/pi/netatmo/netatmo_climate.py", line 135, in main
    home, status = get_climate_data(access_token, HOME_ID)
                   ~~~~~~~~~~~~~~~~^^^^^^^^^^^^^^^^^^^^^^^
  File "/home/pi/netatmo/netatmo_climate.py", line 69, in get_climate_data
    r1.raise_for_status()
    ~~~~~~~~~~~~~~~~~~~^^
  File "/home/pi/netatmo/venv/lib/python3.13/site-packages/requests/models.py", line 1026, in raise_for_status
    raise HTTPError(http_error_msg, response=self)
requests.exceptions.HTTPError: 503 Server Error: Service Temporarily Unavailable for url: https://api.netatmo.com/api/homesdata
=== 2026-09-26 08:55:02 ===
Traceback (most recent call last):
  File "/home/pi/netatmo/netatmo_climate.py", line 141, in <module>
    main()
    ~~~~^^
  File "/home/pi/netatmo/netatmo_climate.py", line 135, in main
    home, status = get_climate_data(access_token, HOME_ID)
                   ~~~~~~~~~~~~~~~~^^^^^^^^^^^^^^^^^^^^^^^
  File "/home/pi/netatmo/netatmo_climate.py", line 69, in get_climate_data
    r1.raise_for_status()
    ~~~~~~~~~~~~~~~~~~~^^
  File "/home/pi/netatmo/venv/lib/python3.13/site-packages/requests/models.py", line 1026, in raise_for_status
    raise HTTPError(http_error_msg, response=self)
requests.exceptions.HTTPError: 503 Server Error: Service Temporarily Unavailable for url: https://api.netatmo.com/api/homesdata
=== 2026-09-26 09:00:01 ===
Traceback (most recent call last):
  File "/home/pi/netatmo/netatmo_climate.py", line 141, in <module>
    main()
    ~~~~^^
  File "/home/pi/netatmo/netatmo_climate.py", line 135, in main
    home, status = get_climate_data(access_token, HOME_ID)
                   ~~~~~~~~~~~~~~~~^^^^^^^^^^^^^^^^^^^^^^^
  File "/home/pi/netatmo/netatmo_climate.py", line 69, in get_climate_data
    r1.raise_for_status()
    ~~~~~~~~~~~~~~~~~~~^^
  File "/home/pi/netatmo/venv/lib/python3.13/site-packages/requests/models.py", line 1026, in raise_for_status
    raise HTTPError(http_error_msg, response=self)
requests.exceptions.HTTPError: 503 Server Error: Service Temporarily Unavailable for url: https://api.netatmo.com/api/homesdata
=== 2026-09-26 09:05:02 ===
=== 2026-09-26 09:10:01 ===
Traceback (most recent call last):
  File "/home/pi/netatmo/netatmo_climate.py", line 141, in <module>
    main()
    ~~~~^^
  File "/home/pi/netatmo/netatmo_climate.py", line 134, in main
    access_token = get_access_token()
  File "/home/pi/netatmo/netatmo_climate.py", line 57, in get_access_token
    return refresh_access_token()
  File "/home/pi/netatmo/netatmo_climate.py", line 46, in refresh_access_token
    r.raise_for_status()
    ~~~~~~~~~~~~~~~~~~^^
  File "/home/pi/netatmo/venv/lib/python3.13/site-packages/requests/models.py", line 1026, in raise_for_status
    raise HTTPError(http_error_msg, response=self)
requests.exceptions.HTTPError: 503 Server Error: Service Unavailable for url: https://api.netatmo.com/oauth2/token
=== 2026-09-26 09:15:01 ===
Traceback (most recent call last):
  File "/home/pi/netatmo/netatmo_climate.py", line 141, in <module>
    main()
    ~~~~^^
  File "/home/pi/netatmo/netatmo_climate.py", line 135, in main
    home, status = get_climate_data(access_token, HOME_ID)
                   ~~~~~~~~~~~~~~~~^^^^^^^^^^^^^^^^^^^^^^^
  File "/home/pi/netatmo/netatmo_climate.py", line 69, in get_climate_data
    r1.raise_for_status()
    ~~~~~~~~~~~~~~~~~~~^^
  File "/home/pi/netatmo/venv/lib/python3.13/site-packages/requests/models.py", line 1026, in raise_for_status
    raise HTTPError(http_error_msg, response=self)
requests.exceptions.HTTPError: 503 Server Error: Service Temporarily Unavailable for url: https://api.netatmo.com/api/homesdata
=== 2026-09-26 09:20:01 ===
=== 2026-09-26 09:25:01 ===
=== 2026-09-26 09:30:01 ===
Traceback (most recent call last):
  File "/home/pi/netatmo/netatmo_climate.py", line 141, in <module>
    main()
    ~~~~^^
  File "/home/pi/netatmo/netatmo_climate.py", line 134, in main
    access_token = get_access_token()
  File "/home/pi/netatmo/netatmo_climate.py", line 57, in get_access_token
    return refresh_access_token()
  File "/home/pi/netatmo/netatmo_climate.py", line 46, in refresh_access_token
    r.raise_for_status()
    ~~~~~~~~~~~~~~~~~~^^
  File "/home/pi/netatmo/venv/lib/python3.13/site-packages/requests/models.py", line 1026, in raise_for_status
    raise HTTPError(http_error_msg, response=self)
requests.exceptions.HTTPError: 503 Server Error: Service Unavailable for url: https://api.netatmo.com/oauth2/token
=== 2026-09-26 09:35:02 ===
=== 2026-09-26 09:40:02 ===
Traceback (most recent call last):
  File "/home/pi/netatmo/netatmo_climate.py", line 141, in <module>
    main()
    ~~~~^^
  File "/home/pi/netatmo/netatmo_climate.py", line 134, in main
    access_token = get_access_token()
  File "/home/pi/netatmo/netatmo_climate.py", line 57, in get_access_token
    return refresh_access_token()
  File "/home/pi/netatmo/netatmo_climate.py", line 46, in refresh_access_token
    r.raise_for_status()
    ~~~~~~~~~~~~~~~~~~^^
  File "/home/pi/netatmo/venv/lib/python3.13/site-packages/requests/models.py", line 1026, in raise_for_status
    raise HTTPError(http_error_msg, response=self)
requests.exceptions.HTTPError: 503 Server Error: Service Unavailable for url: https://api.netatmo.com/oauth2/token
=== 2026-09-26 09:45:01 ===
Traceback (most recent call last):
  File "/home/pi/netatmo/netatmo_climate.py", line 141, in <module>
    main()
    ~~~~^^
  File "/home/pi/netatmo/netatmo_climate.py", line 135, in main
    home, status = get_climate_data(access_token, HOME_ID)
                   ~~~~~~~~~~~~~~~~^^^^^^^^^^^^^^^^^^^^^^^
  File "/home/pi/netatmo/netatmo_climate.py", line 69, in get_climate_data
    r1.raise_for_status()
    ~~~~~~~~~~~~~~~~~~~^^
  File "/home/pi/netatmo/venv/lib/python3.13/site-packages/requests/models.py", line 1026, in raise_for_status
    raise HTTPError(http_error_msg, response=self)
requests.exceptions.HTTPError: 503 Server Error: Service Temporarily Unavailable for url: https://api.netatmo.com/api/homesdata
=== 2026-09-26 09:50:01 ===
Traceback (most recent call last):
  File "/home/pi/netatmo/netatmo_climate.py", line 141, in <module>
    main()
    ~~~~^^
  File "/home/pi/netatmo/netatmo_climate.py", line 135, in main
    home, status = get_climate_data(access_token, HOME_ID)
                   ~~~~~~~~~~~~~~~~^^^^^^^^^^^^^^^^^^^^^^^
  File "/home/pi/netatmo/netatmo_climate.py", line 69, in get_climate_data
    r1.raise_for_status()
    ~~~~~~~~~~~~~~~~~~~^^
  File "/home/pi/netatmo/venv/lib/python3.13/site-packages/requests/models.py", line 1026, in raise_for_status
    raise HTTPError(http_error_msg, response=self)
requests.exceptions.HTTPError: 503 Server Error: Service Temporarily Unavailable for url: https://api.netatmo.com/api/homesdata
=== 2026-09-26 09:55:01 ===
=== 2026-09-26 10:00:01 ===
Traceback (most recent call last):
  File "/home/pi/netatmo/netatmo_climate.py", line 141, in <module>
    main()
    ~~~~^^
  File "/home/pi/netatmo/netatmo_climate.py", line 134, in main
    access_token = get_access_token()
  File "/home/pi/netatmo/netatmo_climate.py", line 57, in get_access_token
    return refresh_access_token()
  File "/home/pi/netatmo/netatmo_climate.py", line 46, in refresh_access_token
    r.raise_for_status()
    ~~~~~~~~~~~~~~~~~~^^
  File "/home/pi/netatmo/venv/lib/python3.13/site-packages/requests/models.py", line 1026, in raise_for_status
    raise HTTPError(http_error_msg, response=self)
requests.exceptions.HTTPError: 503 Server Error: Service Unavailable for url: https://api.netatmo.com/oauth2/token
=== 2026-09-26 10:05:01 ===
=== 2026-09-26 10:10:01 ===
Traceback (most recent call last):
  File "/home/pi/netatmo/netatmo_climate.py", line 141, in <module>
    main()
    ~~~~^^
  File "/home/pi/netatmo/netatmo_climate.py", line 134, in main
    access_token = get_access_token()
  File "/home/pi/netatmo/netatmo_climate.py", line 57, in get_access_token
    return refresh_access_token()
  File "/home/pi/netatmo/netatmo_climate.py", line 46, in refresh_access_token
    r.raise_for_status()
    ~~~~~~~~~~~~~~~~~~^^
  File "/home/pi/netatmo/venv/lib/python3.13/site-packages/requests/models.py", line 1026, in raise_for_status
    raise HTTPError(http_error_msg, response=self)
requests.exceptions.HTTPError: 503 Server Error: Service Unavailable for url: https://api.netatmo.com/oauth2/token
=== 2026-09-26 10:15:01 ===
Traceback (most recent call last):
  File "/home/pi/netatmo/netatmo_climate.py", line 141, in <module>
    main()
    ~~~~^^
  File "/home/pi/netatmo/netatmo_climate.py", line 135, in main
    home, status = get_climate_data(access_token, HOME_ID)
                   ~~~~~~~~~~~~~~~~^^^^^^^^^^^^^^^^^^^^^^^
  File "/home/pi/netatmo/netatmo_climate.py", line 69, in get_climate_data
    r1.raise_for_status()
    ~~~~~~~~~~~~~~~~~~~^^
  File "/home/pi/netatmo/venv/lib/python3.13/site-packages/requests/models.py", line 1026, in raise_for_status
    raise HTTPError(http_error_msg, response=self)
requests.exceptions.HTTPError: 503 Server Error: Service Temporarily Unavailable for url: https://api.netatmo.com/api/homesdata
=== 2026-09-26 10:20:01 ===
=== 2026-09-26 10:25:01 ===
=== 2026-09-26 10:30:01 ===
Traceback (most recent call last):
  File "/home/pi/netatmo/netatmo_climate.py", line 141, in <module>
    main()
    ~~~~^^
  File "/home/pi/netatmo/netatmo_climate.py", line 135, in main
    home, status = get_climate_data(access_token, HOME_ID)
                   ~~~~~~~~~~~~~~~~^^^^^^^^^^^^^^^^^^^^^^^
  File "/home/pi/netatmo/netatmo_climate.py", line 69, in get_climate_data
    r1.raise_for_status()
    ~~~~~~~~~~~~~~~~~~~^^
  File "/home/pi/netatmo/venv/lib/python3.13/site-packages/requests/models.py", line 1026, in raise_for_status
    raise HTTPError(http_error_msg, response=self)
requests.exceptions.HTTPError: 503 Server Error: Service Temporarily Unavailable for url: https://api.netatmo.com/api/homesdata
=== 2026-09-26 10:35:01 ===
=== 2026-09-26 10:40:01 ===
=== 2026-09-26 10:45:01 ===
=== 2026-09-26 10:50:01 ===
=== 2026-09-26 10:55:01 ===
=== 2026-09-26 11:00:01 ===
Traceback (most recent call last):
  File "/home/pi/netatmo/netatmo_climate.py", line 141, in <module>
    main()
    ~~~~^^
  File "/home/pi/netatmo/netatmo_climate.py", line 134, in main
    access_token = get_access_token()
  File "/home/pi/netatmo/netatmo_climate.py", line 57, in get_access_token
    return refresh_access_token()
  File "/home/pi/netatmo/netatmo_climate.py", line 46, in refresh_access_token
    r.raise_for_status()
    ~~~~~~~~~~~~~~~~~~^^
  File "/home/pi/netatmo/venv/lib/python3.13/site-packages/requests/models.py", line 1026, in raise_for_status
    raise HTTPError(http_error_msg, response=self)
requests.exceptions.HTTPError: 503 Server Error: Service Unavailable for url: https://api.netatmo.com/oauth2/token
=== 2026-09-26 11:05:02 ===
=== 2026-09-26 11:10:01 ===
Traceback (most recent call last):
  File "/home/pi/netatmo/netatmo_climate.py", line 141, in <module>
    main()
    ~~~~^^
  File "/home/pi/netatmo/netatmo_climate.py", line 135, in main
    home, status = get_climate_data(access_token, HOME_ID)
                   ~~~~~~~~~~~~~~~~^^^^^^^^^^^^^^^^^^^^^^^
  File "/home/pi/netatmo/netatmo_climate.py", line 69, in get_climate_data
    r1.raise_for_status()
    ~~~~~~~~~~~~~~~~~~~^^
  File "/home/pi/netatmo/venv/lib/python3.13/site-packages/requests/models.py", line 1026, in raise_for_status
    raise HTTPError(http_error_msg, response=self)
requests.exceptions.HTTPError: 503 Server Error: Service Temporarily Unavailable for url: https://api.netatmo.com/api/homesdata
=== 2026-09-26 11:15:01 ===
Traceback (most recent call last):
  File "/home/pi/netatmo/netatmo_climate.py", line 141, in <module>
    main()
    ~~~~^^
  File "/home/pi/netatmo/netatmo_climate.py", line 135, in main
    home, status = get_climate_data(access_token, HOME_ID)
                   ~~~~~~~~~~~~~~~~^^^^^^^^^^^^^^^^^^^^^^^
  File "/home/pi/netatmo/netatmo_climate.py", line 69, in get_climate_data
    r1.raise_for_status()
    ~~~~~~~~~~~~~~~~~~~^^
  File "/home/pi/netatmo/venv/lib/python3.13/site-packages/requests/models.py", line 1026, in raise_for_status
    raise HTTPError(http_error_msg, response=self)
requests.exceptions.HTTPError: 503 Server Error: Service Temporarily Unavailable for url: https://api.netatmo.com/api/homesdata
=== 2026-09-26 11:20:02 ===
=== 2026-09-26 11:25:01 ===
=== 2026-09-26 11:30:01 ===
=== 2026-09-26 11:35:01 ===
=== 2026-09-26 11:40:02 ===
=== 2026-09-26 11:45:02 ===
Traceback (most recent call last):
  File "/home/pi/netatmo/netatmo_climate.py", line 141, in <module>
    main()
    ~~~~^^
  File "/home/pi/netatmo/netatmo_climate.py", line 135, in main
    home, status = get_climate_data(access_token, HOME_ID)
                   ~~~~~~~~~~~~~~~~^^^^^^^^^^^^^^^^^^^^^^^
  File "/home/pi/netatmo/netatmo_climate.py", line 69, in get_climate_data
    r1.raise_for_status()
    ~~~~~~~~~~~~~~~~~~~^^
  File "/home/pi/netatmo/venv/lib/python3.13/site-packages/requests/models.py", line 1026, in raise_for_status
    raise HTTPError(http_error_msg, response=self)
requests.exceptions.HTTPError: 503 Server Error: Service Temporarily Unavailable for url: https://api.netatmo.com/api/homesdata
=== 2026-09-26 11:50:02 ===
=== 2026-09-26 11:55:02 ===
=== 2026-09-26 12:00:01 ===
Traceback (most recent call last):
  File "/home/pi/netatmo/netatmo_climate.py", line 141, in <module>
    main()
    ~~~~^^
  File "/home/pi/netatmo/netatmo_climate.py", line 134, in main
    access_token = get_access_token()
  File "/home/pi/netatmo/netatmo_climate.py", line 57, in get_access_token
    return refresh_access_token()
  File "/home/pi/netatmo/netatmo_climate.py", line 46, in refresh_access_token
    r.raise_for_status()
    ~~~~~~~~~~~~~~~~~~^^
  File "/home/pi/netatmo/venv/lib/python3.13/site-packages/requests/models.py", line 1026, in raise_for_status
    raise HTTPError(http_error_msg, response=self)
requests.exceptions.HTTPError: 503 Server Error: Service Unavailable for url: https://api.netatmo.com/oauth2/token
=== 2026-09-26 12:05:01 ===
=== 2026-09-26 12:10:01 ===
Traceback (most recent call last):
  File "/home/pi/netatmo/netatmo_climate.py", line 141, in <module>
    main()
    ~~~~^^
  File "/home/pi/netatmo/netatmo_climate.py", line 134, in main
    access_token = get_access_token()
  File "/home/pi/netatmo/netatmo_climate.py", line 57, in get_access_token
    return refresh_access_token()
  File "/home/pi/netatmo/netatmo_climate.py", line 46, in refresh_access_token
    r.raise_for_status()
    ~~~~~~~~~~~~~~~~~~^^
  File "/home/pi/netatmo/venv/lib/python3.13/site-packages/requests/models.py", line 1026, in raise_for_status
    raise HTTPError(http_error_msg, response=self)
requests.exceptions.HTTPError: 503 Server Error: Service Unavailable for url: https://api.netatmo.com/oauth2/token
=== 2026-09-26 12:15:01 ===
=== 2026-09-26 12:20:01 ===
Traceback (most recent call last):
  File "/home/pi/netatmo/netatmo_climate.py", line 141, in <module>
    main()
    ~~~~^^
  File "/home/pi/netatmo/netatmo_climate.py", line 134, in main
    access_token = get_access_token()
  File "/home/pi/netatmo/netatmo_climate.py", line 57, in get_access_token
    return refresh_access_token()
  File "/home/pi/netatmo/netatmo_climate.py", line 46, in refresh_access_token
    r.raise_for_status()
    ~~~~~~~~~~~~~~~~~~^^
  File "/home/pi/netatmo/venv/lib/python3.13/site-packages/requests/models.py", line 1026, in raise_for_status
    raise HTTPError(http_error_msg, response=self)
requests.exceptions.HTTPError: 503 Server Error: Service Unavailable for url: https://api.netatmo.com/oauth2/token
=== 2026-09-26 12:25:01 ===
=== 2026-09-26 12:30:01 ===
Traceback (most recent call last):
  File "/home/pi/netatmo/netatmo_climate.py", line 141, in <module>
    main()
    ~~~~^^
  File "/home/pi/netatmo/netatmo_climate.py", line 135, in main
    home, status = get_climate_data(access_token, HOME_ID)
                   ~~~~~~~~~~~~~~~~^^^^^^^^^^^^^^^^^^^^^^^
  File "/home/pi/netatmo/netatmo_climate.py", line 69, in get_climate_data
    r1.raise_for_status()
    ~~~~~~~~~~~~~~~~~~~^^
  File "/home/pi/netatmo/venv/lib/python3.13/site-packages/requests/models.py", line 1026, in raise_for_status
    raise HTTPError(http_error_msg, response=self)
requests.exceptions.HTTPError: 503 Server Error: Service Temporarily Unavailable for url: https://api.netatmo.com/api/homesdata
=== 2026-09-26 12:35:01 ===
=== 2026-09-26 12:40:01 ===
Traceback (most recent call last):
  File "/home/pi/netatmo/netatmo_climate.py", line 141, in <module>
    main()
    ~~~~^^
  File "/home/pi/netatmo/netatmo_climate.py", line 135, in main
    home, status = get_climate_data(access_token, HOME_ID)
                   ~~~~~~~~~~~~~~~~^^^^^^^^^^^^^^^^^^^^^^^
  File "/home/pi/netatmo/netatmo_climate.py", line 69, in get_climate_data
    r1.raise_for_status()
    ~~~~~~~~~~~~~~~~~~~^^
  File "/home/pi/netatmo/venv/lib/python3.13/site-packages/requests/models.py", line 1026, in raise_for_status
    raise HTTPError(http_error_msg, response=self)
requests.exceptions.HTTPError: 503 Server Error: Service Temporarily Unavailable for url: https://api.netatmo.com/api/homesdata
=== 2026-09-26 12:45:01 ===
=== 2026-09-26 12:50:01 ===
Traceback (most recent call last):
  File "/home/pi/netatmo/netatmo_climate.py", line 141, in <module>
    main()
    ~~~~^^
  File "/home/pi/netatmo/netatmo_climate.py", line 135, in main
    home, status = get_climate_data(access_token, HOME_ID)
                   ~~~~~~~~~~~~~~~~^^^^^^^^^^^^^^^^^^^^^^^
  File "/home/pi/netatmo/netatmo_climate.py", line 69, in get_climate_data
    r1.raise_for_status()
    ~~~~~~~~~~~~~~~~~~~^^
  File "/home/pi/netatmo/venv/lib/python3.13/site-packages/requests/models.py", line 1026, in raise_for_status
    raise HTTPError(http_error_msg, response=self)
requests.exceptions.HTTPError: 503 Server Error: Service Temporarily Unavailable for url: https://api.netatmo.com/api/homesdata
=== 2026-09-26 12:55:01 ===
=== 2026-09-26 13:00:01 ===
Traceback (most recent call last):
  File "/home/pi/netatmo/netatmo_climate.py", line 141, in <module>
    main()
    ~~~~^^
  File "/home/pi/netatmo/netatmo_climate.py", line 134, in main
    access_token = get_access_token()
  File "/home/pi/netatmo/netatmo_climate.py", line 57, in get_access_token
    return refresh_access_token()
  File "/home/pi/netatmo/netatmo_climate.py", line 46, in refresh_access_token
    r.raise_for_status()
    ~~~~~~~~~~~~~~~~~~^^
  File "/home/pi/netatmo/venv/lib/python3.13/site-packages/requests/models.py", line 1026, in raise_for_status
    raise HTTPError(http_error_msg, response=self)
requests.exceptions.HTTPError: 503 Server Error: Service Unavailable for url: https://api.netatmo.com/oauth2/token
=== 2026-09-26 13:05:01 ===
=== 2026-09-26 13:10:01 ===
=== 2026-09-26 13:15:01 ===
=== 2026-09-26 13:20:01 ===
Traceback (most recent call last):
  File "/home/pi/netatmo/netatmo_climate.py", line 141, in <module>
    main()
    ~~~~^^
  File "/home/pi/netatmo/netatmo_climate.py", line 135, in main
    home, status = get_climate_data(access_token, HOME_ID)
                   ~~~~~~~~~~~~~~~~^^^^^^^^^^^^^^^^^^^^^^^
  File "/home/pi/netatmo/netatmo_climate.py", line 69, in get_climate_data
    r1.raise_for_status()
    ~~~~~~~~~~~~~~~~~~~^^
  File "/home/pi/netatmo/venv/lib/python3.13/site-packages/requests/models.py", line 1026, in raise_for_status
    raise HTTPError(http_error_msg, response=self)
requests.exceptions.HTTPError: 503 Server Error: Service Temporarily Unavailable for url: https://api.netatmo.com/api/homesdata
=== 2026-09-26 13:25:01 ===
=== 2026-09-26 13:30:01 ===
=== 2026-09-26 13:35:01 ===
=== 2026-09-26 13:40:01 ===
Traceback (most recent call last):
  File "/home/pi/netatmo/netatmo_climate.py", line 141, in <module>
    main()
    ~~~~^^
  File "/home/pi/netatmo/netatmo_climate.py", line 134, in main
    access_token = get_access_token()
  File "/home/pi/netatmo/netatmo_climate.py", line 57, in get_access_token
    return refresh_access_token()
  File "/home/pi/netatmo/netatmo_climate.py", line 46, in refresh_access_token
    r.raise_for_status()
    ~~~~~~~~~~~~~~~~~~^^
  File "/home/pi/netatmo/venv/lib/python3.13/site-packages/requests/models.py", line 1026, in raise_for_status
    raise HTTPError(http_error_msg, response=self)
requests.exceptions.HTTPError: 503 Server Error: Service Unavailable for url: https://api.netatmo.com/oauth2/token
=== 2026-09-26 13:45:01 ===
=== 2026-09-26 13:50:01 ===
Traceback (most recent call last):
  File "/home/pi/netatmo/netatmo_climate.py", line 141, in <module>
    main()
    ~~~~^^
  File "/home/pi/netatmo/netatmo_climate.py", line 135, in main
    home, status = get_climate_data(access_token, HOME_ID)
                   ~~~~~~~~~~~~~~~~^^^^^^^^^^^^^^^^^^^^^^^
  File "/home/pi/netatmo/netatmo_climate.py", line 69, in get_climate_data
    r1.raise_for_status()
    ~~~~~~~~~~~~~~~~~~~^^
  File "/home/pi/netatmo/venv/lib/python3.13/site-packages/requests/models.py", line 1026, in raise_for_status
    raise HTTPError(http_error_msg, response=self)
requests.exceptions.HTTPError: 503 Server Error: Service Temporarily Unavailable for url: https://api.netatmo.com/api/homesdata
=== 2026-09-26 13:55:01 ===
=== 2026-09-26 14:00:01 ===
Traceback (most recent call last):
  File "/home/pi/netatmo/netatmo_climate.py", line 141, in <module>
    main()
    ~~~~^^
  File "/home/pi/netatmo/netatmo_climate.py", line 134, in main
    access_token = get_access_token()
  File "/home/pi/netatmo/netatmo_climate.py", line 57, in get_access_token
    return refresh_access_token()
  File "/home/pi/netatmo/netatmo_climate.py", line 46, in refresh_access_token
    r.raise_for_status()
    ~~~~~~~~~~~~~~~~~~^^
  File "/home/pi/netatmo/venv/lib/python3.13/site-packages/requests/models.py", line 1026, in raise_for_status
    raise HTTPError(http_error_msg, response=self)
requests.exceptions.HTTPError: 503 Server Error: Service Unavailable for url: https://api.netatmo.com/oauth2/token
=== 2026-09-26 14:05:01 ===
=== 2026-09-26 14:10:01 ===
=== 2026-09-26 14:15:02 ===
=== 2026-09-26 14:20:02 ===
=== 2026-09-26 14:25:01 ===
=== 2026-09-26 14:30:01 ===
Traceback (most recent call last):
  File "/home/pi/netatmo/netatmo_climate.py", line 141, in <module>
    main()
    ~~~~^^
  File "/home/pi/netatmo/netatmo_climate.py", line 135, in main
    home, status = get_climate_data(access_token, HOME_ID)
                   ~~~~~~~~~~~~~~~~^^^^^^^^^^^^^^^^^^^^^^^
  File "/home/pi/netatmo/netatmo_climate.py", line 69, in get_climate_data
    r1.raise_for_status()
    ~~~~~~~~~~~~~~~~~~~^^
  File "/home/pi/netatmo/venv/lib/python3.13/site-packages/requests/models.py", line 1026, in raise_for_status
    raise HTTPError(http_error_msg, response=self)
requests.exceptions.HTTPError: 503 Server Error: Service Temporarily Unavailable for url: https://api.netatmo.com/api/homesdata
=== 2026-09-26 14:35:02 ===
=== 2026-09-26 14:40:01 ===
Traceback (most recent call last):
  File "/home/pi/netatmo/netatmo_climate.py", line 141, in <module>
    main()
    ~~~~^^
  File "/home/pi/netatmo/netatmo_climate.py", line 134, in main
    access_token = get_access_token()
  File "/home/pi/netatmo/netatmo_climate.py", line 57, in get_access_token
    return refresh_access_token()
  File "/home/pi/netatmo/netatmo_climate.py", line 46, in refresh_access_token
    r.raise_for_status()
    ~~~~~~~~~~~~~~~~~~^^
  File "/home/pi/netatmo/venv/lib/python3.13/site-packages/requests/models.py", line 1026, in raise_for_status
    raise HTTPError(http_error_msg, response=self)
requests.exceptions.HTTPError: 503 Server Error: Service Unavailable for url: https://api.netatmo.com/oauth2/token
=== 2026-09-26 14:45:02 ===
=== 2026-09-26 14:50:02 ===
Traceback (most recent call last):
  File "/home/pi/netatmo/netatmo_climate.py", line 141, in <module>
    main()
    ~~~~^^
  File "/home/pi/netatmo/netatmo_climate.py", line 135, in main
    home, status = get_climate_data(access_token, HOME_ID)
                   ~~~~~~~~~~~~~~~~^^^^^^^^^^^^^^^^^^^^^^^
  File "/home/pi/netatmo/netatmo_climate.py", line 69, in get_climate_data
    r1.raise_for_status()
    ~~~~~~~~~~~~~~~~~~~^^
  File "/home/pi/netatmo/venv/lib/python3.13/site-packages/requests/models.py", line 1026, in raise_for_status
    raise HTTPError(http_error_msg, response=self)
requests.exceptions.HTTPError: 503 Server Error: Service Temporarily Unavailable for url: https://api.netatmo.com/api/homesdata
=== 2026-09-26 14:55:01 ===
=== 2026-09-26 15:00:01 ===
Traceback (most recent call last):
  File "/home/pi/netatmo/netatmo_climate.py", line 141, in <module>
    main()
    ~~~~^^
  File "/home/pi/netatmo/netatmo_climate.py", line 134, in main
    access_token = get_access_token()
  File "/home/pi/netatmo/netatmo_climate.py", line 57, in get_access_token
    return refresh_access_token()
  File "/home/pi/netatmo/netatmo_climate.py", line 46, in refresh_access_token
    r.raise_for_status()
    ~~~~~~~~~~~~~~~~~~^^
  File "/home/pi/netatmo/venv/lib/python3.13/site-packages/requests/models.py", line 1026, in raise_for_status
    raise HTTPError(http_error_msg, response=self)
requests.exceptions.HTTPError: 503 Server Error: Service Unavailable for url: https://api.netatmo.com/oauth2/token
=== 2026-09-26 15:05:01 ===
=== 2026-09-26 15:10:02 ===
Traceback (most recent call last):
  File "/home/pi/netatmo/netatmo_climate.py", line 141, in <module>
    main()
    ~~~~^^
  File "/home/pi/netatmo/netatmo_climate.py", line 134, in main
    access_token = get_access_token()
  File "/home/pi/netatmo/netatmo_climate.py", line 57, in get_access_token
    return refresh_access_token()
  File "/home/pi/netatmo/netatmo_climate.py", line 46, in refresh_access_token
    r.raise_for_status()
    ~~~~~~~~~~~~~~~~~~^^
  File "/home/pi/netatmo/venv/lib/python3.13/site-packages/requests/models.py", line 1026, in raise_for_status
    raise HTTPError(http_error_msg, response=self)
requests.exceptions.HTTPError: 503 Server Error: Service Unavailable for url: https://api.netatmo.com/oauth2/token
=== 2026-09-26 15:15:01 ===
Traceback (most recent call last):
  File "/home/pi/netatmo/venv/lib/python3.13/site-packages/urllib3/connection.py", line 204, in _new_conn
    sock = connection.create_connection(
        (self._dns_host, self.port),
    ...<2 lines>...
        socket_options=self.socket_options,
    )
  File "/home/pi/netatmo/venv/lib/python3.13/site-packages/urllib3/util/connection.py", line 60, in create_connection
    for res in socket.getaddrinfo(host, port, family, socket.SOCK_STREAM):
               ~~~~~~~~~~~~~~~~~~^^^^^^^^^^^^^^^^^^^^^^^^^^^^^^^^^^^^^^^^
  File "/usr/lib/python3.13/socket.py", line 977, in getaddrinfo
    for res in _socket.getaddrinfo(host, port, family, type, proto, flags):
               ~~~~~~~~~~~~~~~~~~~^^^^^^^^^^^^^^^^^^^^^^^^^^^^^^^^^^^^^^^^
socket.gaierror: [Errno -3] Temporary failure in name resolution

The above exception was the direct cause of the following exception:

Traceback (most recent call last):
  File "/home/pi/netatmo/venv/lib/python3.13/site-packages/urllib3/connectionpool.py", line 787, in urlopen
    response = self._make_request(
        conn,
    ...<10 lines>...
        **response_kw,
    )
  File "/home/pi/netatmo/venv/lib/python3.13/site-packages/urllib3/connectionpool.py", line 488, in _make_request
    raise new_e
  File "/home/pi/netatmo/venv/lib/python3.13/site-packages/urllib3/connectionpool.py", line 464, in _make_request
    self._validate_conn(conn)
    ~~~~~~~~~~~~~~~~~~~^^^^^^
  File "/home/pi/netatmo/venv/lib/python3.13/site-packages/urllib3/connectionpool.py", line 1093, in _validate_conn
    conn.connect()
    ~~~~~~~~~~~~^^
  File "/home/pi/netatmo/venv/lib/python3.13/site-packages/urllib3/connection.py", line 759, in connect
    self.sock = sock = self._new_conn()
                       ~~~~~~~~~~~~~~^^
  File "/home/pi/netatmo/venv/lib/python3.13/site-packages/urllib3/connection.py", line 211, in _new_conn
    raise NameResolutionError(self.host, self, e) from e
urllib3.exceptions.NameResolutionError: HTTPSConnection(host='api.netatmo.com', port=443): Failed to resolve 'api.netatmo.com' ([Errno -3] Temporary failure in name resolution)

The above exception was the direct cause of the following exception:

Traceback (most recent call last):
  File "/home/pi/netatmo/venv/lib/python3.13/site-packages/requests/adapters.py", line 644, in send
    resp = conn.urlopen(
        method=request.method,
    ...<9 lines>...
        chunked=chunked,
    )
  File "/home/pi/netatmo/venv/lib/python3.13/site-packages/urllib3/connectionpool.py", line 841, in urlopen
    retries = retries.increment(
        method, url, error=new_e, _pool=self, _stacktrace=sys.exc_info()[2]
    )
  File "/home/pi/netatmo/venv/lib/python3.13/site-packages/urllib3/util/retry.py", line 535, in increment
    raise MaxRetryError(_pool, url, reason) from reason  # type: ignore[arg-type]
    ^^^^^^^^^^^^^^^^^^^^^^^^^^^^^^^^^^^^^^^^^^^^^^^^^^^
urllib3.exceptions.MaxRetryError: HTTPSConnectionPool(host='api.netatmo.com', port=443): Max retries exceeded with url: /oauth2/token (Caused by NameResolutionError("HTTPSConnection(host='api.netatmo.com', port=443): Failed to resolve 'api.netatmo.com' ([Errno -3] Temporary failure in name resolution)"))

During handling of the above exception, another exception occurred:

Traceback (most recent call last):
  File "/home/pi/netatmo/netatmo_climate.py", line 141, in <module>
    main()
    ~~~~^^
  File "/home/pi/netatmo/netatmo_climate.py", line 134, in main
    access_token = get_access_token()
  File "/home/pi/netatmo/netatmo_climate.py", line 57, in get_access_token
    return refresh_access_token()
  File "/home/pi/netatmo/netatmo_climate.py", line 45, in refresh_access_token
    r = requests.post(url, data=data)
  File "/home/pi/netatmo/venv/lib/python3.13/site-packages/requests/api.py", line 115, in post
    return request("post", url, data=data, json=json, **kwargs)
  File "/home/pi/netatmo/venv/lib/python3.13/site-packages/requests/api.py", line 59, in request
    return session.request(method=method, url=url, **kwargs)
           ~~~~~~~~~~~~~~~^^^^^^^^^^^^^^^^^^^^^^^^^^^^^^^^^^
  File "/home/pi/netatmo/venv/lib/python3.13/site-packages/requests/sessions.py", line 589, in request
    resp = self.send(prep, **send_kwargs)
  File "/home/pi/netatmo/venv/lib/python3.13/site-packages/requests/sessions.py", line 703, in send
    r = adapter.send(request, **kwargs)
  File "/home/pi/netatmo/venv/lib/python3.13/site-packages/requests/adapters.py", line 677, in send
    raise ConnectionError(e, request=request)
requests.exceptions.ConnectionError: HTTPSConnectionPool(host='api.netatmo.com', port=443): Max retries exceeded with url: /oauth2/token (Caused by NameResolutionError("HTTPSConnection(host='api.netatmo.com', port=443): Failed to resolve 'api.netatmo.com' ([Errno -3] Temporary failure in name resolution)"))
=== 2026-09-26 15:20:01 ===
=== 2026-09-26 15:25:01 ===
Traceback (most recent call last):
  File "/home/pi/netatmo/netatmo_climate.py", line 141, in <module>
    main()
    ~~~~^^
  File "/home/pi/netatmo/netatmo_climate.py", line 135, in main
    home, status = get_climate_data(access_token, HOME_ID)
                   ~~~~~~~~~~~~~~~~^^^^^^^^^^^^^^^^^^^^^^^
  File "/home/pi/netatmo/netatmo_climate.py", line 69, in get_climate_data
    r1.raise_for_status()
    ~~~~~~~~~~~~~~~~~~~^^
  File "/home/pi/netatmo/venv/lib/python3.13/site-packages/requests/models.py", line 1026, in raise_for_status
    raise HTTPError(http_error_msg, response=self)
requests.exceptions.HTTPError: 503 Server Error: Service Temporarily Unavailable for url: https://api.netatmo.com/api/homesdata
=== 2026-09-26 15:30:01 ===
=== 2026-09-26 15:35:01 ===
=== 2026-09-26 15:40:01 ===
Traceback (most recent call last):
  File "/home/pi/netatmo/netatmo_climate.py", line 141, in <module>
    main()
    ~~~~^^
  File "/home/pi/netatmo/netatmo_climate.py", line 134, in main
    access_token = get_access_token()
  File "/home/pi/netatmo/netatmo_climate.py", line 57, in get_access_token
    return refresh_access_token()
  File "/home/pi/netatmo/netatmo_climate.py", line 46, in refresh_access_token
    r.raise_for_status()
    ~~~~~~~~~~~~~~~~~~^^
  File "/home/pi/netatmo/venv/lib/python3.13/site-packages/requests/models.py", line 1026, in raise_for_status
    raise HTTPError(http_error_msg, response=self)
requests.exceptions.HTTPError: 503 Server Error: Service Unavailable for url: https://api.netatmo.com/oauth2/token
=== 2026-09-26 15:45:01 ===
Traceback (most recent call last):
  File "/home/pi/netatmo/netatmo_climate.py", line 141, in <module>
    main()
    ~~~~^^
  File "/home/pi/netatmo/netatmo_climate.py", line 135, in main
    home, status = get_climate_data(access_token, HOME_ID)
                   ~~~~~~~~~~~~~~~~^^^^^^^^^^^^^^^^^^^^^^^
  File "/home/pi/netatmo/netatmo_climate.py", line 69, in get_climate_data
    r1.raise_for_status()
    ~~~~~~~~~~~~~~~~~~~^^
  File "/home/pi/netatmo/venv/lib/python3.13/site-packages/requests/models.py", line 1026, in raise_for_status
    raise HTTPError(http_error_msg, response=self)
requests.exceptions.HTTPError: 503 Server Error: Service Temporarily Unavailable for url: https://api.netatmo.com/api/homesdata
=== 2026-09-26 15:50:01 ===
=== 2026-09-26 15:55:02 ===
=== 2026-09-26 16:00:02 ===
Traceback (most recent call last):
  File "/home/pi/netatmo/netatmo_climate.py", line 141, in <module>
    main()
    ~~~~^^
  File "/home/pi/netatmo/netatmo_climate.py", line 134, in main
    access_token = get_access_token()
  File "/home/pi/netatmo/netatmo_climate.py", line 57, in get_access_token
    return refresh_access_token()
  File "/home/pi/netatmo/netatmo_climate.py", line 46, in refresh_access_token
    r.raise_for_status()
    ~~~~~~~~~~~~~~~~~~^^
  File "/home/pi/netatmo/venv/lib/python3.13/site-packages/requests/models.py", line 1026, in raise_for_status
    raise HTTPError(http_error_msg, response=self)
requests.exceptions.HTTPError: 503 Server Error: Service Unavailable for url: https://api.netatmo.com/oauth2/token
=== 2026-09-26 16:05:02 ===
=== 2026-09-26 16:10:02 ===
=== 2026-09-26 16:15:01 ===
=== 2026-09-26 16:20:02 ===
=== 2026-09-26 16:25:01 ===
=== 2026-09-26 16:30:01 ===
=== 2026-09-26 16:35:02 ===
=== 2026-09-26 16:40:01 ===
Traceback (most recent call last):
  File "/home/pi/netatmo/netatmo_climate.py", line 141, in <module>
    main()
    ~~~~^^
  File "/home/pi/netatmo/netatmo_climate.py", line 134, in main
    access_token = get_access_token()
  File "/home/pi/netatmo/netatmo_climate.py", line 57, in get_access_token
    return refresh_access_token()
  File "/home/pi/netatmo/netatmo_climate.py", line 46, in refresh_access_token
    r.raise_for_status()
    ~~~~~~~~~~~~~~~~~~^^
  File "/home/pi/netatmo/venv/lib/python3.13/site-packages/requests/models.py", line 1026, in raise_for_status
    raise HTTPError(http_error_msg, response=self)
requests.exceptions.HTTPError: 503 Server Error: Service Unavailable for url: https://api.netatmo.com/oauth2/token
=== 2026-09-26 16:45:01 ===
Traceback (most recent call last):
  File "/home/pi/netatmo/netatmo_climate.py", line 141, in <module>
    main()
    ~~~~^^
  File "/home/pi/netatmo/netatmo_climate.py", line 135, in main
    home, status = get_climate_data(access_token, HOME_ID)
                   ~~~~~~~~~~~~~~~~^^^^^^^^^^^^^^^^^^^^^^^
  File "/home/pi/netatmo/netatmo_climate.py", line 69, in get_climate_data
    r1.raise_for_status()
    ~~~~~~~~~~~~~~~~~~~^^
  File "/home/pi/netatmo/venv/lib/python3.13/site-packages/requests/models.py", line 1026, in raise_for_status
    raise HTTPError(http_error_msg, response=self)
requests.exceptions.HTTPError: 503 Server Error: Service Temporarily Unavailable for url: https://api.netatmo.com/api/homesdata
=== 2026-09-26 16:50:01 ===
=== 2026-09-26 16:55:01 ===
=== 2026-09-26 17:00:01 ===
Traceback (most recent call last):
  File "/home/pi/netatmo/netatmo_climate.py", line 141, in <module>
    main()
    ~~~~^^
  File "/home/pi/netatmo/netatmo_climate.py", line 134, in main
    access_token = get_access_token()
  File "/home/pi/netatmo/netatmo_climate.py", line 57, in get_access_token
    return refresh_access_token()
  File "/home/pi/netatmo/netatmo_climate.py", line 46, in refresh_access_token
    r.raise_for_status()
    ~~~~~~~~~~~~~~~~~~^^
  File "/home/pi/netatmo/venv/lib/python3.13/site-packages/requests/models.py", line 1026, in raise_for_status
    raise HTTPError(http_error_msg, response=self)
requests.exceptions.HTTPError: 503 Server Error: Service Unavailable for url: https://api.netatmo.com/oauth2/token
=== 2026-09-26 17:05:01 ===
=== 2026-09-26 17:10:01 ===
Traceback (most recent call last):
  File "/home/pi/netatmo/netatmo_climate.py", line 141, in <module>
    main()
    ~~~~^^
  File "/home/pi/netatmo/netatmo_climate.py", line 134, in main
    access_token = get_access_token()
  File "/home/pi/netatmo/netatmo_climate.py", line 57, in get_access_token
    return refresh_access_token()
  File "/home/pi/netatmo/netatmo_climate.py", line 46, in refresh_access_token
    r.raise_for_status()
    ~~~~~~~~~~~~~~~~~~^^
  File "/home/pi/netatmo/venv/lib/python3.13/site-packages/requests/models.py", line 1026, in raise_for_status
    raise HTTPError(http_error_msg, response=self)
requests.exceptions.HTTPError: 503 Server Error: Service Unavailable for url: https://api.netatmo.com/oauth2/token
=== 2026-09-26 17:15:01 ===
=== 2026-09-26 17:20:01 ===
=== 2026-09-26 17:25:02 ===
=== 2026-09-26 17:30:01 ===
=== 2026-09-26 17:35:01 ===
=== 2026-09-26 17:40:01 ===
=== 2026-09-26 17:45:01 ===
=== 2026-09-26 17:50:01 ===
Traceback (most recent call last):
  File "/home/pi/netatmo/netatmo_climate.py", line 141, in <module>
    main()
    ~~~~^^
  File "/home/pi/netatmo/netatmo_climate.py", line 134, in main
    access_token = get_access_token()
  File "/home/pi/netatmo/netatmo_climate.py", line 57, in get_access_token
    return refresh_access_token()
  File "/home/pi/netatmo/netatmo_climate.py", line 46, in refresh_access_token
    r.raise_for_status()
    ~~~~~~~~~~~~~~~~~~^^
  File "/home/pi/netatmo/venv/lib/python3.13/site-packages/requests/models.py", line 1026, in raise_for_status
    raise HTTPError(http_error_msg, response=self)
requests.exceptions.HTTPError: 503 Server Error: Service Unavailable for url: https://api.netatmo.com/oauth2/token
=== 2026-09-26 17:55:02 ===
=== 2026-09-26 18:00:01 ===
Traceback (most recent call last):
  File "/home/pi/netatmo/netatmo_climate.py", line 141, in <module>
    main()
    ~~~~^^
  File "/home/pi/netatmo/netatmo_climate.py", line 134, in main
    access_token = get_access_token()
  File "/home/pi/netatmo/netatmo_climate.py", line 57, in get_access_token
    return refresh_access_token()
  File "/home/pi/netatmo/netatmo_climate.py", line 46, in refresh_access_token
    r.raise_for_status()
    ~~~~~~~~~~~~~~~~~~^^
  File "/home/pi/netatmo/venv/lib/python3.13/site-packages/requests/models.py", line 1026, in raise_for_status
    raise HTTPError(http_error_msg, response=self)
requests.exceptions.HTTPError: 503 Server Error: Service Unavailable for url: https://api.netatmo.com/oauth2/token
=== 2026-09-26 18:05:01 ===
=== 2026-09-26 18:10:01 ===
Traceback (most recent call last):
  File "/home/pi/netatmo/netatmo_climate.py", line 141, in <module>
    main()
    ~~~~^^
  File "/home/pi/netatmo/netatmo_climate.py", line 134, in main
    access_token = get_access_token()
  File "/home/pi/netatmo/netatmo_climate.py", line 57, in get_access_token
    return refresh_access_token()
  File "/home/pi/netatmo/netatmo_climate.py", line 46, in refresh_access_token
    r.raise_for_status()
    ~~~~~~~~~~~~~~~~~~^^
  File "/home/pi/netatmo/venv/lib/python3.13/site-packages/requests/models.py", line 1026, in raise_for_status
    raise HTTPError(http_error_msg, response=self)
requests.exceptions.HTTPError: 503 Server Error: Service Unavailable for url: https://api.netatmo.com/oauth2/token
=== 2026-09-26 18:15:01 ===
=== 2026-09-26 18:20:01 ===
=== 2026-09-26 18:25:02 ===
=== 2026-09-26 18:30:02 ===
Traceback (most recent call last):
  File "/home/pi/netatmo/netatmo_climate.py", line 141, in <module>
    main()
    ~~~~^^
  File "/home/pi/netatmo/netatmo_climate.py", line 134, in main
    access_token = get_access_token()
  File "/home/pi/netatmo/netatmo_climate.py", line 57, in get_access_token
    return refresh_access_token()
  File "/home/pi/netatmo/netatmo_climate.py", line 46, in refresh_access_token
    r.raise_for_status()
    ~~~~~~~~~~~~~~~~~~^^
  File "/home/pi/netatmo/venv/lib/python3.13/site-packages/requests/models.py", line 1026, in raise_for_status
    raise HTTPError(http_error_msg, response=self)
requests.exceptions.HTTPError: 503 Server Error: Service Unavailable for url: https://api.netatmo.com/oauth2/token
=== 2026-09-26 18:35:01 ===
=== 2026-09-26 18:40:01 ===
Traceback (most recent call last):
  File "/home/pi/netatmo/netatmo_climate.py", line 141, in <module>
    main()
    ~~~~^^
  File "/home/pi/netatmo/netatmo_climate.py", line 134, in main
    access_token = get_access_token()
  File "/home/pi/netatmo/netatmo_climate.py", line 57, in get_access_token
    return refresh_access_token()
  File "/home/pi/netatmo/netatmo_climate.py", line 46, in refresh_access_token
    r.raise_for_status()
    ~~~~~~~~~~~~~~~~~~^^
  File "/home/pi/netatmo/venv/lib/python3.13/site-packages/requests/models.py", line 1026, in raise_for_status
    raise HTTPError(http_error_msg, response=self)
requests.exceptions.HTTPError: 503 Server Error: Service Unavailable for url: https://api.netatmo.com/oauth2/token
=== 2026-09-26 18:45:01 ===
=== 2026-09-26 18:50:02 ===
=== 2026-09-26 18:55:01 ===
=== 2026-09-26 19:00:02 ===
Traceback (most recent call last):
  File "/home/pi/netatmo/netatmo_climate.py", line 141, in <module>
    main()
    ~~~~^^
  File "/home/pi/netatmo/netatmo_climate.py", line 135, in main
    home, status = get_climate_data(access_token, HOME_ID)
                   ~~~~~~~~~~~~~~~~^^^^^^^^^^^^^^^^^^^^^^^
  File "/home/pi/netatmo/netatmo_climate.py", line 69, in get_climate_data
    r1.raise_for_status()
    ~~~~~~~~~~~~~~~~~~~^^
  File "/home/pi/netatmo/venv/lib/python3.13/site-packages/requests/models.py", line 1026, in raise_for_status
    raise HTTPError(http_error_msg, response=self)
requests.exceptions.HTTPError: 503 Server Error: Service Temporarily Unavailable for url: https://api.netatmo.com/api/homesdata
=== 2026-09-26 19:05:01 ===
=== 2026-09-26 19:10:01 ===
=== 2026-09-26 19:15:01 ===
=== 2026-09-26 19:20:02 ===
=== 2026-09-26 19:25:01 ===
=== 2026-09-26 19:30:01 ===
Traceback (most recent call last):
  File "/home/pi/netatmo/netatmo_climate.py", line 141, in <module>
    main()
    ~~~~^^
  File "/home/pi/netatmo/netatmo_climate.py", line 134, in main
    access_token = get_access_token()
  File "/home/pi/netatmo/netatmo_climate.py", line 57, in get_access_token
    return refresh_access_token()
  File "/home/pi/netatmo/netatmo_climate.py", line 46, in refresh_access_token
    r.raise_for_status()
    ~~~~~~~~~~~~~~~~~~^^
  File "/home/pi/netatmo/venv/lib/python3.13/site-packages/requests/models.py", line 1026, in raise_for_status
    raise HTTPError(http_error_msg, response=self)
requests.exceptions.HTTPError: 503 Server Error: Service Unavailable for url: https://api.netatmo.com/oauth2/token
=== 2026-09-26 19:35:01 ===
=== 2026-09-26 19:40:01 ===
Traceback (most recent call last):
  File "/home/pi/netatmo/netatmo_climate.py", line 141, in <module>
    main()
    ~~~~^^
  File "/home/pi/netatmo/netatmo_climate.py", line 134, in main
    access_token = get_access_token()
  File "/home/pi/netatmo/netatmo_climate.py", line 57, in get_access_token
    return refresh_access_token()
  File "/home/pi/netatmo/netatmo_climate.py", line 46, in refresh_access_token
    r.raise_for_status()
    ~~~~~~~~~~~~~~~~~~^^
  File "/home/pi/netatmo/venv/lib/python3.13/site-packages/requests/models.py", line 1026, in raise_for_status
    raise HTTPError(http_error_msg, response=self)
requests.exceptions.HTTPError: 503 Server Error: Service Unavailable for url: https://api.netatmo.com/oauth2/token
=== 2026-09-26 19:45:01 ===
=== 2026-09-26 19:50:02 ===
Traceback (most recent call last):
  File "/home/pi/netatmo/netatmo_climate.py", line 141, in <module>
    main()
    ~~~~^^
  File "/home/pi/netatmo/netatmo_climate.py", line 135, in main
    home, status = get_climate_data(access_token, HOME_ID)
                   ~~~~~~~~~~~~~~~~^^^^^^^^^^^^^^^^^^^^^^^
  File "/home/pi/netatmo/netatmo_climate.py", line 69, in get_climate_data
    r1.raise_for_status()
    ~~~~~~~~~~~~~~~~~~~^^
  File "/home/pi/netatmo/venv/lib/python3.13/site-packages/requests/models.py", line 1026, in raise_for_status
    raise HTTPError(http_error_msg, response=self)
requests.exceptions.HTTPError: 503 Server Error: Service Temporarily Unavailable for url: https://api.netatmo.com/api/homesdata
=== 2026-09-26 19:55:01 ===
=== 2026-09-26 20:00:01 ===
Traceback (most recent call last):
  File "/home/pi/netatmo/netatmo_climate.py", line 141, in <module>
    main()
    ~~~~^^
  File "/home/pi/netatmo/netatmo_climate.py", line 134, in main
    access_token = get_access_token()
  File "/home/pi/netatmo/netatmo_climate.py", line 57, in get_access_token
    return refresh_access_token()
  File "/home/pi/netatmo/netatmo_climate.py", line 46, in refresh_access_token
    r.raise_for_status()
    ~~~~~~~~~~~~~~~~~~^^
  File "/home/pi/netatmo/venv/lib/python3.13/site-packages/requests/models.py", line 1026, in raise_for_status
    raise HTTPError(http_error_msg, response=self)
requests.exceptions.HTTPError: 503 Server Error: Service Unavailable for url: https://api.netatmo.com/oauth2/token
=== 2026-09-26 20:05:01 ===
=== 2026-09-26 20:10:01 ===
=== 2026-09-26 20:15:01 ===
=== 2026-09-26 20:20:01 ===
Traceback (most recent call last):
  File "/home/pi/netatmo/netatmo_climate.py", line 141, in <module>
    main()
    ~~~~^^
  File "/home/pi/netatmo/netatmo_climate.py", line 135, in main
    home, status = get_climate_data(access_token, HOME_ID)
                   ~~~~~~~~~~~~~~~~^^^^^^^^^^^^^^^^^^^^^^^
  File "/home/pi/netatmo/netatmo_climate.py", line 69, in get_climate_data
    r1.raise_for_status()
    ~~~~~~~~~~~~~~~~~~~^^
  File "/home/pi/netatmo/venv/lib/python3.13/site-packages/requests/models.py", line 1026, in raise_for_status
    raise HTTPError(http_error_msg, response=self)
requests.exceptions.HTTPError: 503 Server Error: Service Temporarily Unavailable for url: https://api.netatmo.com/api/homesdata
=== 2026-09-26 20:25:01 ===
=== 2026-09-26 20:30:01 ===
Traceback (most recent call last):
  File "/home/pi/netatmo/netatmo_climate.py", line 141, in <module>
    main()
    ~~~~^^
  File "/home/pi/netatmo/netatmo_climate.py", line 134, in main
    access_token = get_access_token()
  File "/home/pi/netatmo/netatmo_climate.py", line 57, in get_access_token
    return refresh_access_token()
  File "/home/pi/netatmo/netatmo_climate.py", line 46, in refresh_access_token
    r.raise_for_status()
    ~~~~~~~~~~~~~~~~~~^^
  File "/home/pi/netatmo/venv/lib/python3.13/site-packages/requests/models.py", line 1026, in raise_for_status
    raise HTTPError(http_error_msg, response=self)
requests.exceptions.HTTPError: 503 Server Error: Service Unavailable for url: https://api.netatmo.com/oauth2/token
=== 2026-09-26 20:35:01 ===
Traceback (most recent call last):
  File "/home/pi/netatmo/netatmo_climate.py", line 141, in <module>
    main()
    ~~~~^^
  File "/home/pi/netatmo/netatmo_climate.py", line 135, in main
    home, status = get_climate_data(access_token, HOME_ID)
                   ~~~~~~~~~~~~~~~~^^^^^^^^^^^^^^^^^^^^^^^
  File "/home/pi/netatmo/netatmo_climate.py", line 69, in get_climate_data
    r1.raise_for_status()
    ~~~~~~~~~~~~~~~~~~~^^
  File "/home/pi/netatmo/venv/lib/python3.13/site-packages/requests/models.py", line 1026, in raise_for_status
    raise HTTPError(http_error_msg, response=self)
requests.exceptions.HTTPError: 503 Server Error: Service Temporarily Unavailable for url: https://api.netatmo.com/api/homesdata
=== 2026-09-26 20:40:01 ===
Traceback (most recent call last):
  File "/home/pi/netatmo/netatmo_climate.py", line 141, in <module>
    main()
    ~~~~^^
  File "/home/pi/netatmo/netatmo_climate.py", line 134, in main
    access_token = get_access_token()
  File "/home/pi/netatmo/netatmo_climate.py", line 57, in get_access_token
    return refresh_access_token()
  File "/home/pi/netatmo/netatmo_climate.py", line 46, in refresh_access_token
    r.raise_for_status()
    ~~~~~~~~~~~~~~~~~~^^
  File "/home/pi/netatmo/venv/lib/python3.13/site-packages/requests/models.py", line 1026, in raise_for_status
    raise HTTPError(http_error_msg, response=self)
requests.exceptions.HTTPError: 503 Server Error: Service Unavailable for url: https://api.netatmo.com/oauth2/token
=== 2026-09-26 20:45:01 ===
Traceback (most recent call last):
  File "/home/pi/netatmo/netatmo_climate.py", line 141, in <module>
    main()
    ~~~~^^
  File "/home/pi/netatmo/netatmo_climate.py", line 135, in main
    home, status = get_climate_data(access_token, HOME_ID)
                   ~~~~~~~~~~~~~~~~^^^^^^^^^^^^^^^^^^^^^^^
  File "/home/pi/netatmo/netatmo_climate.py", line 69, in get_climate_data
    r1.raise_for_status()
    ~~~~~~~~~~~~~~~~~~~^^
  File "/home/pi/netatmo/venv/lib/python3.13/site-packages/requests/models.py", line 1026, in raise_for_status
    raise HTTPError(http_error_msg, response=self)
requests.exceptions.HTTPError: 503 Server Error: Service Temporarily Unavailable for url: https://api.netatmo.com/api/homesdata
=== 2026-09-26 20:50:01 ===
Traceback (most recent call last):
  File "/home/pi/netatmo/netatmo_climate.py", line 141, in <module>
    main()
    ~~~~^^
  File "/home/pi/netatmo/netatmo_climate.py", line 135, in main
    home, status = get_climate_data(access_token, HOME_ID)
                   ~~~~~~~~~~~~~~~~^^^^^^^^^^^^^^^^^^^^^^^
  File "/home/pi/netatmo/netatmo_climate.py", line 69, in get_climate_data
    r1.raise_for_status()
    ~~~~~~~~~~~~~~~~~~~^^
  File "/home/pi/netatmo/venv/lib/python3.13/site-packages/requests/models.py", line 1026, in raise_for_status
    raise HTTPError(http_error_msg, response=self)
requests.exceptions.HTTPError: 503 Server Error: Service Temporarily Unavailable for url: https://api.netatmo.com/api/homesdata
=== 2026-09-26 20:55:01 ===
=== 2026-09-26 21:00:02 ===
Traceback (most recent call last):
  File "/home/pi/netatmo/netatmo_climate.py", line 141, in <module>
    main()
    ~~~~^^
  File "/home/pi/netatmo/netatmo_climate.py", line 135, in main
    home, status = get_climate_data(access_token, HOME_ID)
                   ~~~~~~~~~~~~~~~~^^^^^^^^^^^^^^^^^^^^^^^
  File "/home/pi/netatmo/netatmo_climate.py", line 69, in get_climate_data
    r1.raise_for_status()
    ~~~~~~~~~~~~~~~~~~~^^
  File "/home/pi/netatmo/venv/lib/python3.13/site-packages/requests/models.py", line 1026, in raise_for_status
    raise HTTPError(http_error_msg, response=self)
requests.exceptions.HTTPError: 503 Server Error: Service Temporarily Unavailable for url: https://api.netatmo.com/api/homesdata
=== 2026-09-26 21:05:02 ===
=== 2026-09-26 21:10:02 ===
=== 2026-09-26 21:15:01 ===
=== 2026-09-26 21:20:01 ===
Traceback (most recent call last):
  File "/home/pi/netatmo/netatmo_climate.py", line 141, in <module>
    main()
    ~~~~^^
  File "/home/pi/netatmo/netatmo_climate.py", line 135, in main
    home, status = get_climate_data(access_token, HOME_ID)
                   ~~~~~~~~~~~~~~~~^^^^^^^^^^^^^^^^^^^^^^^
  File "/home/pi/netatmo/netatmo_climate.py", line 69, in get_climate_data
    r1.raise_for_status()
    ~~~~~~~~~~~~~~~~~~~^^
  File "/home/pi/netatmo/venv/lib/python3.13/site-packages/requests/models.py", line 1026, in raise_for_status
    raise HTTPError(http_error_msg, response=self)
requests.exceptions.HTTPError: 503 Server Error: Service Temporarily Unavailable for url: https://api.netatmo.com/api/homesdata
=== 2026-09-26 21:25:01 ===
=== 2026-09-26 21:30:02 ===
=== 2026-09-26 21:35:01 ===
=== 2026-09-26 21:40:01 ===
=== 2026-09-26 21:45:02 ===
=== 2026-09-26 21:50:01 ===
=== 2026-09-26 21:55:01 ===
=== 2026-09-26 22:00:01 ===
Traceback (most recent call last):
  File "/home/pi/netatmo/netatmo_climate.py", line 141, in <module>
    main()
    ~~~~^^
  File "/home/pi/netatmo/netatmo_climate.py", line 134, in main
    access_token = get_access_token()
  File "/home/pi/netatmo/netatmo_climate.py", line 57, in get_access_token
    return refresh_access_token()
  File "/home/pi/netatmo/netatmo_climate.py", line 46, in refresh_access_token
    r.raise_for_status()
    ~~~~~~~~~~~~~~~~~~^^
  File "/home/pi/netatmo/venv/lib/python3.13/site-packages/requests/models.py", line 1026, in raise_for_status
    raise HTTPError(http_error_msg, response=self)
requests.exceptions.HTTPError: 503 Server Error: Service Unavailable for url: https://api.netatmo.com/oauth2/token
=== 2026-09-26 22:05:01 ===
=== 2026-09-26 22:10:01 ===
Traceback (most recent call last):
  File "/home/pi/netatmo/netatmo_climate.py", line 141, in <module>
    main()
    ~~~~^^
  File "/home/pi/netatmo/netatmo_climate.py", line 134, in main
    access_token = get_access_token()
  File "/home/pi/netatmo/netatmo_climate.py", line 57, in get_access_token
    return refresh_access_token()
  File "/home/pi/netatmo/netatmo_climate.py", line 46, in refresh_access_token
    r.raise_for_status()
    ~~~~~~~~~~~~~~~~~~^^
  File "/home/pi/netatmo/venv/lib/python3.13/site-packages/requests/models.py", line 1026, in raise_for_status
    raise HTTPError(http_error_msg, response=self)
requests.exceptions.HTTPError: 503 Server Error: Service Unavailable for url: https://api.netatmo.com/oauth2/token
=== 2026-09-26 22:15:01 ===
Traceback (most recent call last):
  File "/home/pi/netatmo/netatmo_climate.py", line 141, in <module>
    main()
    ~~~~^^
  File "/home/pi/netatmo/netatmo_climate.py", line 135, in main
    home, status = get_climate_data(access_token, HOME_ID)
                   ~~~~~~~~~~~~~~~~^^^^^^^^^^^^^^^^^^^^^^^
  File "/home/pi/netatmo/netatmo_climate.py", line 69, in get_climate_data
    r1.raise_for_status()
    ~~~~~~~~~~~~~~~~~~~^^
  File "/home/pi/netatmo/venv/lib/python3.13/site-packages/requests/models.py", line 1026, in raise_for_status
    raise HTTPError(http_error_msg, response=self)
requests.exceptions.HTTPError: 503 Server Error: Service Temporarily Unavailable for url: https://api.netatmo.com/api/homesdata
=== 2026-09-26 22:20:01 ===
Traceback (most recent call last):
  File "/home/pi/netatmo/netatmo_climate.py", line 141, in <module>
    main()
    ~~~~^^
  File "/home/pi/netatmo/netatmo_climate.py", line 135, in main
    home, status = get_climate_data(access_token, HOME_ID)
                   ~~~~~~~~~~~~~~~~^^^^^^^^^^^^^^^^^^^^^^^
  File "/home/pi/netatmo/netatmo_climate.py", line 69, in get_climate_data
    r1.raise_for_status()
    ~~~~~~~~~~~~~~~~~~~^^
  File "/home/pi/netatmo/venv/lib/python3.13/site-packages/requests/models.py", line 1026, in raise_for_status
    raise HTTPError(http_error_msg, response=self)
requests.exceptions.HTTPError: 503 Server Error: Service Temporarily Unavailable for url: https://api.netatmo.com/api/homesdata
=== 2026-09-26 22:25:01 ===
=== 2026-09-26 22:30:02 ===
Traceback (most recent call last):
  File "/home/pi/netatmo/netatmo_climate.py", line 141, in <module>
    main()
    ~~~~^^
  File "/home/pi/netatmo/netatmo_climate.py", line 135, in main
    home, status = get_climate_data(access_token, HOME_ID)
                   ~~~~~~~~~~~~~~~~^^^^^^^^^^^^^^^^^^^^^^^
  File "/home/pi/netatmo/netatmo_climate.py", line 69, in get_climate_data
    r1.raise_for_status()
    ~~~~~~~~~~~~~~~~~~~^^
  File "/home/pi/netatmo/venv/lib/python3.13/site-packages/requests/models.py", line 1026, in raise_for_status
    raise HTTPError(http_error_msg, response=self)
requests.exceptions.HTTPError: 503 Server Error: Service Temporarily Unavailable for url: https://api.netatmo.com/api/homesdata
=== 2026-09-26 22:35:02 ===
=== 2026-09-26 22:40:01 ===
Traceback (most recent call last):
  File "/home/pi/netatmo/netatmo_climate.py", line 141, in <module>
    main()
    ~~~~^^
  File "/home/pi/netatmo/netatmo_climate.py", line 134, in main
    access_token = get_access_token()
  File "/home/pi/netatmo/netatmo_climate.py", line 57, in get_access_token
    return refresh_access_token()
  File "/home/pi/netatmo/netatmo_climate.py", line 46, in refresh_access_token
    r.raise_for_status()
    ~~~~~~~~~~~~~~~~~~^^
  File "/home/pi/netatmo/venv/lib/python3.13/site-packages/requests/models.py", line 1026, in raise_for_status
    raise HTTPError(http_error_msg, response=self)
requests.exceptions.HTTPError: 503 Server Error: Service Unavailable for url: https://api.netatmo.com/oauth2/token
=== 2026-09-26 22:45:01 ===
=== 2026-09-26 22:50:01 ===
=== 2026-09-26 22:55:01 ===
=== 2026-09-26 23:00:01 ===
Traceback (most recent call last):
  File "/home/pi/netatmo/netatmo_climate.py", line 141, in <module>
    main()
    ~~~~^^
  File "/home/pi/netatmo/netatmo_climate.py", line 134, in main
    access_token = get_access_token()
  File "/home/pi/netatmo/netatmo_climate.py", line 57, in get_access_token
    return refresh_access_token()
  File "/home/pi/netatmo/netatmo_climate.py", line 46, in refresh_access_token
    r.raise_for_status()
    ~~~~~~~~~~~~~~~~~~^^
  File "/home/pi/netatmo/venv/lib/python3.13/site-packages/requests/models.py", line 1026, in raise_for_status
    raise HTTPError(http_error_msg, response=self)
requests.exceptions.HTTPError: 503 Server Error: Service Unavailable for url: https://api.netatmo.com/oauth2/token
=== 2026-09-26 23:05:01 ===
=== 2026-09-26 23:10:01 ===
Traceback (most recent call last):
  File "/home/pi/netatmo/netatmo_climate.py", line 141, in <module>
    main()
    ~~~~^^
  File "/home/pi/netatmo/netatmo_climate.py", line 134, in main
    access_token = get_access_token()
  File "/home/pi/netatmo/netatmo_climate.py", line 57, in get_access_token
    return refresh_access_token()
  File "/home/pi/netatmo/netatmo_climate.py", line 46, in refresh_access_token
    r.raise_for_status()
    ~~~~~~~~~~~~~~~~~~^^
  File "/home/pi/netatmo/venv/lib/python3.13/site-packages/requests/models.py", line 1026, in raise_for_status
    raise HTTPError(http_error_msg, response=self)
requests.exceptions.HTTPError: 503 Server Error: Service Unavailable for url: https://api.netatmo.com/oauth2/token
=== 2026-09-26 23:15:02 ===
=== 2026-09-26 23:20:01 ===
Traceback (most recent call last):
  File "/home/pi/netatmo/netatmo_climate.py", line 141, in <module>
    main()
    ~~~~^^
  File "/home/pi/netatmo/netatmo_climate.py", line 135, in main
    home, status = get_climate_data(access_token, HOME_ID)
                   ~~~~~~~~~~~~~~~~^^^^^^^^^^^^^^^^^^^^^^^
  File "/home/pi/netatmo/netatmo_climate.py", line 69, in get_climate_data
    r1.raise_for_status()
    ~~~~~~~~~~~~~~~~~~~^^
  File "/home/pi/netatmo/venv/lib/python3.13/site-packages/requests/models.py", line 1026, in raise_for_status
    raise HTTPError(http_error_msg, response=self)
requests.exceptions.HTTPError: 503 Server Error: Service Temporarily Unavailable for url: https://api.netatmo.com/api/homesdata
=== 2026-09-26 23:25:01 ===
=== 2026-09-26 23:30:01 ===
Traceback (most recent call last):
  File "/home/pi/netatmo/netatmo_climate.py", line 141, in <module>
    main()
    ~~~~^^
  File "/home/pi/netatmo/netatmo_climate.py", line 135, in main
    home, status = get_climate_data(access_token, HOME_ID)
                   ~~~~~~~~~~~~~~~~^^^^^^^^^^^^^^^^^^^^^^^
  File "/home/pi/netatmo/netatmo_climate.py", line 69, in get_climate_data
    r1.raise_for_status()
    ~~~~~~~~~~~~~~~~~~~^^
  File "/home/pi/netatmo/venv/lib/python3.13/site-packages/requests/models.py", line 1026, in raise_for_status
    raise HTTPError(http_error_msg, response=self)
requests.exceptions.HTTPError: 503 Server Error: Service Temporarily Unavailable for url: https://api.netatmo.com/api/homesdata
=== 2026-09-26 23:35:01 ===
=== 2026-09-26 23:40:02 ===
Traceback (most recent call last):
  File "/home/pi/netatmo/netatmo_climate.py", line 141, in <module>
    main()
    ~~~~^^
  File "/home/pi/netatmo/netatmo_climate.py", line 134, in main
    access_token = get_access_token()
  File "/home/pi/netatmo/netatmo_climate.py", line 57, in get_access_token
    return refresh_access_token()
  File "/home/pi/netatmo/netatmo_climate.py", line 46, in refresh_access_token
    r.raise_for_status()
    ~~~~~~~~~~~~~~~~~~^^
  File "/home/pi/netatmo/venv/lib/python3.13/site-packages/requests/models.py", line 1026, in raise_for_status
    raise HTTPError(http_error_msg, response=self)
requests.exceptions.HTTPError: 503 Server Error: Service Unavailable for url: https://api.netatmo.com/oauth2/token
=== 2026-09-26 23:45:02 ===
=== 2026-09-26 23:50:01 ===
=== 2026-09-26 23:55:01 ===
=== 2026-09-27 00:00:01 ===
Traceback (most recent call last):
  File "/home/pi/netatmo/netatmo_climate.py", line 141, in <module>
    main()
    ~~~~^^
  File "/home/pi/netatmo/netatmo_climate.py", line 134, in main
    access_token = get_access_token()
  File "/home/pi/netatmo/netatmo_climate.py", line 57, in get_access_token
    return refresh_access_token()
  File "/home/pi/netatmo/netatmo_climate.py", line 46, in refresh_access_token
    r.raise_for_status()
    ~~~~~~~~~~~~~~~~~~^^
  File "/home/pi/netatmo/venv/lib/python3.13/site-packages/requests/models.py", line 1026, in raise_for_status
    raise HTTPError(http_error_msg, response=self)
requests.exceptions.HTTPError: 503 Server Error: Service Unavailable for url: https://api.netatmo.com/oauth2/token
=== 2026-09-27 00:05:01 ===
=== 2026-09-27 00:10:01 ===
=== 2026-09-27 00:15:01 ===
Traceback (most recent call last):
  File "/home/pi/netatmo/netatmo_climate.py", line 141, in <module>
    main()
    ~~~~^^
  File "/home/pi/netatmo/netatmo_climate.py", line 135, in main
    home, status = get_climate_data(access_token, HOME_ID)
                   ~~~~~~~~~~~~~~~~^^^^^^^^^^^^^^^^^^^^^^^
  File "/home/pi/netatmo/netatmo_climate.py", line 69, in get_climate_data
    r1.raise_for_status()
    ~~~~~~~~~~~~~~~~~~~^^
  File "/home/pi/netatmo/venv/lib/python3.13/site-packages/requests/models.py", line 1026, in raise_for_status
    raise HTTPError(http_error_msg, response=self)
requests.exceptions.HTTPError: 503 Server Error: Service Temporarily Unavailable for url: https://api.netatmo.com/api/homesdata
=== 2026-09-27 00:20:02 ===
=== 2026-09-27 00:25:01 ===
Traceback (most recent call last):
  File "/home/pi/netatmo/netatmo_climate.py", line 141, in <module>
    main()
    ~~~~^^
  File "/home/pi/netatmo/netatmo_climate.py", line 135, in main
    home, status = get_climate_data(access_token, HOME_ID)
                   ~~~~~~~~~~~~~~~~^^^^^^^^^^^^^^^^^^^^^^^
  File "/home/pi/netatmo/netatmo_climate.py", line 69, in get_climate_data
    r1.raise_for_status()
    ~~~~~~~~~~~~~~~~~~~^^
  File "/home/pi/netatmo/venv/lib/python3.13/site-packages/requests/models.py", line 1026, in raise_for_status
    raise HTTPError(http_error_msg, response=self)
requests.exceptions.HTTPError: 503 Server Error: Service Temporarily Unavailable for url: https://api.netatmo.com/api/homesdata
=== 2026-09-27 00:30:02 ===
Traceback (most recent call last):
  File "/home/pi/netatmo/netatmo_climate.py", line 141, in <module>
    main()
    ~~~~^^
  File "/home/pi/netatmo/netatmo_climate.py", line 135, in main
    home, status = get_climate_data(access_token, HOME_ID)
                   ~~~~~~~~~~~~~~~~^^^^^^^^^^^^^^^^^^^^^^^
  File "/home/pi/netatmo/netatmo_climate.py", line 69, in get_climate_data
    r1.raise_for_status()
    ~~~~~~~~~~~~~~~~~~~^^
  File "/home/pi/netatmo/venv/lib/python3.13/site-packages/requests/models.py", line 1026, in raise_for_status
    raise HTTPError(http_error_msg, response=self)
requests.exceptions.HTTPError: 503 Server Error: Service Temporarily Unavailable for url: https://api.netatmo.com/api/homesdata
=== 2026-09-27 00:35:02 ===
=== 2026-09-27 00:40:01 ===
Traceback (most recent call last):
  File "/home/pi/netatmo/netatmo_climate.py", line 141, in <module>
    main()
    ~~~~^^
  File "/home/pi/netatmo/netatmo_climate.py", line 134, in main
    access_token = get_access_token()
  File "/home/pi/netatmo/netatmo_climate.py", line 57, in get_access_token
    return refresh_access_token()
  File "/home/pi/netatmo/netatmo_climate.py", line 46, in refresh_access_token
    r.raise_for_status()
    ~~~~~~~~~~~~~~~~~~^^
  File "/home/pi/netatmo/venv/lib/python3.13/site-packages/requests/models.py", line 1026, in raise_for_status
    raise HTTPError(http_error_msg, response=self)
requests.exceptions.HTTPError: 503 Server Error: Service Unavailable for url: https://api.netatmo.com/oauth2/token
=== 2026-09-27 00:45:01 ===
=== 2026-09-27 00:50:01 ===
=== 2026-09-27 00:55:01 ===
Traceback (most recent call last):
  File "/home/pi/netatmo/netatmo_climate.py", line 141, in <module>
    main()
    ~~~~^^
  File "/home/pi/netatmo/netatmo_climate.py", line 135, in main
    home, status = get_climate_data(access_token, HOME_ID)
                   ~~~~~~~~~~~~~~~~^^^^^^^^^^^^^^^^^^^^^^^
  File "/home/pi/netatmo/netatmo_climate.py", line 69, in get_climate_data
    r1.raise_for_status()
    ~~~~~~~~~~~~~~~~~~~^^
  File "/home/pi/netatmo/venv/lib/python3.13/site-packages/requests/models.py", line 1026, in raise_for_status
    raise HTTPError(http_error_msg, response=self)
requests.exceptions.HTTPError: 503 Server Error: Service Temporarily Unavailable for url: https://api.netatmo.com/api/homesdata
=== 2026-09-27 01:00:01 ===
Traceback (most recent call last):
  File "/home/pi/netatmo/netatmo_climate.py", line 141, in <module>
    main()
    ~~~~^^
  File "/home/pi/netatmo/netatmo_climate.py", line 134, in main
    access_token = get_access_token()
  File "/home/pi/netatmo/netatmo_climate.py", line 57, in get_access_token
    return refresh_access_token()
  File "/home/pi/netatmo/netatmo_climate.py", line 46, in refresh_access_token
    r.raise_for_status()
    ~~~~~~~~~~~~~~~~~~^^
  File "/home/pi/netatmo/venv/lib/python3.13/site-packages/requests/models.py", line 1026, in raise_for_status
    raise HTTPError(http_error_msg, response=self)
requests.exceptions.HTTPError: 503 Server Error: Service Unavailable for url: https://api.netatmo.com/oauth2/token
=== 2026-09-27 01:05:02 ===
=== 2026-09-27 01:10:02 ===
Traceback (most recent call last):
  File "/home/pi/netatmo/netatmo_climate.py", line 141, in <module>
    main()
    ~~~~^^
  File "/home/pi/netatmo/netatmo_climate.py", line 135, in main
    home, status = get_climate_data(access_token, HOME_ID)
                   ~~~~~~~~~~~~~~~~^^^^^^^^^^^^^^^^^^^^^^^
  File "/home/pi/netatmo/netatmo_climate.py", line 69, in get_climate_data
    r1.raise_for_status()
    ~~~~~~~~~~~~~~~~~~~^^
  File "/home/pi/netatmo/venv/lib/python3.13/site-packages/requests/models.py", line 1026, in raise_for_status
    raise HTTPError(http_error_msg, response=self)
requests.exceptions.HTTPError: 503 Server Error: Service Temporarily Unavailable for url: https://api.netatmo.com/api/homesdata
=== 2026-09-27 01:15:01 ===
Traceback (most recent call last):
  File "/home/pi/netatmo/netatmo_climate.py", line 141, in <module>
    main()
    ~~~~^^
  File "/home/pi/netatmo/netatmo_climate.py", line 135, in main
    home, status = get_climate_data(access_token, HOME_ID)
                   ~~~~~~~~~~~~~~~~^^^^^^^^^^^^^^^^^^^^^^^
  File "/home/pi/netatmo/netatmo_climate.py", line 69, in get_climate_data
    r1.raise_for_status()
    ~~~~~~~~~~~~~~~~~~~^^
  File "/home/pi/netatmo/venv/lib/python3.13/site-packages/requests/models.py", line 1026, in raise_for_status
    raise HTTPError(http_error_msg, response=self)
requests.exceptions.HTTPError: 503 Server Error: Service Temporarily Unavailable for url: https://api.netatmo.com/api/homesdata
=== 2026-09-27 01:20:01 ===
=== 2026-09-27 01:25:01 ===
Traceback (most recent call last):
  File "/home/pi/netatmo/netatmo_climate.py", line 141, in <module>
    main()
    ~~~~^^
  File "/home/pi/netatmo/netatmo_climate.py", line 135, in main
    home, status = get_climate_data(access_token, HOME_ID)
                   ~~~~~~~~~~~~~~~~^^^^^^^^^^^^^^^^^^^^^^^
  File "/home/pi/netatmo/netatmo_climate.py", line 69, in get_climate_data
    r1.raise_for_status()
    ~~~~~~~~~~~~~~~~~~~^^
  File "/home/pi/netatmo/venv/lib/python3.13/site-packages/requests/models.py", line 1026, in raise_for_status
    raise HTTPError(http_error_msg, response=self)
requests.exceptions.HTTPError: 503 Server Error: Service Temporarily Unavailable for url: https://api.netatmo.com/api/homesdata
=== 2026-09-27 01:30:01 ===
Traceback (most recent call last):
  File "/home/pi/netatmo/netatmo_climate.py", line 141, in <module>
    main()
    ~~~~^^
  File "/home/pi/netatmo/netatmo_climate.py", line 134, in main
    access_token = get_access_token()
  File "/home/pi/netatmo/netatmo_climate.py", line 57, in get_access_token
    return refresh_access_token()
  File "/home/pi/netatmo/netatmo_climate.py", line 46, in refresh_access_token
    r.raise_for_status()
    ~~~~~~~~~~~~~~~~~~^^
  File "/home/pi/netatmo/venv/lib/python3.13/site-packages/requests/models.py", line 1026, in raise_for_status
    raise HTTPError(http_error_msg, response=self)
requests.exceptions.HTTPError: 503 Server Error: Service Unavailable for url: https://api.netatmo.com/oauth2/token
=== 2026-09-27 01:35:02 ===
=== 2026-09-27 01:40:02 ===
Traceback (most recent call last):
  File "/home/pi/netatmo/netatmo_climate.py", line 141, in <module>
    main()
    ~~~~^^
  File "/home/pi/netatmo/netatmo_climate.py", line 134, in main
    access_token = get_access_token()
  File "/home/pi/netatmo/netatmo_climate.py", line 57, in get_access_token
    return refresh_access_token()
  File "/home/pi/netatmo/netatmo_climate.py", line 46, in refresh_access_token
    r.raise_for_status()
    ~~~~~~~~~~~~~~~~~~^^
  File "/home/pi/netatmo/venv/lib/python3.13/site-packages/requests/models.py", line 1026, in raise_for_status
    raise HTTPError(http_error_msg, response=self)
requests.exceptions.HTTPError: 503 Server Error: Service Unavailable for url: https://api.netatmo.com/oauth2/token
=== 2026-09-27 01:45:01 ===
Traceback (most recent call last):
  File "/home/pi/netatmo/netatmo_climate.py", line 141, in <module>
    main()
    ~~~~^^
  File "/home/pi/netatmo/netatmo_climate.py", line 135, in main
    home, status = get_climate_data(access_token, HOME_ID)
                   ~~~~~~~~~~~~~~~~^^^^^^^^^^^^^^^^^^^^^^^
  File "/home/pi/netatmo/netatmo_climate.py", line 69, in get_climate_data
    r1.raise_for_status()
    ~~~~~~~~~~~~~~~~~~~^^
  File "/home/pi/netatmo/venv/lib/python3.13/site-packages/requests/models.py", line 1026, in raise_for_status
    raise HTTPError(http_error_msg, response=self)
requests.exceptions.HTTPError: 503 Server Error: Service Temporarily Unavailable for url: https://api.netatmo.com/api/homesdata
=== 2026-09-27 01:50:01 ===
=== 2026-09-27 01:55:01 ===
=== 2026-09-27 02:00:01 ===
Traceback (most recent call last):
  File "/home/pi/netatmo/netatmo_climate.py", line 141, in <module>
    main()
    ~~~~^^
  File "/home/pi/netatmo/netatmo_climate.py", line 134, in main
    access_token = get_access_token()
  File "/home/pi/netatmo/netatmo_climate.py", line 57, in get_access_token
    return refresh_access_token()
  File "/home/pi/netatmo/netatmo_climate.py", line 46, in refresh_access_token
    r.raise_for_status()
    ~~~~~~~~~~~~~~~~~~^^
  File "/home/pi/netatmo/venv/lib/python3.13/site-packages/requests/models.py", line 1026, in raise_for_status
    raise HTTPError(http_error_msg, response=self)
requests.exceptions.HTTPError: 503 Server Error: Service Unavailable for url: https://api.netatmo.com/oauth2/token
=== 2026-09-27 02:05:01 ===
=== 2026-09-27 02:10:02 ===
Traceback (most recent call last):
  File "/home/pi/netatmo/netatmo_climate.py", line 141, in <module>
    main()
    ~~~~^^
  File "/home/pi/netatmo/netatmo_climate.py", line 134, in main
    access_token = get_access_token()
  File "/home/pi/netatmo/netatmo_climate.py", line 57, in get_access_token
    return refresh_access_token()
  File "/home/pi/netatmo/netatmo_climate.py", line 46, in refresh_access_token
    r.raise_for_status()
    ~~~~~~~~~~~~~~~~~~^^
  File "/home/pi/netatmo/venv/lib/python3.13/site-packages/requests/models.py", line 1026, in raise_for_status
    raise HTTPError(http_error_msg, response=self)
requests.exceptions.HTTPError: 503 Server Error: Service Unavailable for url: https://api.netatmo.com/oauth2/token
=== 2026-09-27 02:15:01 ===
=== 2026-09-27 02:20:01 ===
Traceback (most recent call last):
  File "/home/pi/netatmo/netatmo_climate.py", line 141, in <module>
    main()
    ~~~~^^
  File "/home/pi/netatmo/netatmo_climate.py", line 135, in main
    home, status = get_climate_data(access_token, HOME_ID)
                   ~~~~~~~~~~~~~~~~^^^^^^^^^^^^^^^^^^^^^^^
  File "/home/pi/netatmo/netatmo_climate.py", line 69, in get_climate_data
    r1.raise_for_status()
    ~~~~~~~~~~~~~~~~~~~^^
  File "/home/pi/netatmo/venv/lib/python3.13/site-packages/requests/models.py", line 1026, in raise_for_status
    raise HTTPError(http_error_msg, response=self)
requests.exceptions.HTTPError: 503 Server Error: Service Temporarily Unavailable for url: https://api.netatmo.com/api/homesdata
=== 2026-09-27 02:25:01 ===
=== 2026-09-27 02:30:01 ===
=== 2026-09-27 02:35:01 ===
=== 2026-09-27 02:40:01 ===
Traceback (most recent call last):
  File "/home/pi/netatmo/netatmo_climate.py", line 141, in <module>
    main()
    ~~~~^^
  File "/home/pi/netatmo/netatmo_climate.py", line 135, in main
    home, status = get_climate_data(access_token, HOME_ID)
                   ~~~~~~~~~~~~~~~~^^^^^^^^^^^^^^^^^^^^^^^
  File "/home/pi/netatmo/netatmo_climate.py", line 69, in get_climate_data
    r1.raise_for_status()
    ~~~~~~~~~~~~~~~~~~~^^
  File "/home/pi/netatmo/venv/lib/python3.13/site-packages/requests/models.py", line 1026, in raise_for_status
    raise HTTPError(http_error_msg, response=self)
requests.exceptions.HTTPError: 503 Server Error: Service Temporarily Unavailable for url: https://api.netatmo.com/api/homesdata
=== 2026-09-27 02:45:01 ===
Traceback (most recent call last):
  File "/home/pi/netatmo/netatmo_climate.py", line 141, in <module>
    main()
    ~~~~^^
  File "/home/pi/netatmo/netatmo_climate.py", line 135, in main
    home, status = get_climate_data(access_token, HOME_ID)
                   ~~~~~~~~~~~~~~~~^^^^^^^^^^^^^^^^^^^^^^^
  File "/home/pi/netatmo/netatmo_climate.py", line 69, in get_climate_data
    r1.raise_for_status()
    ~~~~~~~~~~~~~~~~~~~^^
  File "/home/pi/netatmo/venv/lib/python3.13/site-packages/requests/models.py", line 1026, in raise_for_status
    raise HTTPError(http_error_msg, response=self)
requests.exceptions.HTTPError: 503 Server Error: Service Temporarily Unavailable for url: https://api.netatmo.com/api/homesdata
=== 2026-09-27 02:50:01 ===
Traceback (most recent call last):
  File "/home/pi/netatmo/netatmo_climate.py", line 141, in <module>
    main()
    ~~~~^^
  File "/home/pi/netatmo/netatmo_climate.py", line 135, in main
    home, status = get_climate_data(access_token, HOME_ID)
                   ~~~~~~~~~~~~~~~~^^^^^^^^^^^^^^^^^^^^^^^
  File "/home/pi/netatmo/netatmo_climate.py", line 69, in get_climate_data
    r1.raise_for_status()
    ~~~~~~~~~~~~~~~~~~~^^
  File "/home/pi/netatmo/venv/lib/python3.13/site-packages/requests/models.py", line 1026, in raise_for_status
    raise HTTPError(http_error_msg, response=self)
requests.exceptions.HTTPError: 503 Server Error: Service Temporarily Unavailable for url: https://api.netatmo.com/api/homesdata
=== 2026-09-27 02:55:01 ===
=== 2026-09-27 03:00:01 ===
Traceback (most recent call last):
  File "/home/pi/netatmo/netatmo_climate.py", line 141, in <module>
    main()
    ~~~~^^
  File "/home/pi/netatmo/netatmo_climate.py", line 135, in main
    home, status = get_climate_data(access_token, HOME_ID)
                   ~~~~~~~~~~~~~~~~^^^^^^^^^^^^^^^^^^^^^^^
  File "/home/pi/netatmo/netatmo_climate.py", line 69, in get_climate_data
    r1.raise_for_status()
    ~~~~~~~~~~~~~~~~~~~^^
  File "/home/pi/netatmo/venv/lib/python3.13/site-packages/requests/models.py", line 1026, in raise_for_status
    raise HTTPError(http_error_msg, response=self)
requests.exceptions.HTTPError: 503 Server Error: Service Temporarily Unavailable for url: https://api.netatmo.com/api/homesdata
=== 2026-09-27 03:05:01 ===
=== 2026-09-27 03:10:02 ===
=== 2026-09-27 03:15:02 ===
=== 2026-09-27 03:20:01 ===
=== 2026-09-27 03:25:02 ===
=== 2026-09-27 03:30:02 ===
Traceback (most recent call last):
  File "/home/pi/netatmo/netatmo_climate.py", line 141, in <module>
    main()
    ~~~~^^
  File "/home/pi/netatmo/netatmo_climate.py", line 134, in main
    access_token = get_access_token()
  File "/home/pi/netatmo/netatmo_climate.py", line 57, in get_access_token
    return refresh_access_token()
  File "/home/pi/netatmo/netatmo_climate.py", line 46, in refresh_access_token
    r.raise_for_status()
    ~~~~~~~~~~~~~~~~~~^^
  File "/home/pi/netatmo/venv/lib/python3.13/site-packages/requests/models.py", line 1026, in raise_for_status
    raise HTTPError(http_error_msg, response=self)
requests.exceptions.HTTPError: 503 Server Error: Service Unavailable for url: https://api.netatmo.com/oauth2/token
=== 2026-09-27 03:35:01 ===
=== 2026-09-27 03:40:01 ===
Traceback (most recent call last):
  File "/home/pi/netatmo/netatmo_climate.py", line 141, in <module>
    main()
    ~~~~^^
  File "/home/pi/netatmo/netatmo_climate.py", line 134, in main
    access_token = get_access_token()
  File "/home/pi/netatmo/netatmo_climate.py", line 57, in get_access_token
    return refresh_access_token()
  File "/home/pi/netatmo/netatmo_climate.py", line 46, in refresh_access_token
    r.raise_for_status()
    ~~~~~~~~~~~~~~~~~~^^
  File "/home/pi/netatmo/venv/lib/python3.13/site-packages/requests/models.py", line 1026, in raise_for_status
    raise HTTPError(http_error_msg, response=self)
requests.exceptions.HTTPError: 503 Server Error: Service Unavailable for url: https://api.netatmo.com/oauth2/token
=== 2026-09-27 03:45:01 ===
=== 2026-09-27 03:50:01 ===
=== 2026-09-27 03:55:01 ===
=== 2026-09-27 04:00:01 ===
Traceback (most recent call last):
  File "/home/pi/netatmo/netatmo_climate.py", line 141, in <module>
    main()
    ~~~~^^
  File "/home/pi/netatmo/netatmo_climate.py", line 134, in main
    access_token = get_access_token()
  File "/home/pi/netatmo/netatmo_climate.py", line 57, in get_access_token
    return refresh_access_token()
  File "/home/pi/netatmo/netatmo_climate.py", line 46, in refresh_access_token
    r.raise_for_status()
    ~~~~~~~~~~~~~~~~~~^^
  File "/home/pi/netatmo/venv/lib/python3.13/site-packages/requests/models.py", line 1026, in raise_for_status
    raise HTTPError(http_error_msg, response=self)
requests.exceptions.HTTPError: 503 Server Error: Service Unavailable for url: https://api.netatmo.com/oauth2/token
=== 2026-09-27 04:05:01 ===
Traceback (most recent call last):
  File "/home/pi/netatmo/netatmo_climate.py", line 141, in <module>
    main()
    ~~~~^^
  File "/home/pi/netatmo/netatmo_climate.py", line 135, in main
    home, status = get_climate_data(access_token, HOME_ID)
                   ~~~~~~~~~~~~~~~~^^^^^^^^^^^^^^^^^^^^^^^
  File "/home/pi/netatmo/netatmo_climate.py", line 69, in get_climate_data
    r1.raise_for_status()
    ~~~~~~~~~~~~~~~~~~~^^
  File "/home/pi/netatmo/venv/lib/python3.13/site-packages/requests/models.py", line 1026, in raise_for_status
    raise HTTPError(http_error_msg, response=self)
requests.exceptions.HTTPError: 503 Server Error: Service Temporarily Unavailable for url: https://api.netatmo.com/api/homesdata
=== 2026-09-27 04:10:01 ===
Traceback (most recent call last):
  File "/home/pi/netatmo/netatmo_climate.py", line 141, in <module>
    main()
    ~~~~^^
  File "/home/pi/netatmo/netatmo_climate.py", line 134, in main
    access_token = get_access_token()
  File "/home/pi/netatmo/netatmo_climate.py", line 57, in get_access_token
    return refresh_access_token()
  File "/home/pi/netatmo/netatmo_climate.py", line 46, in refresh_access_token
    r.raise_for_status()
    ~~~~~~~~~~~~~~~~~~^^
  File "/home/pi/netatmo/venv/lib/python3.13/site-packages/requests/models.py", line 1026, in raise_for_status
    raise HTTPError(http_error_msg, response=self)
requests.exceptions.HTTPError: 503 Server Error: Service Unavailable for url: https://api.netatmo.com/oauth2/token
=== 2026-09-27 04:15:01 ===
=== 2026-09-27 04:20:01 ===
Traceback (most recent call last):
  File "/home/pi/netatmo/netatmo_climate.py", line 141, in <module>
    main()
    ~~~~^^
  File "/home/pi/netatmo/netatmo_climate.py", line 135, in main
    home, status = get_climate_data(access_token, HOME_ID)
                   ~~~~~~~~~~~~~~~~^^^^^^^^^^^^^^^^^^^^^^^
  File "/home/pi/netatmo/netatmo_climate.py", line 69, in get_climate_data
    r1.raise_for_status()
    ~~~~~~~~~~~~~~~~~~~^^
  File "/home/pi/netatmo/venv/lib/python3.13/site-packages/requests/models.py", line 1026, in raise_for_status
    raise HTTPError(http_error_msg, response=self)
requests.exceptions.HTTPError: 503 Server Error: Service Temporarily Unavailable for url: https://api.netatmo.com/api/homesdata
=== 2026-09-27 04:25:01 ===
=== 2026-09-27 04:30:02 ===
Traceback (most recent call last):
  File "/home/pi/netatmo/netatmo_climate.py", line 141, in <module>
    main()
    ~~~~^^
  File "/home/pi/netatmo/netatmo_climate.py", line 134, in main
    access_token = get_access_token()
  File "/home/pi/netatmo/netatmo_climate.py", line 57, in get_access_token
    return refresh_access_token()
  File "/home/pi/netatmo/netatmo_climate.py", line 46, in refresh_access_token
    r.raise_for_status()
    ~~~~~~~~~~~~~~~~~~^^
  File "/home/pi/netatmo/venv/lib/python3.13/site-packages/requests/models.py", line 1026, in raise_for_status
    raise HTTPError(http_error_msg, response=self)
requests.exceptions.HTTPError: 503 Server Error: Service Unavailable for url: https://api.netatmo.com/oauth2/token
=== 2026-09-27 04:35:01 ===
=== 2026-09-27 04:40:01 ===
Traceback (most recent call last):
  File "/home/pi/netatmo/netatmo_climate.py", line 141, in <module>
    main()
    ~~~~^^
  File "/home/pi/netatmo/netatmo_climate.py", line 134, in main
    access_token = get_access_token()
  File "/home/pi/netatmo/netatmo_climate.py", line 57, in get_access_token
    return refresh_access_token()
  File "/home/pi/netatmo/netatmo_climate.py", line 46, in refresh_access_token
    r.raise_for_status()
    ~~~~~~~~~~~~~~~~~~^^
  File "/home/pi/netatmo/venv/lib/python3.13/site-packages/requests/models.py", line 1026, in raise_for_status
    raise HTTPError(http_error_msg, response=self)
requests.exceptions.HTTPError: 503 Server Error: Service Unavailable for url: https://api.netatmo.com/oauth2/token
=== 2026-09-27 04:45:01 ===
=== 2026-09-27 04:50:02 ===
=== 2026-09-27 04:55:01 ===
=== 2026-09-27 05:00:01 ===
Traceback (most recent call last):
  File "/home/pi/netatmo/netatmo_climate.py", line 141, in <module>
    main()
    ~~~~^^
  File "/home/pi/netatmo/netatmo_climate.py", line 134, in main
    access_token = get_access_token()
  File "/home/pi/netatmo/netatmo_climate.py", line 57, in get_access_token
    return refresh_access_token()
  File "/home/pi/netatmo/netatmo_climate.py", line 46, in refresh_access_token
    r.raise_for_status()
    ~~~~~~~~~~~~~~~~~~^^
  File "/home/pi/netatmo/venv/lib/python3.13/site-packages/requests/models.py", line 1026, in raise_for_status
    raise HTTPError(http_error_msg, response=self)
requests.exceptions.HTTPError: 503 Server Error: Service Unavailable for url: https://api.netatmo.com/oauth2/token
=== 2026-09-27 05:05:01 ===
=== 2026-09-27 05:10:02 ===
Traceback (most recent call last):
  File "/home/pi/netatmo/netatmo_climate.py", line 141, in <module>
    main()
    ~~~~^^
  File "/home/pi/netatmo/netatmo_climate.py", line 135, in main
    home, status = get_climate_data(access_token, HOME_ID)
                   ~~~~~~~~~~~~~~~~^^^^^^^^^^^^^^^^^^^^^^^
  File "/home/pi/netatmo/netatmo_climate.py", line 69, in get_climate_data
    r1.raise_for_status()
    ~~~~~~~~~~~~~~~~~~~^^
  File "/home/pi/netatmo/venv/lib/python3.13/site-packages/requests/models.py", line 1026, in raise_for_status
    raise HTTPError(http_error_msg, response=self)
requests.exceptions.HTTPError: 503 Server Error: Service Temporarily Unavailable for url: https://api.netatmo.com/api/homesdata
=== 2026-09-27 05:15:01 ===
=== 2026-09-27 05:20:02 ===
=== 2026-09-27 05:25:01 ===
=== 2026-09-27 05:30:01 ===
Traceback (most recent call last):
  File "/home/pi/netatmo/netatmo_climate.py", line 141, in <module>
    main()
    ~~~~^^
  File "/home/pi/netatmo/netatmo_climate.py", line 134, in main
    access_token = get_access_token()
  File "/home/pi/netatmo/netatmo_climate.py", line 57, in get_access_token
    return refresh_access_token()
  File "/home/pi/netatmo/netatmo_climate.py", line 46, in refresh_access_token
    r.raise_for_status()
    ~~~~~~~~~~~~~~~~~~^^
  File "/home/pi/netatmo/venv/lib/python3.13/site-packages/requests/models.py", line 1026, in raise_for_status
    raise HTTPError(http_error_msg, response=self)
requests.exceptions.HTTPError: 503 Server Error: Service Unavailable for url: https://api.netatmo.com/oauth2/token
=== 2026-09-27 05:35:01 ===
=== 2026-09-27 05:40:01 ===
Traceback (most recent call last):
  File "/home/pi/netatmo/netatmo_climate.py", line 141, in <module>
    main()
    ~~~~^^
  File "/home/pi/netatmo/netatmo_climate.py", line 134, in main
    access_token = get_access_token()
  File "/home/pi/netatmo/netatmo_climate.py", line 57, in get_access_token
    return refresh_access_token()
  File "/home/pi/netatmo/netatmo_climate.py", line 46, in refresh_access_token
    r.raise_for_status()
    ~~~~~~~~~~~~~~~~~~^^
  File "/home/pi/netatmo/venv/lib/python3.13/site-packages/requests/models.py", line 1026, in raise_for_status
    raise HTTPError(http_error_msg, response=self)
requests.exceptions.HTTPError: 503 Server Error: Service Unavailable for url: https://api.netatmo.com/oauth2/token
=== 2026-09-27 05:45:01 ===
Traceback (most recent call last):
  File "/home/pi/netatmo/netatmo_climate.py", line 141, in <module>
    main()
    ~~~~^^
  File "/home/pi/netatmo/netatmo_climate.py", line 134, in main
    access_token = get_access_token()
  File "/home/pi/netatmo/netatmo_climate.py", line 57, in get_access_token
    return refresh_access_token()
  File "/home/pi/netatmo/netatmo_climate.py", line 46, in refresh_access_token
    r.raise_for_status()
    ~~~~~~~~~~~~~~~~~~^^
  File "/home/pi/netatmo/venv/lib/python3.13/site-packages/requests/models.py", line 1026, in raise_for_status
    raise HTTPError(http_error_msg, response=self)
requests.exceptions.HTTPError: 503 Server Error: Service Unavailable for url: https://api.netatmo.com/oauth2/token
=== 2026-09-27 05:50:01 ===
Traceback (most recent call last):
  File "/home/pi/netatmo/netatmo_climate.py", line 141, in <module>
    main()
    ~~~~^^
  File "/home/pi/netatmo/netatmo_climate.py", line 135, in main
    home, status = get_climate_data(access_token, HOME_ID)
                   ~~~~~~~~~~~~~~~~^^^^^^^^^^^^^^^^^^^^^^^
  File "/home/pi/netatmo/netatmo_climate.py", line 69, in get_climate_data
    r1.raise_for_status()
    ~~~~~~~~~~~~~~~~~~~^^
  File "/home/pi/netatmo/venv/lib/python3.13/site-packages/requests/models.py", line 1026, in raise_for_status
    raise HTTPError(http_error_msg, response=self)
requests.exceptions.HTTPError: 503 Server Error: Service Temporarily Unavailable for url: https://api.netatmo.com/api/homesdata
=== 2026-09-27 05:55:02 ===
=== 2026-09-27 06:00:01 ===
Traceback (most recent call last):
  File "/home/pi/netatmo/netatmo_climate.py", line 141, in <module>
    main()
    ~~~~^^
  File "/home/pi/netatmo/netatmo_climate.py", line 134, in main
    access_token = get_access_token()
  File "/home/pi/netatmo/netatmo_climate.py", line 57, in get_access_token
    return refresh_access_token()
  File "/home/pi/netatmo/netatmo_climate.py", line 46, in refresh_access_token
    r.raise_for_status()
    ~~~~~~~~~~~~~~~~~~^^
  File "/home/pi/netatmo/venv/lib/python3.13/site-packages/requests/models.py", line 1026, in raise_for_status
    raise HTTPError(http_error_msg, response=self)
requests.exceptions.HTTPError: 503 Server Error: Service Unavailable for url: https://api.netatmo.com/oauth2/token
=== 2026-09-27 06:05:01 ===
=== 2026-09-27 06:10:01 ===
Traceback (most recent call last):
  File "/home/pi/netatmo/netatmo_climate.py", line 141, in <module>
    main()
    ~~~~^^
  File "/home/pi/netatmo/netatmo_climate.py", line 135, in main
    home, status = get_climate_data(access_token, HOME_ID)
                   ~~~~~~~~~~~~~~~~^^^^^^^^^^^^^^^^^^^^^^^
  File "/home/pi/netatmo/netatmo_climate.py", line 69, in get_climate_data
    r1.raise_for_status()
    ~~~~~~~~~~~~~~~~~~~^^
  File "/home/pi/netatmo/venv/lib/python3.13/site-packages/requests/models.py", line 1026, in raise_for_status
    raise HTTPError(http_error_msg, response=self)
requests.exceptions.HTTPError: 503 Server Error: Service Temporarily Unavailable for url: https://api.netatmo.com/api/homesdata
=== 2026-09-27 06:15:01 ===
=== 2026-09-27 06:20:01 ===
=== 2026-09-27 06:25:02 ===
=== 2026-09-27 06:30:01 ===
=== 2026-09-27 06:35:02 ===
=== 2026-09-27 06:40:01 ===
Traceback (most recent call last):
  File "/home/pi/netatmo/netatmo_climate.py", line 141, in <module>
    main()
    ~~~~^^
  File "/home/pi/netatmo/netatmo_climate.py", line 134, in main
    access_token = get_access_token()
  File "/home/pi/netatmo/netatmo_climate.py", line 57, in get_access_token
    return refresh_access_token()
  File "/home/pi/netatmo/netatmo_climate.py", line 46, in refresh_access_token
    r.raise_for_status()
    ~~~~~~~~~~~~~~~~~~^^
  File "/home/pi/netatmo/venv/lib/python3.13/site-packages/requests/models.py", line 1026, in raise_for_status
    raise HTTPError(http_error_msg, response=self)
requests.exceptions.HTTPError: 503 Server Error: Service Unavailable for url: https://api.netatmo.com/oauth2/token
=== 2026-09-27 06:45:01 ===
Traceback (most recent call last):
  File "/home/pi/netatmo/netatmo_climate.py", line 141, in <module>
    main()
    ~~~~^^
  File "/home/pi/netatmo/netatmo_climate.py", line 135, in main
    home, status = get_climate_data(access_token, HOME_ID)
                   ~~~~~~~~~~~~~~~~^^^^^^^^^^^^^^^^^^^^^^^
  File "/home/pi/netatmo/netatmo_climate.py", line 69, in get_climate_data
    r1.raise_for_status()
    ~~~~~~~~~~~~~~~~~~~^^
  File "/home/pi/netatmo/venv/lib/python3.13/site-packages/requests/models.py", line 1026, in raise_for_status
    raise HTTPError(http_error_msg, response=self)
requests.exceptions.HTTPError: 503 Server Error: Service Temporarily Unavailable for url: https://api.netatmo.com/api/homesdata
=== 2026-09-27 06:50:01 ===
=== 2026-09-27 06:55:02 ===
=== 2026-09-27 07:00:01 ===
Traceback (most recent call last):
  File "/home/pi/netatmo/netatmo_climate.py", line 141, in <module>
    main()
    ~~~~^^
  File "/home/pi/netatmo/netatmo_climate.py", line 134, in main
    access_token = get_access_token()
  File "/home/pi/netatmo/netatmo_climate.py", line 57, in get_access_token
    return refresh_access_token()
  File "/home/pi/netatmo/netatmo_climate.py", line 46, in refresh_access_token
    r.raise_for_status()
    ~~~~~~~~~~~~~~~~~~^^
  File "/home/pi/netatmo/venv/lib/python3.13/site-packages/requests/models.py", line 1026, in raise_for_status
    raise HTTPError(http_error_msg, response=self)
requests.exceptions.HTTPError: 503 Server Error: Service Unavailable for url: https://api.netatmo.com/oauth2/token
=== 2026-09-27 07:05:01 ===
Traceback (most recent call last):
  File "/home/pi/netatmo/netatmo_climate.py", line 141, in <module>
    main()
    ~~~~^^
  File "/home/pi/netatmo/netatmo_climate.py", line 135, in main
    home, status = get_climate_data(access_token, HOME_ID)
                   ~~~~~~~~~~~~~~~~^^^^^^^^^^^^^^^^^^^^^^^
  File "/home/pi/netatmo/netatmo_climate.py", line 69, in get_climate_data
    r1.raise_for_status()
    ~~~~~~~~~~~~~~~~~~~^^
  File "/home/pi/netatmo/venv/lib/python3.13/site-packages/requests/models.py", line 1026, in raise_for_status
    raise HTTPError(http_error_msg, response=self)
requests.exceptions.HTTPError: 503 Server Error: Service Temporarily Unavailable for url: https://api.netatmo.com/api/homesdata
=== 2026-09-27 07:10:01 ===
Traceback (most recent call last):
  File "/home/pi/netatmo/netatmo_climate.py", line 141, in <module>
    main()
    ~~~~^^
  File "/home/pi/netatmo/netatmo_climate.py", line 134, in main
    access_token = get_access_token()
  File "/home/pi/netatmo/netatmo_climate.py", line 57, in get_access_token
    return refresh_access_token()
  File "/home/pi/netatmo/netatmo_climate.py", line 46, in refresh_access_token
    r.raise_for_status()
    ~~~~~~~~~~~~~~~~~~^^
  File "/home/pi/netatmo/venv/lib/python3.13/site-packages/requests/models.py", line 1026, in raise_for_status
    raise HTTPError(http_error_msg, response=self)
requests.exceptions.HTTPError: 503 Server Error: Service Unavailable for url: https://api.netatmo.com/oauth2/token
=== 2026-09-27 07:15:02 ===
=== 2026-09-27 07:20:01 ===
=== 2026-09-27 07:25:01 ===
=== 2026-09-27 07:30:01 ===
Traceback (most recent call last):
  File "/home/pi/netatmo/netatmo_climate.py", line 141, in <module>
    main()
    ~~~~^^
  File "/home/pi/netatmo/netatmo_climate.py", line 134, in main
    access_token = get_access_token()
  File "/home/pi/netatmo/netatmo_climate.py", line 57, in get_access_token
    return refresh_access_token()
  File "/home/pi/netatmo/netatmo_climate.py", line 46, in refresh_access_token
    r.raise_for_status()
    ~~~~~~~~~~~~~~~~~~^^
  File "/home/pi/netatmo/venv/lib/python3.13/site-packages/requests/models.py", line 1026, in raise_for_status
    raise HTTPError(http_error_msg, response=self)
requests.exceptions.HTTPError: 503 Server Error: Service Unavailable for url: https://api.netatmo.com/oauth2/token
=== 2026-09-27 07:35:01 ===
=== 2026-09-27 07:40:01 ===
Traceback (most recent call last):
  File "/home/pi/netatmo/netatmo_climate.py", line 141, in <module>
    main()
    ~~~~^^
  File "/home/pi/netatmo/netatmo_climate.py", line 134, in main
    access_token = get_access_token()
  File "/home/pi/netatmo/netatmo_climate.py", line 57, in get_access_token
    return refresh_access_token()
  File "/home/pi/netatmo/netatmo_climate.py", line 46, in refresh_access_token
    r.raise_for_status()
    ~~~~~~~~~~~~~~~~~~^^
  File "/home/pi/netatmo/venv/lib/python3.13/site-packages/requests/models.py", line 1026, in raise_for_status
    raise HTTPError(http_error_msg, response=self)
requests.exceptions.HTTPError: 503 Server Error: Service Unavailable for url: https://api.netatmo.com/oauth2/token
=== 2026-09-27 07:45:01 ===
Traceback (most recent call last):
  File "/home/pi/netatmo/netatmo_climate.py", line 141, in <module>
    main()
    ~~~~^^
  File "/home/pi/netatmo/netatmo_climate.py", line 135, in main
    home, status = get_climate_data(access_token, HOME_ID)
                   ~~~~~~~~~~~~~~~~^^^^^^^^^^^^^^^^^^^^^^^
  File "/home/pi/netatmo/netatmo_climate.py", line 69, in get_climate_data
    r1.raise_for_status()
    ~~~~~~~~~~~~~~~~~~~^^
  File "/home/pi/netatmo/venv/lib/python3.13/site-packages/requests/models.py", line 1026, in raise_for_status
    raise HTTPError(http_error_msg, response=self)
requests.exceptions.HTTPError: 503 Server Error: Service Temporarily Unavailable for url: https://api.netatmo.com/api/homesdata
=== 2026-09-27 07:50:01 ===
Traceback (most recent call last):
  File "/home/pi/netatmo/netatmo_climate.py", line 141, in <module>
    main()
    ~~~~^^
  File "/home/pi/netatmo/netatmo_climate.py", line 135, in main
    home, status = get_climate_data(access_token, HOME_ID)
                   ~~~~~~~~~~~~~~~~^^^^^^^^^^^^^^^^^^^^^^^
  File "/home/pi/netatmo/netatmo_climate.py", line 69, in get_climate_data
    r1.raise_for_status()
    ~~~~~~~~~~~~~~~~~~~^^
  File "/home/pi/netatmo/venv/lib/python3.13/site-packages/requests/models.py", line 1026, in raise_for_status
    raise HTTPError(http_error_msg, response=self)
requests.exceptions.HTTPError: 503 Server Error: Service Temporarily Unavailable for url: https://api.netatmo.com/api/homesdata
=== 2026-09-27 07:55:01 ===
Traceback (most recent call last):
  File "/home/pi/netatmo/netatmo_climate.py", line 141, in <module>
    main()
    ~~~~^^
  File "/home/pi/netatmo/netatmo_climate.py", line 135, in main
    home, status = get_climate_data(access_token, HOME_ID)
                   ~~~~~~~~~~~~~~~~^^^^^^^^^^^^^^^^^^^^^^^
  File "/home/pi/netatmo/netatmo_climate.py", line 69, in get_climate_data
    r1.raise_for_status()
    ~~~~~~~~~~~~~~~~~~~^^
  File "/home/pi/netatmo/venv/lib/python3.13/site-packages/requests/models.py", line 1026, in raise_for_status
    raise HTTPError(http_error_msg, response=self)
requests.exceptions.HTTPError: 503 Server Error: Service Temporarily Unavailable for url: https://api.netatmo.com/api/homesdata
=== 2026-09-27 08:00:01 ===
Traceback (most recent call last):
  File "/home/pi/netatmo/netatmo_climate.py", line 141, in <module>
    main()
    ~~~~^^
  File "/home/pi/netatmo/netatmo_climate.py", line 134, in main
    access_token = get_access_token()
  File "/home/pi/netatmo/netatmo_climate.py", line 57, in get_access_token
    return refresh_access_token()
  File "/home/pi/netatmo/netatmo_climate.py", line 46, in refresh_access_token
    r.raise_for_status()
    ~~~~~~~~~~~~~~~~~~^^
  File "/home/pi/netatmo/venv/lib/python3.13/site-packages/requests/models.py", line 1026, in raise_for_status
    raise HTTPError(http_error_msg, response=self)
requests.exceptions.HTTPError: 503 Server Error: Service Unavailable for url: https://api.netatmo.com/oauth2/token
=== 2026-09-27 08:05:01 ===
=== 2026-09-27 08:10:01 ===
Traceback (most recent call last):
  File "/home/pi/netatmo/netatmo_climate.py", line 141, in <module>
    main()
    ~~~~^^
  File "/home/pi/netatmo/netatmo_climate.py", line 134, in main
    access_token = get_access_token()
  File "/home/pi/netatmo/netatmo_climate.py", line 57, in get_access_token
    return refresh_access_token()
  File "/home/pi/netatmo/netatmo_climate.py", line 46, in refresh_access_token
    r.raise_for_status()
    ~~~~~~~~~~~~~~~~~~^^
  File "/home/pi/netatmo/venv/lib/python3.13/site-packages/requests/models.py", line 1026, in raise_for_status
    raise HTTPError(http_error_msg, response=self)
requests.exceptions.HTTPError: 503 Server Error: Service Unavailable for url: https://api.netatmo.com/oauth2/token
=== 2026-09-27 08:15:01 ===
=== 2026-09-27 08:20:01 ===
=== 2026-09-27 08:25:01 ===
=== 2026-09-27 08:30:02 ===
Traceback (most recent call last):
  File "/home/pi/netatmo/netatmo_climate.py", line 141, in <module>
    main()
    ~~~~^^
  File "/home/pi/netatmo/netatmo_climate.py", line 134, in main
    access_token = get_access_token()
  File "/home/pi/netatmo/netatmo_climate.py", line 57, in get_access_token
    return refresh_access_token()
  File "/home/pi/netatmo/netatmo_climate.py", line 46, in refresh_access_token
    r.raise_for_status()
    ~~~~~~~~~~~~~~~~~~^^
  File "/home/pi/netatmo/venv/lib/python3.13/site-packages/requests/models.py", line 1026, in raise_for_status
    raise HTTPError(http_error_msg, response=self)
requests.exceptions.HTTPError: 503 Server Error: Service Unavailable for url: https://api.netatmo.com/oauth2/token
=== 2026-09-27 08:35:01 ===
=== 2026-09-27 08:40:01 ===
=== 2026-09-27 08:45:01 ===
=== 2026-09-27 08:50:01 ===
=== 2026-09-27 08:55:01 ===
=== 2026-09-27 09:00:01 ===
Traceback (most recent call last):
  File "/home/pi/netatmo/netatmo_climate.py", line 141, in <module>
    main()
    ~~~~^^
  File "/home/pi/netatmo/netatmo_climate.py", line 134, in main
    access_token = get_access_token()
  File "/home/pi/netatmo/netatmo_climate.py", line 57, in get_access_token
    return refresh_access_token()
  File "/home/pi/netatmo/netatmo_climate.py", line 46, in refresh_access_token
    r.raise_for_status()
    ~~~~~~~~~~~~~~~~~~^^
  File "/home/pi/netatmo/venv/lib/python3.13/site-packages/requests/models.py", line 1026, in raise_for_status
    raise HTTPError(http_error_msg, response=self)
requests.exceptions.HTTPError: 503 Server Error: Service Unavailable for url: https://api.netatmo.com/oauth2/token
=== 2026-09-27 09:05:01 ===
=== 2026-09-27 09:10:01 ===
Traceback (most recent call last):
  File "/home/pi/netatmo/netatmo_climate.py", line 141, in <module>
    main()
    ~~~~^^
  File "/home/pi/netatmo/netatmo_climate.py", line 134, in main
    access_token = get_access_token()
  File "/home/pi/netatmo/netatmo_climate.py", line 57, in get_access_token
    return refresh_access_token()
  File "/home/pi/netatmo/netatmo_climate.py", line 46, in refresh_access_token
    r.raise_for_status()
    ~~~~~~~~~~~~~~~~~~^^
  File "/home/pi/netatmo/venv/lib/python3.13/site-packages/requests/models.py", line 1026, in raise_for_status
    raise HTTPError(http_error_msg, response=self)
requests.exceptions.HTTPError: 503 Server Error: Service Unavailable for url: https://api.netatmo.com/oauth2/token
=== 2026-09-27 09:15:01 ===
=== 2026-09-27 09:20:01 ===
=== 2026-09-27 09:25:02 ===
=== 2026-09-27 09:30:01 ===
Traceback (most recent call last):
  File "/home/pi/netatmo/netatmo_climate.py", line 141, in <module>
    main()
    ~~~~^^
  File "/home/pi/netatmo/netatmo_climate.py", line 134, in main
    access_token = get_access_token()
  File "/home/pi/netatmo/netatmo_climate.py", line 57, in get_access_token
    return refresh_access_token()
  File "/home/pi/netatmo/netatmo_climate.py", line 46, in refresh_access_token
    r.raise_for_status()
    ~~~~~~~~~~~~~~~~~~^^
  File "/home/pi/netatmo/venv/lib/python3.13/site-packages/requests/models.py", line 1026, in raise_for_status
    raise HTTPError(http_error_msg, response=self)
requests.exceptions.HTTPError: 503 Server Error: Service Unavailable for url: https://api.netatmo.com/oauth2/token
=== 2026-09-27 09:35:01 ===
=== 2026-09-27 09:40:01 ===
Traceback (most recent call last):
  File "/home/pi/netatmo/netatmo_climate.py", line 141, in <module>
    main()
    ~~~~^^
  File "/home/pi/netatmo/netatmo_climate.py", line 135, in main
    home, status = get_climate_data(access_token, HOME_ID)
                   ~~~~~~~~~~~~~~~~^^^^^^^^^^^^^^^^^^^^^^^
  File "/home/pi/netatmo/netatmo_climate.py", line 69, in get_climate_data
    r1.raise_for_status()
    ~~~~~~~~~~~~~~~~~~~^^
  File "/home/pi/netatmo/venv/lib/python3.13/site-packages/requests/models.py", line 1026, in raise_for_status
    raise HTTPError(http_error_msg, response=self)
requests.exceptions.HTTPError: 503 Server Error: Service Temporarily Unavailable for url: https://api.netatmo.com/api/homesdata
=== 2026-09-27 09:45:02 ===
=== 2026-09-27 09:50:01 ===
Traceback (most recent call last):
  File "/home/pi/netatmo/netatmo_climate.py", line 141, in <module>
    main()
    ~~~~^^
  File "/home/pi/netatmo/netatmo_climate.py", line 135, in main
    home, status = get_climate_data(access_token, HOME_ID)
                   ~~~~~~~~~~~~~~~~^^^^^^^^^^^^^^^^^^^^^^^
  File "/home/pi/netatmo/netatmo_climate.py", line 69, in get_climate_data
    r1.raise_for_status()
    ~~~~~~~~~~~~~~~~~~~^^
  File "/home/pi/netatmo/venv/lib/python3.13/site-packages/requests/models.py", line 1026, in raise_for_status
    raise HTTPError(http_error_msg, response=self)
requests.exceptions.HTTPError: 503 Server Error: Service Temporarily Unavailable for url: https://api.netatmo.com/api/homesdata
=== 2026-09-27 09:55:01 ===
=== 2026-09-27 10:00:02 ===
Traceback (most recent call last):
  File "/home/pi/netatmo/netatmo_climate.py", line 141, in <module>
    main()
    ~~~~^^
  File "/home/pi/netatmo/netatmo_climate.py", line 134, in main
    access_token = get_access_token()
  File "/home/pi/netatmo/netatmo_climate.py", line 57, in get_access_token
    return refresh_access_token()
  File "/home/pi/netatmo/netatmo_climate.py", line 46, in refresh_access_token
    r.raise_for_status()
    ~~~~~~~~~~~~~~~~~~^^
  File "/home/pi/netatmo/venv/lib/python3.13/site-packages/requests/models.py", line 1026, in raise_for_status
    raise HTTPError(http_error_msg, response=self)
requests.exceptions.HTTPError: 503 Server Error: Service Unavailable for url: https://api.netatmo.com/oauth2/token
=== 2026-09-27 10:05:01 ===
=== 2026-09-27 10:10:01 ===
Traceback (most recent call last):
  File "/home/pi/netatmo/netatmo_climate.py", line 141, in <module>
    main()
    ~~~~^^
  File "/home/pi/netatmo/netatmo_climate.py", line 135, in main
    home, status = get_climate_data(access_token, HOME_ID)
                   ~~~~~~~~~~~~~~~~^^^^^^^^^^^^^^^^^^^^^^^
  File "/home/pi/netatmo/netatmo_climate.py", line 69, in get_climate_data
    r1.raise_for_status()
    ~~~~~~~~~~~~~~~~~~~^^
  File "/home/pi/netatmo/venv/lib/python3.13/site-packages/requests/models.py", line 1026, in raise_for_status
    raise HTTPError(http_error_msg, response=self)
requests.exceptions.HTTPError: 503 Server Error: Service Temporarily Unavailable for url: https://api.netatmo.com/api/homesdata
=== 2026-09-27 10:15:02 ===
=== 2026-09-27 10:20:01 ===
=== 2026-09-27 10:25:01 ===
=== 2026-09-27 10:30:01 ===
Traceback (most recent call last):
  File "/home/pi/netatmo/netatmo_climate.py", line 141, in <module>
    main()
    ~~~~^^
  File "/home/pi/netatmo/netatmo_climate.py", line 135, in main
    home, status = get_climate_data(access_token, HOME_ID)
                   ~~~~~~~~~~~~~~~~^^^^^^^^^^^^^^^^^^^^^^^
  File "/home/pi/netatmo/netatmo_climate.py", line 69, in get_climate_data
    r1.raise_for_status()
    ~~~~~~~~~~~~~~~~~~~^^
  File "/home/pi/netatmo/venv/lib/python3.13/site-packages/requests/models.py", line 1026, in raise_for_status
    raise HTTPError(http_error_msg, response=self)
requests.exceptions.HTTPError: 503 Server Error: Service Temporarily Unavailable for url: https://api.netatmo.com/api/homesdata
=== 2026-09-27 10:35:01 ===
=== 2026-09-27 10:40:02 ===
=== 2026-09-27 10:45:01 ===
=== 2026-09-27 10:50:01 ===
Traceback (most recent call last):
  File "/home/pi/netatmo/netatmo_climate.py", line 141, in <module>
    main()
    ~~~~^^
  File "/home/pi/netatmo/netatmo_climate.py", line 134, in main
    access_token = get_access_token()
  File "/home/pi/netatmo/netatmo_climate.py", line 57, in get_access_token
    return refresh_access_token()
  File "/home/pi/netatmo/netatmo_climate.py", line 46, in refresh_access_token
    r.raise_for_status()
    ~~~~~~~~~~~~~~~~~~^^
  File "/home/pi/netatmo/venv/lib/python3.13/site-packages/requests/models.py", line 1026, in raise_for_status
    raise HTTPError(http_error_msg, response=self)
requests.exceptions.HTTPError: 503 Server Error: Service Unavailable for url: https://api.netatmo.com/oauth2/token
=== 2026-09-27 10:55:01 ===
Traceback (most recent call last):
  File "/home/pi/netatmo/netatmo_climate.py", line 141, in <module>
    main()
    ~~~~^^
  File "/home/pi/netatmo/netatmo_climate.py", line 135, in main
    home, status = get_climate_data(access_token, HOME_ID)
                   ~~~~~~~~~~~~~~~~^^^^^^^^^^^^^^^^^^^^^^^
  File "/home/pi/netatmo/netatmo_climate.py", line 69, in get_climate_data
    r1.raise_for_status()
    ~~~~~~~~~~~~~~~~~~~^^
  File "/home/pi/netatmo/venv/lib/python3.13/site-packages/requests/models.py", line 1026, in raise_for_status
    raise HTTPError(http_error_msg, response=self)
requests.exceptions.HTTPError: 503 Server Error: Service Temporarily Unavailable for url: https://api.netatmo.com/api/homesdata
=== 2026-09-27 11:00:01 ===
Traceback (most recent call last):
  File "/home/pi/netatmo/netatmo_climate.py", line 141, in <module>
    main()
    ~~~~^^
  File "/home/pi/netatmo/netatmo_climate.py", line 134, in main
    access_token = get_access_token()
  File "/home/pi/netatmo/netatmo_climate.py", line 57, in get_access_token
    return refresh_access_token()
  File "/home/pi/netatmo/netatmo_climate.py", line 46, in refresh_access_token
    r.raise_for_status()
    ~~~~~~~~~~~~~~~~~~^^
  File "/home/pi/netatmo/venv/lib/python3.13/site-packages/requests/models.py", line 1026, in raise_for_status
    raise HTTPError(http_error_msg, response=self)
requests.exceptions.HTTPError: 503 Server Error: Service Unavailable for url: https://api.netatmo.com/oauth2/token
=== 2026-09-27 11:05:01 ===
=== 2026-09-27 11:10:01 ===
Traceback (most recent call last):
  File "/home/pi/netatmo/netatmo_climate.py", line 141, in <module>
    main()
    ~~~~^^
  File "/home/pi/netatmo/netatmo_climate.py", line 135, in main
    home, status = get_climate_data(access_token, HOME_ID)
                   ~~~~~~~~~~~~~~~~^^^^^^^^^^^^^^^^^^^^^^^
  File "/home/pi/netatmo/netatmo_climate.py", line 69, in get_climate_data
    r1.raise_for_status()
    ~~~~~~~~~~~~~~~~~~~^^
  File "/home/pi/netatmo/venv/lib/python3.13/site-packages/requests/models.py", line 1026, in raise_for_status
    raise HTTPError(http_error_msg, response=self)
requests.exceptions.HTTPError: 503 Server Error: Service Temporarily Unavailable for url: https://api.netatmo.com/api/homesdata
=== 2026-09-27 11:15:01 ===
=== 2026-09-27 11:20:02 ===
=== 2026-09-27 11:25:01 ===
=== 2026-09-27 11:30:01 ===
Traceback (most recent call last):
  File "/home/pi/netatmo/netatmo_climate.py", line 141, in <module>
    main()
    ~~~~^^
  File "/home/pi/netatmo/netatmo_climate.py", line 135, in main
    home, status = get_climate_data(access_token, HOME_ID)
                   ~~~~~~~~~~~~~~~~^^^^^^^^^^^^^^^^^^^^^^^
  File "/home/pi/netatmo/netatmo_climate.py", line 69, in get_climate_data
    r1.raise_for_status()
    ~~~~~~~~~~~~~~~~~~~^^
  File "/home/pi/netatmo/venv/lib/python3.13/site-packages/requests/models.py", line 1026, in raise_for_status
    raise HTTPError(http_error_msg, response=self)
requests.exceptions.HTTPError: 503 Server Error: Service Temporarily Unavailable for url: https://api.netatmo.com/api/homesdata
=== 2026-09-27 11:35:01 ===
=== 2026-09-27 11:40:01 ===
=== 2026-09-27 11:45:01 ===
=== 2026-09-27 11:50:02 ===
Traceback (most recent call last):
  File "/home/pi/netatmo/netatmo_climate.py", line 141, in <module>
    main()
    ~~~~^^
  File "/home/pi/netatmo/netatmo_climate.py", line 135, in main
    home, status = get_climate_data(access_token, HOME_ID)
                   ~~~~~~~~~~~~~~~~^^^^^^^^^^^^^^^^^^^^^^^
  File "/home/pi/netatmo/netatmo_climate.py", line 69, in get_climate_data
    r1.raise_for_status()
    ~~~~~~~~~~~~~~~~~~~^^
  File "/home/pi/netatmo/venv/lib/python3.13/site-packages/requests/models.py", line 1026, in raise_for_status
    raise HTTPError(http_error_msg, response=self)
requests.exceptions.HTTPError: 503 Server Error: Service Temporarily Unavailable for url: https://api.netatmo.com/api/homesdata
=== 2026-09-27 11:55:01 ===
Traceback (most recent call last):
  File "/home/pi/netatmo/netatmo_climate.py", line 141, in <module>
    main()
    ~~~~^^
  File "/home/pi/netatmo/netatmo_climate.py", line 135, in main
    home, status = get_climate_data(access_token, HOME_ID)
                   ~~~~~~~~~~~~~~~~^^^^^^^^^^^^^^^^^^^^^^^
  File "/home/pi/netatmo/netatmo_climate.py", line 69, in get_climate_data
    r1.raise_for_status()
    ~~~~~~~~~~~~~~~~~~~^^
  File "/home/pi/netatmo/venv/lib/python3.13/site-packages/requests/models.py", line 1026, in raise_for_status
    raise HTTPError(http_error_msg, response=self)
requests.exceptions.HTTPError: 503 Server Error: Service Temporarily Unavailable for url: https://api.netatmo.com/api/homesdata
=== 2026-09-27 12:00:01 ===
Traceback (most recent call last):
  File "/home/pi/netatmo/netatmo_climate.py", line 141, in <module>
    main()
    ~~~~^^
  File "/home/pi/netatmo/netatmo_climate.py", line 134, in main
    access_token = get_access_token()
  File "/home/pi/netatmo/netatmo_climate.py", line 57, in get_access_token
    return refresh_access_token()
  File "/home/pi/netatmo/netatmo_climate.py", line 46, in refresh_access_token
    r.raise_for_status()
    ~~~~~~~~~~~~~~~~~~^^
  File "/home/pi/netatmo/venv/lib/python3.13/site-packages/requests/models.py", line 1026, in raise_for_status
    raise HTTPError(http_error_msg, response=self)
requests.exceptions.HTTPError: 503 Server Error: Service Unavailable for url: https://api.netatmo.com/oauth2/token
=== 2026-09-27 12:05:01 ===
=== 2026-09-27 12:10:01 ===
=== 2026-09-27 12:15:01 ===
=== 2026-09-27 12:20:01 ===
Traceback (most recent call last):
  File "/home/pi/netatmo/netatmo_climate.py", line 141, in <module>
    main()
    ~~~~^^
  File "/home/pi/netatmo/netatmo_climate.py", line 135, in main
    home, status = get_climate_data(access_token, HOME_ID)
                   ~~~~~~~~~~~~~~~~^^^^^^^^^^^^^^^^^^^^^^^
  File "/home/pi/netatmo/netatmo_climate.py", line 69, in get_climate_data
    r1.raise_for_status()
    ~~~~~~~~~~~~~~~~~~~^^
  File "/home/pi/netatmo/venv/lib/python3.13/site-packages/requests/models.py", line 1026, in raise_for_status
    raise HTTPError(http_error_msg, response=self)
requests.exceptions.HTTPError: 503 Server Error: Service Temporarily Unavailable for url: https://api.netatmo.com/api/homesdata
=== 2026-09-27 12:25:01 ===
=== 2026-09-27 12:30:01 ===
Traceback (most recent call last):
  File "/home/pi/netatmo/netatmo_climate.py", line 141, in <module>
    main()
    ~~~~^^
  File "/home/pi/netatmo/netatmo_climate.py", line 134, in main
    access_token = get_access_token()
  File "/home/pi/netatmo/netatmo_climate.py", line 57, in get_access_token
    return refresh_access_token()
  File "/home/pi/netatmo/netatmo_climate.py", line 46, in refresh_access_token
    r.raise_for_status()
    ~~~~~~~~~~~~~~~~~~^^
  File "/home/pi/netatmo/venv/lib/python3.13/site-packages/requests/models.py", line 1026, in raise_for_status
    raise HTTPError(http_error_msg, response=self)
requests.exceptions.HTTPError: 503 Server Error: Service Unavailable for url: https://api.netatmo.com/oauth2/token
=== 2026-09-27 12:35:01 ===
=== 2026-09-27 12:40:01 ===
=== 2026-09-27 12:45:01 ===
Traceback (most recent call last):
  File "/home/pi/netatmo/netatmo_climate.py", line 141, in <module>
    main()
    ~~~~^^
  File "/home/pi/netatmo/netatmo_climate.py", line 135, in main
    home, status = get_climate_data(access_token, HOME_ID)
                   ~~~~~~~~~~~~~~~~^^^^^^^^^^^^^^^^^^^^^^^
  File "/home/pi/netatmo/netatmo_climate.py", line 69, in get_climate_data
    r1.raise_for_status()
    ~~~~~~~~~~~~~~~~~~~^^
  File "/home/pi/netatmo/venv/lib/python3.13/site-packages/requests/models.py", line 1026, in raise_for_status
    raise HTTPError(http_error_msg, response=self)
requests.exceptions.HTTPError: 503 Server Error: Service Temporarily Unavailable for url: https://api.netatmo.com/api/homesdata
=== 2026-09-27 12:50:01 ===
=== 2026-09-27 12:55:02 ===
=== 2026-09-27 13:00:02 ===
Traceback (most recent call last):
  File "/home/pi/netatmo/netatmo_climate.py", line 141, in <module>
    main()
    ~~~~^^
  File "/home/pi/netatmo/netatmo_climate.py", line 134, in main
    access_token = get_access_token()
  File "/home/pi/netatmo/netatmo_climate.py", line 57, in get_access_token
    return refresh_access_token()
  File "/home/pi/netatmo/netatmo_climate.py", line 46, in refresh_access_token
    r.raise_for_status()
    ~~~~~~~~~~~~~~~~~~^^
  File "/home/pi/netatmo/venv/lib/python3.13/site-packages/requests/models.py", line 1026, in raise_for_status
    raise HTTPError(http_error_msg, response=self)
requests.exceptions.HTTPError: 503 Server Error: Service Unavailable for url: https://api.netatmo.com/oauth2/token
=== 2026-09-27 13:05:01 ===
=== 2026-09-27 13:10:01 ===
=== 2026-09-27 13:15:01 ===
=== 2026-09-27 13:20:01 ===
=== 2026-09-27 13:25:01 ===
=== 2026-09-27 13:30:02 ===
Traceback (most recent call last):
  File "/home/pi/netatmo/netatmo_climate.py", line 141, in <module>
    main()
    ~~~~^^
  File "/home/pi/netatmo/netatmo_climate.py", line 134, in main
    access_token = get_access_token()
  File "/home/pi/netatmo/netatmo_climate.py", line 57, in get_access_token
    return refresh_access_token()
  File "/home/pi/netatmo/netatmo_climate.py", line 46, in refresh_access_token
    r.raise_for_status()
    ~~~~~~~~~~~~~~~~~~^^
  File "/home/pi/netatmo/venv/lib/python3.13/site-packages/requests/models.py", line 1026, in raise_for_status
    raise HTTPError(http_error_msg, response=self)
requests.exceptions.HTTPError: 503 Server Error: Service Unavailable for url: https://api.netatmo.com/oauth2/token
=== 2026-09-27 13:35:01 ===
=== 2026-09-27 13:40:02 ===
Traceback (most recent call last):
  File "/home/pi/netatmo/netatmo_climate.py", line 141, in <module>
    main()
    ~~~~^^
  File "/home/pi/netatmo/netatmo_climate.py", line 134, in main
    access_token = get_access_token()
  File "/home/pi/netatmo/netatmo_climate.py", line 57, in get_access_token
    return refresh_access_token()
  File "/home/pi/netatmo/netatmo_climate.py", line 46, in refresh_access_token
    r.raise_for_status()
    ~~~~~~~~~~~~~~~~~~^^
  File "/home/pi/netatmo/venv/lib/python3.13/site-packages/requests/models.py", line 1026, in raise_for_status
    raise HTTPError(http_error_msg, response=self)
requests.exceptions.HTTPError: 503 Server Error: Service Unavailable for url: https://api.netatmo.com/oauth2/token
=== 2026-09-27 13:45:01 ===
=== 2026-09-27 13:50:01 ===
Traceback (most recent call last):
  File "/home/pi/netatmo/netatmo_climate.py", line 141, in <module>
    main()
    ~~~~^^
  File "/home/pi/netatmo/netatmo_climate.py", line 135, in main
    home, status = get_climate_data(access_token, HOME_ID)
                   ~~~~~~~~~~~~~~~~^^^^^^^^^^^^^^^^^^^^^^^
  File "/home/pi/netatmo/netatmo_climate.py", line 69, in get_climate_data
    r1.raise_for_status()
    ~~~~~~~~~~~~~~~~~~~^^
  File "/home/pi/netatmo/venv/lib/python3.13/site-packages/requests/models.py", line 1026, in raise_for_status
    raise HTTPError(http_error_msg, response=self)
requests.exceptions.HTTPError: 503 Server Error: Service Temporarily Unavailable for url: https://api.netatmo.com/api/homesdata
=== 2026-09-27 13:55:01 ===
=== 2026-09-27 14:00:01 ===
Traceback (most recent call last):
  File "/home/pi/netatmo/netatmo_climate.py", line 141, in <module>
    main()
    ~~~~^^
  File "/home/pi/netatmo/netatmo_climate.py", line 135, in main
    home, status = get_climate_data(access_token, HOME_ID)
                   ~~~~~~~~~~~~~~~~^^^^^^^^^^^^^^^^^^^^^^^
  File "/home/pi/netatmo/netatmo_climate.py", line 69, in get_climate_data
    r1.raise_for_status()
    ~~~~~~~~~~~~~~~~~~~^^
  File "/home/pi/netatmo/venv/lib/python3.13/site-packages/requests/models.py", line 1026, in raise_for_status
    raise HTTPError(http_error_msg, response=self)
requests.exceptions.HTTPError: 503 Server Error: Service Temporarily Unavailable for url: https://api.netatmo.com/api/homesdata
=== 2026-09-27 14:05:01 ===
=== 2026-09-27 14:10:01 ===
Traceback (most recent call last):
  File "/home/pi/netatmo/netatmo_climate.py", line 141, in <module>
    main()
    ~~~~^^
  File "/home/pi/netatmo/netatmo_climate.py", line 134, in main
    access_token = get_access_token()
  File "/home/pi/netatmo/netatmo_climate.py", line 57, in get_access_token
    return refresh_access_token()
  File "/home/pi/netatmo/netatmo_climate.py", line 46, in refresh_access_token
    r.raise_for_status()
    ~~~~~~~~~~~~~~~~~~^^
  File "/home/pi/netatmo/venv/lib/python3.13/site-packages/requests/models.py", line 1026, in raise_for_status
    raise HTTPError(http_error_msg, response=self)
requests.exceptions.HTTPError: 503 Server Error: Service Unavailable for url: https://api.netatmo.com/oauth2/token
=== 2026-09-27 14:15:01 ===
=== 2026-09-27 14:20:01 ===
Traceback (most recent call last):
  File "/home/pi/netatmo/netatmo_climate.py", line 141, in <module>
    main()
    ~~~~^^
  File "/home/pi/netatmo/netatmo_climate.py", line 135, in main
    home, status = get_climate_data(access_token, HOME_ID)
                   ~~~~~~~~~~~~~~~~^^^^^^^^^^^^^^^^^^^^^^^
  File "/home/pi/netatmo/netatmo_climate.py", line 69, in get_climate_data
    r1.raise_for_status()
    ~~~~~~~~~~~~~~~~~~~^^
  File "/home/pi/netatmo/venv/lib/python3.13/site-packages/requests/models.py", line 1026, in raise_for_status
    raise HTTPError(http_error_msg, response=self)
requests.exceptions.HTTPError: 503 Server Error: Service Temporarily Unavailable for url: https://api.netatmo.com/api/homesdata
=== 2026-09-27 14:25:01 ===
=== 2026-09-27 14:30:01 ===
Traceback (most recent call last):
  File "/home/pi/netatmo/netatmo_climate.py", line 141, in <module>
    main()
    ~~~~^^
  File "/home/pi/netatmo/netatmo_climate.py", line 134, in main
    access_token = get_access_token()
  File "/home/pi/netatmo/netatmo_climate.py", line 57, in get_access_token
    return refresh_access_token()
  File "/home/pi/netatmo/netatmo_climate.py", line 46, in refresh_access_token
    r.raise_for_status()
    ~~~~~~~~~~~~~~~~~~^^
  File "/home/pi/netatmo/venv/lib/python3.13/site-packages/requests/models.py", line 1026, in raise_for_status
    raise HTTPError(http_error_msg, response=self)
requests.exceptions.HTTPError: 503 Server Error: Service Unavailable for url: https://api.netatmo.com/oauth2/token
=== 2026-09-27 14:35:01 ===
=== 2026-09-27 14:40:01 ===
=== 2026-09-27 14:45:02 ===
=== 2026-09-27 14:50:01 ===
Traceback (most recent call last):
  File "/home/pi/netatmo/netatmo_climate.py", line 141, in <module>
    main()
    ~~~~^^
  File "/home/pi/netatmo/netatmo_climate.py", line 135, in main
    home, status = get_climate_data(access_token, HOME_ID)
                   ~~~~~~~~~~~~~~~~^^^^^^^^^^^^^^^^^^^^^^^
  File "/home/pi/netatmo/netatmo_climate.py", line 69, in get_climate_data
    r1.raise_for_status()
    ~~~~~~~~~~~~~~~~~~~^^
  File "/home/pi/netatmo/venv/lib/python3.13/site-packages/requests/models.py", line 1026, in raise_for_status
    raise HTTPError(http_error_msg, response=self)
requests.exceptions.HTTPError: 503 Server Error: Service Temporarily Unavailable for url: https://api.netatmo.com/api/homesdata
=== 2026-09-27 14:55:01 ===
=== 2026-09-27 15:00:02 ===
Traceback (most recent call last):
  File "/home/pi/netatmo/netatmo_climate.py", line 141, in <module>
    main()
    ~~~~^^
  File "/home/pi/netatmo/netatmo_climate.py", line 134, in main
    access_token = get_access_token()
  File "/home/pi/netatmo/netatmo_climate.py", line 57, in get_access_token
    return refresh_access_token()
  File "/home/pi/netatmo/netatmo_climate.py", line 46, in refresh_access_token
    r.raise_for_status()
    ~~~~~~~~~~~~~~~~~~^^
  File "/home/pi/netatmo/venv/lib/python3.13/site-packages/requests/models.py", line 1026, in raise_for_status
    raise HTTPError(http_error_msg, response=self)
requests.exceptions.HTTPError: 503 Server Error: Service Unavailable for url: https://api.netatmo.com/oauth2/token
=== 2026-09-27 15:05:01 ===
=== 2026-09-27 15:10:02 ===
Traceback (most recent call last):
  File "/home/pi/netatmo/venv/lib/python3.13/site-packages/urllib3/connection.py", line 204, in _new_conn
    sock = connection.create_connection(
        (self._dns_host, self.port),
    ...<2 lines>...
        socket_options=self.socket_options,
    )
  File "/home/pi/netatmo/venv/lib/python3.13/site-packages/urllib3/util/connection.py", line 85, in create_connection
    raise err
  File "/home/pi/netatmo/venv/lib/python3.13/site-packages/urllib3/util/connection.py", line 73, in create_connection
    sock.connect(sa)
    ~~~~~~~~~~~~^^^^
OSError: [Errno 101] Network is unreachable

The above exception was the direct cause of the following exception:

Traceback (most recent call last):
  File "/home/pi/netatmo/venv/lib/python3.13/site-packages/urllib3/connectionpool.py", line 787, in urlopen
    response = self._make_request(
        conn,
    ...<10 lines>...
        **response_kw,
    )
  File "/home/pi/netatmo/venv/lib/python3.13/site-packages/urllib3/connectionpool.py", line 488, in _make_request
    raise new_e
  File "/home/pi/netatmo/venv/lib/python3.13/site-packages/urllib3/connectionpool.py", line 464, in _make_request
    self._validate_conn(conn)
    ~~~~~~~~~~~~~~~~~~~^^^^^^
  File "/home/pi/netatmo/venv/lib/python3.13/site-packages/urllib3/connectionpool.py", line 1093, in _validate_conn
    conn.connect()
    ~~~~~~~~~~~~^^
  File "/home/pi/netatmo/venv/lib/python3.13/site-packages/urllib3/connection.py", line 759, in connect
    self.sock = sock = self._new_conn()
                       ~~~~~~~~~~~~~~^^
  File "/home/pi/netatmo/venv/lib/python3.13/site-packages/urllib3/connection.py", line 219, in _new_conn
    raise NewConnectionError(
        self, f"Failed to establish a new connection: {e}"
    ) from e
urllib3.exceptions.NewConnectionError: HTTPSConnection(host='api.netatmo.com', port=443): Failed to establish a new connection: [Errno 101] Network is unreachable

The above exception was the direct cause of the following exception:

Traceback (most recent call last):
  File "/home/pi/netatmo/venv/lib/python3.13/site-packages/requests/adapters.py", line 644, in send
    resp = conn.urlopen(
        method=request.method,
    ...<9 lines>...
        chunked=chunked,
    )
  File "/home/pi/netatmo/venv/lib/python3.13/site-packages/urllib3/connectionpool.py", line 841, in urlopen
    retries = retries.increment(
        method, url, error=new_e, _pool=self, _stacktrace=sys.exc_info()[2]
    )
  File "/home/pi/netatmo/venv/lib/python3.13/site-packages/urllib3/util/retry.py", line 535, in increment
    raise MaxRetryError(_pool, url, reason) from reason  # type: ignore[arg-type]
    ^^^^^^^^^^^^^^^^^^^^^^^^^^^^^^^^^^^^^^^^^^^^^^^^^^^
urllib3.exceptions.MaxRetryError: HTTPSConnectionPool(host='api.netatmo.com', port=443): Max retries exceeded with url: /oauth2/token (Caused by NewConnectionError("HTTPSConnection(host='api.netatmo.com', port=443): Failed to establish a new connection: [Errno 101] Network is unreachable"))

During handling of the above exception, another exception occurred:

Traceback (most recent call last):
  File "/home/pi/netatmo/netatmo_climate.py", line 141, in <module>
    main()
    ~~~~^^
  File "/home/pi/netatmo/netatmo_climate.py", line 134, in main
    access_token = get_access_token()
  File "/home/pi/netatmo/netatmo_climate.py", line 57, in get_access_token
    return refresh_access_token()
  File "/home/pi/netatmo/netatmo_climate.py", line 45, in refresh_access_token
    r = requests.post(url, data=data)
  File "/home/pi/netatmo/venv/lib/python3.13/site-packages/requests/api.py", line 115, in post
    return request("post", url, data=data, json=json, **kwargs)
  File "/home/pi/netatmo/venv/lib/python3.13/site-packages/requests/api.py", line 59, in request
    return session.request(method=method, url=url, **kwargs)
           ~~~~~~~~~~~~~~~^^^^^^^^^^^^^^^^^^^^^^^^^^^^^^^^^^
  File "/home/pi/netatmo/venv/lib/python3.13/site-packages/requests/sessions.py", line 589, in request
    resp = self.send(prep, **send_kwargs)
  File "/home/pi/netatmo/venv/lib/python3.13/site-packages/requests/sessions.py", line 703, in send
    r = adapter.send(request, **kwargs)
  File "/home/pi/netatmo/venv/lib/python3.13/site-packages/requests/adapters.py", line 677, in send
    raise ConnectionError(e, request=request)
requests.exceptions.ConnectionError: HTTPSConnectionPool(host='api.netatmo.com', port=443): Max retries exceeded with url: /oauth2/token (Caused by NewConnectionError("HTTPSConnection(host='api.netatmo.com', port=443): Failed to establish a new connection: [Errno 101] Network is unreachable"))
=== 2026-09-27 15:15:01 ===
=== 2026-09-27 15:20:01 ===
Traceback (most recent call last):
  File "/home/pi/netatmo/venv/lib/python3.13/site-packages/urllib3/connection.py", line 204, in _new_conn
    sock = connection.create_connection(
        (self._dns_host, self.port),
    ...<2 lines>...
        socket_options=self.socket_options,
    )
  File "/home/pi/netatmo/venv/lib/python3.13/site-packages/urllib3/util/connection.py", line 85, in create_connection
    raise err
  File "/home/pi/netatmo/venv/lib/python3.13/site-packages/urllib3/util/connection.py", line 73, in create_connection
    sock.connect(sa)
    ~~~~~~~~~~~~^^^^
OSError: [Errno 101] Network is unreachable

The above exception was the direct cause of the following exception:

Traceback (most recent call last):
  File "/home/pi/netatmo/venv/lib/python3.13/site-packages/urllib3/connectionpool.py", line 787, in urlopen
    response = self._make_request(
        conn,
    ...<10 lines>...
        **response_kw,
    )
  File "/home/pi/netatmo/venv/lib/python3.13/site-packages/urllib3/connectionpool.py", line 488, in _make_request
    raise new_e
  File "/home/pi/netatmo/venv/lib/python3.13/site-packages/urllib3/connectionpool.py", line 464, in _make_request
    self._validate_conn(conn)
    ~~~~~~~~~~~~~~~~~~~^^^^^^
  File "/home/pi/netatmo/venv/lib/python3.13/site-packages/urllib3/connectionpool.py", line 1093, in _validate_conn
    conn.connect()
    ~~~~~~~~~~~~^^
  File "/home/pi/netatmo/venv/lib/python3.13/site-packages/urllib3/connection.py", line 759, in connect
    self.sock = sock = self._new_conn()
                       ~~~~~~~~~~~~~~^^
  File "/home/pi/netatmo/venv/lib/python3.13/site-packages/urllib3/connection.py", line 219, in _new_conn
    raise NewConnectionError(
        self, f"Failed to establish a new connection: {e}"
    ) from e
urllib3.exceptions.NewConnectionError: HTTPSConnection(host='api.netatmo.com', port=443): Failed to establish a new connection: [Errno 101] Network is unreachable

The above exception was the direct cause of the following exception:

Traceback (most recent call last):
  File "/home/pi/netatmo/venv/lib/python3.13/site-packages/requests/adapters.py", line 644, in send
    resp = conn.urlopen(
        method=request.method,
    ...<9 lines>...
        chunked=chunked,
    )
  File "/home/pi/netatmo/venv/lib/python3.13/site-packages/urllib3/connectionpool.py", line 841, in urlopen
    retries = retries.increment(
        method, url, error=new_e, _pool=self, _stacktrace=sys.exc_info()[2]
    )
  File "/home/pi/netatmo/venv/lib/python3.13/site-packages/urllib3/util/retry.py", line 535, in increment
    raise MaxRetryError(_pool, url, reason) from reason  # type: ignore[arg-type]
    ^^^^^^^^^^^^^^^^^^^^^^^^^^^^^^^^^^^^^^^^^^^^^^^^^^^
urllib3.exceptions.MaxRetryError: HTTPSConnectionPool(host='api.netatmo.com', port=443): Max retries exceeded with url: /api/homesdata (Caused by NewConnectionError("HTTPSConnection(host='api.netatmo.com', port=443): Failed to establish a new connection: [Errno 101] Network is unreachable"))

During handling of the above exception, another exception occurred:

Traceback (most recent call last):
  File "/home/pi/netatmo/netatmo_climate.py", line 141, in <module>
    main()
    ~~~~^^
  File "/home/pi/netatmo/netatmo_climate.py", line 135, in main
    home, status = get_climate_data(access_token, HOME_ID)
                   ~~~~~~~~~~~~~~~~^^^^^^^^^^^^^^^^^^^^^^^
  File "/home/pi/netatmo/netatmo_climate.py", line 68, in get_climate_data
    r1 = requests.get("https://api.netatmo.com/api/homesdata", headers=headers)
  File "/home/pi/netatmo/venv/lib/python3.13/site-packages/requests/api.py", line 73, in get
    return request("get", url, params=params, **kwargs)
  File "/home/pi/netatmo/venv/lib/python3.13/site-packages/requests/api.py", line 59, in request
    return session.request(method=method, url=url, **kwargs)
           ~~~~~~~~~~~~~~~^^^^^^^^^^^^^^^^^^^^^^^^^^^^^^^^^^
  File "/home/pi/netatmo/venv/lib/python3.13/site-packages/requests/sessions.py", line 589, in request
    resp = self.send(prep, **send_kwargs)
  File "/home/pi/netatmo/venv/lib/python3.13/site-packages/requests/sessions.py", line 703, in send
    r = adapter.send(request, **kwargs)
  File "/home/pi/netatmo/venv/lib/python3.13/site-packages/requests/adapters.py", line 677, in send
    raise ConnectionError(e, request=request)
requests.exceptions.ConnectionError: HTTPSConnectionPool(host='api.netatmo.com', port=443): Max retries exceeded with url: /api/homesdata (Caused by NewConnectionError("HTTPSConnection(host='api.netatmo.com', port=443): Failed to establish a new connection: [Errno 101] Network is unreachable"))
=== 2026-09-27 15:25:01 ===
=== 2026-09-27 15:30:01 ===
Traceback (most recent call last):
  File "/home/pi/netatmo/netatmo_climate.py", line 141, in <module>
    main()
    ~~~~^^
  File "/home/pi/netatmo/netatmo_climate.py", line 134, in main
    access_token = get_access_token()
  File "/home/pi/netatmo/netatmo_climate.py", line 57, in get_access_token
    return refresh_access_token()
  File "/home/pi/netatmo/netatmo_climate.py", line 46, in refresh_access_token
    r.raise_for_status()
    ~~~~~~~~~~~~~~~~~~^^
  File "/home/pi/netatmo/venv/lib/python3.13/site-packages/requests/models.py", line 1026, in raise_for_status
    raise HTTPError(http_error_msg, response=self)
requests.exceptions.HTTPError: 503 Server Error: Service Unavailable for url: https://api.netatmo.com/oauth2/token
=== 2026-09-27 15:35:01 ===
=== 2026-09-27 15:40:01 ===
=== 2026-09-27 15:45:01 ===
=== 2026-09-27 15:50:01 ===
Traceback (most recent call last):
  File "/home/pi/netatmo/netatmo_climate.py", line 141, in <module>
    main()
    ~~~~^^
  File "/home/pi/netatmo/netatmo_climate.py", line 134, in main
    access_token = get_access_token()
  File "/home/pi/netatmo/netatmo_climate.py", line 57, in get_access_token
    return refresh_access_token()
  File "/home/pi/netatmo/netatmo_climate.py", line 46, in refresh_access_token
    r.raise_for_status()
    ~~~~~~~~~~~~~~~~~~^^
  File "/home/pi/netatmo/venv/lib/python3.13/site-packages/requests/models.py", line 1026, in raise_for_status
    raise HTTPError(http_error_msg, response=self)
requests.exceptions.HTTPError: 503 Server Error: Service Unavailable for url: https://api.netatmo.com/oauth2/token
=== 2026-09-27 15:55:01 ===
=== 2026-09-27 16:00:01 ===
Traceback (most recent call last):
  File "/home/pi/netatmo/netatmo_climate.py", line 141, in <module>
    main()
    ~~~~^^
  File "/home/pi/netatmo/netatmo_climate.py", line 134, in main
    access_token = get_access_token()
  File "/home/pi/netatmo/netatmo_climate.py", line 57, in get_access_token
    return refresh_access_token()
  File "/home/pi/netatmo/netatmo_climate.py", line 46, in refresh_access_token
    r.raise_for_status()
    ~~~~~~~~~~~~~~~~~~^^
  File "/home/pi/netatmo/venv/lib/python3.13/site-packages/requests/models.py", line 1026, in raise_for_status
    raise HTTPError(http_error_msg, response=self)
requests.exceptions.HTTPError: 503 Server Error: Service Unavailable for url: https://api.netatmo.com/oauth2/token
=== 2026-09-27 16:05:01 ===
=== 2026-09-27 16:10:01 ===
=== 2026-09-27 16:15:01 ===
=== 2026-09-27 16:20:01 ===
Traceback (most recent call last):
  File "/home/pi/netatmo/venv/lib/python3.13/site-packages/urllib3/connection.py", line 204, in _new_conn
    sock = connection.create_connection(
        (self._dns_host, self.port),
    ...<2 lines>...
        socket_options=self.socket_options,
    )
  File "/home/pi/netatmo/venv/lib/python3.13/site-packages/urllib3/util/connection.py", line 85, in create_connection
    raise err
  File "/home/pi/netatmo/venv/lib/python3.13/site-packages/urllib3/util/connection.py", line 73, in create_connection
    sock.connect(sa)
    ~~~~~~~~~~~~^^^^
OSError: [Errno 101] Network is unreachable

The above exception was the direct cause of the following exception:

Traceback (most recent call last):
  File "/home/pi/netatmo/venv/lib/python3.13/site-packages/urllib3/connectionpool.py", line 787, in urlopen
    response = self._make_request(
        conn,
    ...<10 lines>...
        **response_kw,
    )
  File "/home/pi/netatmo/venv/lib/python3.13/site-packages/urllib3/connectionpool.py", line 488, in _make_request
    raise new_e
  File "/home/pi/netatmo/venv/lib/python3.13/site-packages/urllib3/connectionpool.py", line 464, in _make_request
    self._validate_conn(conn)
    ~~~~~~~~~~~~~~~~~~~^^^^^^
  File "/home/pi/netatmo/venv/lib/python3.13/site-packages/urllib3/connectionpool.py", line 1093, in _validate_conn
    conn.connect()
    ~~~~~~~~~~~~^^
  File "/home/pi/netatmo/venv/lib/python3.13/site-packages/urllib3/connection.py", line 759, in connect
    self.sock = sock = self._new_conn()
                       ~~~~~~~~~~~~~~^^
  File "/home/pi/netatmo/venv/lib/python3.13/site-packages/urllib3/connection.py", line 219, in _new_conn
    raise NewConnectionError(
        self, f"Failed to establish a new connection: {e}"
    ) from e
urllib3.exceptions.NewConnectionError: HTTPSConnection(host='api.netatmo.com', port=443): Failed to establish a new connection: [Errno 101] Network is unreachable

The above exception was the direct cause of the following exception:

Traceback (most recent call last):
  File "/home/pi/netatmo/venv/lib/python3.13/site-packages/requests/adapters.py", line 644, in send
    resp = conn.urlopen(
        method=request.method,
    ...<9 lines>...
        chunked=chunked,
    )
  File "/home/pi/netatmo/venv/lib/python3.13/site-packages/urllib3/connectionpool.py", line 841, in urlopen
    retries = retries.increment(
        method, url, error=new_e, _pool=self, _stacktrace=sys.exc_info()[2]
    )
  File "/home/pi/netatmo/venv/lib/python3.13/site-packages/urllib3/util/retry.py", line 535, in increment
    raise MaxRetryError(_pool, url, reason) from reason  # type: ignore[arg-type]
    ^^^^^^^^^^^^^^^^^^^^^^^^^^^^^^^^^^^^^^^^^^^^^^^^^^^
urllib3.exceptions.MaxRetryError: HTTPSConnectionPool(host='api.netatmo.com', port=443): Max retries exceeded with url: /oauth2/token (Caused by NewConnectionError("HTTPSConnection(host='api.netatmo.com', port=443): Failed to establish a new connection: [Errno 101] Network is unreachable"))

During handling of the above exception, another exception occurred:

Traceback (most recent call last):
  File "/home/pi/netatmo/netatmo_climate.py", line 141, in <module>
    main()
    ~~~~^^
  File "/home/pi/netatmo/netatmo_climate.py", line 134, in main
    access_token = get_access_token()
  File "/home/pi/netatmo/netatmo_climate.py", line 57, in get_access_token
    return refresh_access_token()
  File "/home/pi/netatmo/netatmo_climate.py", line 45, in refresh_access_token
    r = requests.post(url, data=data)
  File "/home/pi/netatmo/venv/lib/python3.13/site-packages/requests/api.py", line 115, in post
    return request("post", url, data=data, json=json, **kwargs)
  File "/home/pi/netatmo/venv/lib/python3.13/site-packages/requests/api.py", line 59, in request
    return session.request(method=method, url=url, **kwargs)
           ~~~~~~~~~~~~~~~^^^^^^^^^^^^^^^^^^^^^^^^^^^^^^^^^^
  File "/home/pi/netatmo/venv/lib/python3.13/site-packages/requests/sessions.py", line 589, in request
    resp = self.send(prep, **send_kwargs)
  File "/home/pi/netatmo/venv/lib/python3.13/site-packages/requests/sessions.py", line 703, in send
    r = adapter.send(request, **kwargs)
  File "/home/pi/netatmo/venv/lib/python3.13/site-packages/requests/adapters.py", line 677, in send
    raise ConnectionError(e, request=request)
requests.exceptions.ConnectionError: HTTPSConnectionPool(host='api.netatmo.com', port=443): Max retries exceeded with url: /oauth2/token (Caused by NewConnectionError("HTTPSConnection(host='api.netatmo.com', port=443): Failed to establish a new connection: [Errno 101] Network is unreachable"))
=== 2026-09-27 16:25:01 ===
Traceback (most recent call last):
  File "/home/pi/netatmo/venv/lib/python3.13/site-packages/urllib3/connection.py", line 204, in _new_conn
    sock = connection.create_connection(
        (self._dns_host, self.port),
    ...<2 lines>...
        socket_options=self.socket_options,
    )
  File "/home/pi/netatmo/venv/lib/python3.13/site-packages/urllib3/util/connection.py", line 85, in create_connection
    raise err
  File "/home/pi/netatmo/venv/lib/python3.13/site-packages/urllib3/util/connection.py", line 73, in create_connection
    sock.connect(sa)
    ~~~~~~~~~~~~^^^^
OSError: [Errno 101] Network is unreachable

The above exception was the direct cause of the following exception:

Traceback (most recent call last):
  File "/home/pi/netatmo/venv/lib/python3.13/site-packages/urllib3/connectionpool.py", line 787, in urlopen
    response = self._make_request(
        conn,
    ...<10 lines>...
        **response_kw,
    )
  File "/home/pi/netatmo/venv/lib/python3.13/site-packages/urllib3/connectionpool.py", line 488, in _make_request
    raise new_e
  File "/home/pi/netatmo/venv/lib/python3.13/site-packages/urllib3/connectionpool.py", line 464, in _make_request
    self._validate_conn(conn)
    ~~~~~~~~~~~~~~~~~~~^^^^^^
  File "/home/pi/netatmo/venv/lib/python3.13/site-packages/urllib3/connectionpool.py", line 1093, in _validate_conn
    conn.connect()
    ~~~~~~~~~~~~^^
  File "/home/pi/netatmo/venv/lib/python3.13/site-packages/urllib3/connection.py", line 759, in connect
    self.sock = sock = self._new_conn()
                       ~~~~~~~~~~~~~~^^
  File "/home/pi/netatmo/venv/lib/python3.13/site-packages/urllib3/connection.py", line 219, in _new_conn
    raise NewConnectionError(
        self, f"Failed to establish a new connection: {e}"
    ) from e
urllib3.exceptions.NewConnectionError: HTTPSConnection(host='api.netatmo.com', port=443): Failed to establish a new connection: [Errno 101] Network is unreachable

The above exception was the direct cause of the following exception:

Traceback (most recent call last):
  File "/home/pi/netatmo/venv/lib/python3.13/site-packages/requests/adapters.py", line 644, in send
    resp = conn.urlopen(
        method=request.method,
    ...<9 lines>...
        chunked=chunked,
    )
  File "/home/pi/netatmo/venv/lib/python3.13/site-packages/urllib3/connectionpool.py", line 841, in urlopen
    retries = retries.increment(
        method, url, error=new_e, _pool=self, _stacktrace=sys.exc_info()[2]
    )
  File "/home/pi/netatmo/venv/lib/python3.13/site-packages/urllib3/util/retry.py", line 535, in increment
    raise MaxRetryError(_pool, url, reason) from reason  # type: ignore[arg-type]
    ^^^^^^^^^^^^^^^^^^^^^^^^^^^^^^^^^^^^^^^^^^^^^^^^^^^
urllib3.exceptions.MaxRetryError: HTTPSConnectionPool(host='api.netatmo.com', port=443): Max retries exceeded with url: /oauth2/token (Caused by NewConnectionError("HTTPSConnection(host='api.netatmo.com', port=443): Failed to establish a new connection: [Errno 101] Network is unreachable"))

During handling of the above exception, another exception occurred:

Traceback (most recent call last):
  File "/home/pi/netatmo/netatmo_climate.py", line 141, in <module>
    main()
    ~~~~^^
  File "/home/pi/netatmo/netatmo_climate.py", line 134, in main
    access_token = get_access_token()
  File "/home/pi/netatmo/netatmo_climate.py", line 57, in get_access_token
    return refresh_access_token()
  File "/home/pi/netatmo/netatmo_climate.py", line 45, in refresh_access_token
    r = requests.post(url, data=data)
  File "/home/pi/netatmo/venv/lib/python3.13/site-packages/requests/api.py", line 115, in post
    return request("post", url, data=data, json=json, **kwargs)
  File "/home/pi/netatmo/venv/lib/python3.13/site-packages/requests/api.py", line 59, in request
    return session.request(method=method, url=url, **kwargs)
           ~~~~~~~~~~~~~~~^^^^^^^^^^^^^^^^^^^^^^^^^^^^^^^^^^
  File "/home/pi/netatmo/venv/lib/python3.13/site-packages/requests/sessions.py", line 589, in request
    resp = self.send(prep, **send_kwargs)
  File "/home/pi/netatmo/venv/lib/python3.13/site-packages/requests/sessions.py", line 703, in send
    r = adapter.send(request, **kwargs)
  File "/home/pi/netatmo/venv/lib/python3.13/site-packages/requests/adapters.py", line 677, in send
    raise ConnectionError(e, request=request)
requests.exceptions.ConnectionError: HTTPSConnectionPool(host='api.netatmo.com', port=443): Max retries exceeded with url: /oauth2/token (Caused by NewConnectionError("HTTPSConnection(host='api.netatmo.com', port=443): Failed to establish a new connection: [Errno 101] Network is unreachable"))
=== 2026-09-27 16:30:01 ===
Traceback (most recent call last):
  File "/home/pi/netatmo/netatmo_climate.py", line 141, in <module>
    main()
    ~~~~^^
  File "/home/pi/netatmo/netatmo_climate.py", line 135, in main
    home, status = get_climate_data(access_token, HOME_ID)
                   ~~~~~~~~~~~~~~~~^^^^^^^^^^^^^^^^^^^^^^^
  File "/home/pi/netatmo/netatmo_climate.py", line 69, in get_climate_data
    r1.raise_for_status()
    ~~~~~~~~~~~~~~~~~~~^^
  File "/home/pi/netatmo/venv/lib/python3.13/site-packages/requests/models.py", line 1026, in raise_for_status
    raise HTTPError(http_error_msg, response=self)
requests.exceptions.HTTPError: 503 Server Error: Service Temporarily Unavailable for url: https://api.netatmo.com/api/homesdata
=== 2026-09-27 16:35:01 ===
=== 2026-09-27 16:40:02 ===
Traceback (most recent call last):
  File "/home/pi/netatmo/netatmo_climate.py", line 141, in <module>
    main()
    ~~~~^^
  File "/home/pi/netatmo/netatmo_climate.py", line 134, in main
    access_token = get_access_token()
  File "/home/pi/netatmo/netatmo_climate.py", line 57, in get_access_token
    return refresh_access_token()
  File "/home/pi/netatmo/netatmo_climate.py", line 46, in refresh_access_token
    r.raise_for_status()
    ~~~~~~~~~~~~~~~~~~^^
  File "/home/pi/netatmo/venv/lib/python3.13/site-packages/requests/models.py", line 1026, in raise_for_status
    raise HTTPError(http_error_msg, response=self)
requests.exceptions.HTTPError: 503 Server Error: Service Unavailable for url: https://api.netatmo.com/oauth2/token
=== 2026-09-27 16:45:01 ===
=== 2026-09-27 16:50:01 ===
Traceback (most recent call last):
  File "/home/pi/netatmo/netatmo_climate.py", line 141, in <module>
    main()
    ~~~~^^
  File "/home/pi/netatmo/netatmo_climate.py", line 134, in main
    access_token = get_access_token()
  File "/home/pi/netatmo/netatmo_climate.py", line 57, in get_access_token
    return refresh_access_token()
  File "/home/pi/netatmo/netatmo_climate.py", line 46, in refresh_access_token
    r.raise_for_status()
    ~~~~~~~~~~~~~~~~~~^^
  File "/home/pi/netatmo/venv/lib/python3.13/site-packages/requests/models.py", line 1026, in raise_for_status
    raise HTTPError(http_error_msg, response=self)
requests.exceptions.HTTPError: 503 Server Error: Service Unavailable for url: https://api.netatmo.com/oauth2/token
=== 2026-09-27 16:55:01 ===
=== 2026-09-27 17:00:01 ===
Traceback (most recent call last):
  File "/home/pi/netatmo/netatmo_climate.py", line 141, in <module>
    main()
    ~~~~^^
  File "/home/pi/netatmo/netatmo_climate.py", line 134, in main
    access_token = get_access_token()
  File "/home/pi/netatmo/netatmo_climate.py", line 57, in get_access_token
    return refresh_access_token()
  File "/home/pi/netatmo/netatmo_climate.py", line 46, in refresh_access_token
    r.raise_for_status()
    ~~~~~~~~~~~~~~~~~~^^
  File "/home/pi/netatmo/venv/lib/python3.13/site-packages/requests/models.py", line 1026, in raise_for_status
    raise HTTPError(http_error_msg, response=self)
requests.exceptions.HTTPError: 503 Server Error: Service Unavailable for url: https://api.netatmo.com/oauth2/token
=== 2026-09-27 17:05:01 ===
=== 2026-09-27 17:10:02 ===
=== 2026-09-27 17:15:01 ===
Traceback (most recent call last):
  File "/home/pi/netatmo/netatmo_climate.py", line 141, in <module>
    main()
    ~~~~^^
  File "/home/pi/netatmo/netatmo_climate.py", line 135, in main
    home, status = get_climate_data(access_token, HOME_ID)
                   ~~~~~~~~~~~~~~~~^^^^^^^^^^^^^^^^^^^^^^^
  File "/home/pi/netatmo/netatmo_climate.py", line 69, in get_climate_data
    r1.raise_for_status()
    ~~~~~~~~~~~~~~~~~~~^^
  File "/home/pi/netatmo/venv/lib/python3.13/site-packages/requests/models.py", line 1026, in raise_for_status
    raise HTTPError(http_error_msg, response=self)
requests.exceptions.HTTPError: 503 Server Error: Service Temporarily Unavailable for url: https://api.netatmo.com/api/homesdata
=== 2026-09-27 17:20:01 ===
Traceback (most recent call last):
  File "/home/pi/netatmo/netatmo_climate.py", line 141, in <module>
    main()
    ~~~~^^
  File "/home/pi/netatmo/netatmo_climate.py", line 135, in main
    home, status = get_climate_data(access_token, HOME_ID)
                   ~~~~~~~~~~~~~~~~^^^^^^^^^^^^^^^^^^^^^^^
  File "/home/pi/netatmo/netatmo_climate.py", line 69, in get_climate_data
    r1.raise_for_status()
    ~~~~~~~~~~~~~~~~~~~^^
  File "/home/pi/netatmo/venv/lib/python3.13/site-packages/requests/models.py", line 1026, in raise_for_status
    raise HTTPError(http_error_msg, response=self)
requests.exceptions.HTTPError: 503 Server Error: Service Temporarily Unavailable for url: https://api.netatmo.com/api/homesdata
=== 2026-09-27 17:25:01 ===
=== 2026-09-27 17:30:02 ===
=== 2026-09-27 17:35:01 ===
=== 2026-09-27 17:40:01 ===
Traceback (most recent call last):
  File "/home/pi/netatmo/netatmo_climate.py", line 141, in <module>
    main()
    ~~~~^^
  File "/home/pi/netatmo/netatmo_climate.py", line 134, in main
    access_token = get_access_token()
  File "/home/pi/netatmo/netatmo_climate.py", line 57, in get_access_token
    return refresh_access_token()
  File "/home/pi/netatmo/netatmo_climate.py", line 46, in refresh_access_token
    r.raise_for_status()
    ~~~~~~~~~~~~~~~~~~^^
  File "/home/pi/netatmo/venv/lib/python3.13/site-packages/requests/models.py", line 1026, in raise_for_status
    raise HTTPError(http_error_msg, response=self)
requests.exceptions.HTTPError: 503 Server Error: Service Unavailable for url: https://api.netatmo.com/oauth2/token
=== 2026-09-27 17:45:01 ===
=== 2026-09-27 17:50:01 ===
Traceback (most recent call last):
  File "/home/pi/netatmo/netatmo_climate.py", line 141, in <module>
    main()
    ~~~~^^
  File "/home/pi/netatmo/netatmo_climate.py", line 135, in main
    home, status = get_climate_data(access_token, HOME_ID)
                   ~~~~~~~~~~~~~~~~^^^^^^^^^^^^^^^^^^^^^^^
  File "/home/pi/netatmo/netatmo_climate.py", line 69, in get_climate_data
    r1.raise_for_status()
    ~~~~~~~~~~~~~~~~~~~^^
  File "/home/pi/netatmo/venv/lib/python3.13/site-packages/requests/models.py", line 1026, in raise_for_status
    raise HTTPError(http_error_msg, response=self)
requests.exceptions.HTTPError: 503 Server Error: Service Temporarily Unavailable for url: https://api.netatmo.com/api/homesdata
=== 2026-09-27 17:55:01 ===
=== 2026-09-27 18:00:01 ===
Traceback (most recent call last):
  File "/home/pi/netatmo/netatmo_climate.py", line 141, in <module>
    main()
    ~~~~^^
  File "/home/pi/netatmo/netatmo_climate.py", line 134, in main
    access_token = get_access_token()
  File "/home/pi/netatmo/netatmo_climate.py", line 57, in get_access_token
    return refresh_access_token()
  File "/home/pi/netatmo/netatmo_climate.py", line 46, in refresh_access_token
    r.raise_for_status()
    ~~~~~~~~~~~~~~~~~~^^
  File "/home/pi/netatmo/venv/lib/python3.13/site-packages/requests/models.py", line 1026, in raise_for_status
    raise HTTPError(http_error_msg, response=self)
requests.exceptions.HTTPError: 503 Server Error: Service Unavailable for url: https://api.netatmo.com/oauth2/token
=== 2026-09-27 18:05:01 ===
=== 2026-09-27 18:10:01 ===
Traceback (most recent call last):
  File "/home/pi/netatmo/netatmo_climate.py", line 141, in <module>
    main()
    ~~~~^^
  File "/home/pi/netatmo/netatmo_climate.py", line 134, in main
    access_token = get_access_token()
  File "/home/pi/netatmo/netatmo_climate.py", line 57, in get_access_token
    return refresh_access_token()
  File "/home/pi/netatmo/netatmo_climate.py", line 46, in refresh_access_token
    r.raise_for_status()
    ~~~~~~~~~~~~~~~~~~^^
  File "/home/pi/netatmo/venv/lib/python3.13/site-packages/requests/models.py", line 1026, in raise_for_status
    raise HTTPError(http_error_msg, response=self)
requests.exceptions.HTTPError: 503 Server Error: Service Unavailable for url: https://api.netatmo.com/oauth2/token
=== 2026-09-27 18:15:01 ===
Traceback (most recent call last):
  File "/home/pi/netatmo/netatmo_climate.py", line 141, in <module>
    main()
    ~~~~^^
  File "/home/pi/netatmo/netatmo_climate.py", line 135, in main
    home, status = get_climate_data(access_token, HOME_ID)
                   ~~~~~~~~~~~~~~~~^^^^^^^^^^^^^^^^^^^^^^^
  File "/home/pi/netatmo/netatmo_climate.py", line 69, in get_climate_data
    r1.raise_for_status()
    ~~~~~~~~~~~~~~~~~~~^^
  File "/home/pi/netatmo/venv/lib/python3.13/site-packages/requests/models.py", line 1026, in raise_for_status
    raise HTTPError(http_error_msg, response=self)
requests.exceptions.HTTPError: 503 Server Error: Service Temporarily Unavailable for url: https://api.netatmo.com/api/homesdata
=== 2026-09-27 18:20:01 ===
=== 2026-09-27 18:25:01 ===
=== 2026-09-27 18:30:01 ===
Traceback (most recent call last):
  File "/home/pi/netatmo/netatmo_climate.py", line 141, in <module>
    main()
    ~~~~^^
  File "/home/pi/netatmo/netatmo_climate.py", line 134, in main
    access_token = get_access_token()
  File "/home/pi/netatmo/netatmo_climate.py", line 57, in get_access_token
    return refresh_access_token()
  File "/home/pi/netatmo/netatmo_climate.py", line 46, in refresh_access_token
    r.raise_for_status()
    ~~~~~~~~~~~~~~~~~~^^
  File "/home/pi/netatmo/venv/lib/python3.13/site-packages/requests/models.py", line 1026, in raise_for_status
    raise HTTPError(http_error_msg, response=self)
requests.exceptions.HTTPError: 503 Server Error: Service Unavailable for url: https://api.netatmo.com/oauth2/token
=== 2026-09-27 18:35:01 ===
=== 2026-09-27 18:40:01 ===
=== 2026-09-27 18:45:01 ===
Traceback (most recent call last):
  File "/home/pi/netatmo/netatmo_climate.py", line 141, in <module>
    main()
    ~~~~^^
  File "/home/pi/netatmo/netatmo_climate.py", line 135, in main
    home, status = get_climate_data(access_token, HOME_ID)
                   ~~~~~~~~~~~~~~~~^^^^^^^^^^^^^^^^^^^^^^^
  File "/home/pi/netatmo/netatmo_climate.py", line 69, in get_climate_data
    r1.raise_for_status()
    ~~~~~~~~~~~~~~~~~~~^^
  File "/home/pi/netatmo/venv/lib/python3.13/site-packages/requests/models.py", line 1026, in raise_for_status
    raise HTTPError(http_error_msg, response=self)
requests.exceptions.HTTPError: 503 Server Error: Service Temporarily Unavailable for url: https://api.netatmo.com/api/homesdata
=== 2026-09-27 18:50:01 ===
=== 2026-09-27 18:55:01 ===
=== 2026-09-27 19:00:02 ===
Traceback (most recent call last):
  File "/home/pi/netatmo/netatmo_climate.py", line 141, in <module>
    main()
    ~~~~^^
  File "/home/pi/netatmo/netatmo_climate.py", line 134, in main
    access_token = get_access_token()
  File "/home/pi/netatmo/netatmo_climate.py", line 57, in get_access_token
    return refresh_access_token()
  File "/home/pi/netatmo/netatmo_climate.py", line 46, in refresh_access_token
    r.raise_for_status()
    ~~~~~~~~~~~~~~~~~~^^
  File "/home/pi/netatmo/venv/lib/python3.13/site-packages/requests/models.py", line 1026, in raise_for_status
    raise HTTPError(http_error_msg, response=self)
requests.exceptions.HTTPError: 503 Server Error: Service Unavailable for url: https://api.netatmo.com/oauth2/token
=== 2026-09-27 19:05:01 ===
=== 2026-09-27 19:10:01 ===
=== 2026-09-27 19:15:01 ===
=== 2026-09-27 19:20:02 ===
Traceback (most recent call last):
  File "/home/pi/netatmo/netatmo_climate.py", line 141, in <module>
    main()
    ~~~~^^
  File "/home/pi/netatmo/netatmo_climate.py", line 134, in main
    access_token = get_access_token()
  File "/home/pi/netatmo/netatmo_climate.py", line 57, in get_access_token
    return refresh_access_token()
  File "/home/pi/netatmo/netatmo_climate.py", line 46, in refresh_access_token
    r.raise_for_status()
    ~~~~~~~~~~~~~~~~~~^^
  File "/home/pi/netatmo/venv/lib/python3.13/site-packages/requests/models.py", line 1026, in raise_for_status
    raise HTTPError(http_error_msg, response=self)
requests.exceptions.HTTPError: 503 Server Error: Service Unavailable for url: https://api.netatmo.com/oauth2/token
=== 2026-09-27 19:25:01 ===
=== 2026-09-27 19:30:02 ===
Traceback (most recent call last):
  File "/home/pi/netatmo/netatmo_climate.py", line 141, in <module>
    main()
    ~~~~^^
  File "/home/pi/netatmo/netatmo_climate.py", line 134, in main
    access_token = get_access_token()
  File "/home/pi/netatmo/netatmo_climate.py", line 57, in get_access_token
    return refresh_access_token()
  File "/home/pi/netatmo/netatmo_climate.py", line 46, in refresh_access_token
    r.raise_for_status()
    ~~~~~~~~~~~~~~~~~~^^
  File "/home/pi/netatmo/venv/lib/python3.13/site-packages/requests/models.py", line 1026, in raise_for_status
    raise HTTPError(http_error_msg, response=self)
requests.exceptions.HTTPError: 503 Server Error: Service Unavailable for url: https://api.netatmo.com/oauth2/token
=== 2026-09-27 19:35:01 ===
=== 2026-09-27 19:40:01 ===
=== 2026-09-27 19:45:01 ===
=== 2026-09-27 19:50:01 ===
=== 2026-09-27 19:55:02 ===
=== 2026-09-27 20:00:02 ===
Traceback (most recent call last):
  File "/home/pi/netatmo/netatmo_climate.py", line 141, in <module>
    main()
    ~~~~^^
  File "/home/pi/netatmo/netatmo_climate.py", line 134, in main
    access_token = get_access_token()
  File "/home/pi/netatmo/netatmo_climate.py", line 57, in get_access_token
    return refresh_access_token()
  File "/home/pi/netatmo/netatmo_climate.py", line 46, in refresh_access_token
    r.raise_for_status()
    ~~~~~~~~~~~~~~~~~~^^
  File "/home/pi/netatmo/venv/lib/python3.13/site-packages/requests/models.py", line 1026, in raise_for_status
    raise HTTPError(http_error_msg, response=self)
requests.exceptions.HTTPError: 503 Server Error: Service Unavailable for url: https://api.netatmo.com/oauth2/token
=== 2026-09-27 20:05:01 ===
=== 2026-09-27 20:10:01 ===
Traceback (most recent call last):
  File "/home/pi/netatmo/netatmo_climate.py", line 141, in <module>
    main()
    ~~~~^^
  File "/home/pi/netatmo/netatmo_climate.py", line 134, in main
    access_token = get_access_token()
  File "/home/pi/netatmo/netatmo_climate.py", line 57, in get_access_token
    return refresh_access_token()
  File "/home/pi/netatmo/netatmo_climate.py", line 46, in refresh_access_token
    r.raise_for_status()
    ~~~~~~~~~~~~~~~~~~^^
  File "/home/pi/netatmo/venv/lib/python3.13/site-packages/requests/models.py", line 1026, in raise_for_status
    raise HTTPError(http_error_msg, response=self)
requests.exceptions.HTTPError: 503 Server Error: Service Unavailable for url: https://api.netatmo.com/oauth2/token
=== 2026-09-27 20:15:01 ===
Traceback (most recent call last):
  File "/home/pi/netatmo/netatmo_climate.py", line 141, in <module>
    main()
    ~~~~^^
  File "/home/pi/netatmo/netatmo_climate.py", line 135, in main
    home, status = get_climate_data(access_token, HOME_ID)
                   ~~~~~~~~~~~~~~~~^^^^^^^^^^^^^^^^^^^^^^^
  File "/home/pi/netatmo/netatmo_climate.py", line 69, in get_climate_data
    r1.raise_for_status()
    ~~~~~~~~~~~~~~~~~~~^^
  File "/home/pi/netatmo/venv/lib/python3.13/site-packages/requests/models.py", line 1026, in raise_for_status
    raise HTTPError(http_error_msg, response=self)
requests.exceptions.HTTPError: 503 Server Error: Service Temporarily Unavailable for url: https://api.netatmo.com/api/homesdata
=== 2026-09-27 20:20:01 ===
Traceback (most recent call last):
  File "/home/pi/netatmo/netatmo_climate.py", line 141, in <module>
    main()
    ~~~~^^
  File "/home/pi/netatmo/netatmo_climate.py", line 135, in main
    home, status = get_climate_data(access_token, HOME_ID)
                   ~~~~~~~~~~~~~~~~^^^^^^^^^^^^^^^^^^^^^^^
  File "/home/pi/netatmo/netatmo_climate.py", line 69, in get_climate_data
    r1.raise_for_status()
    ~~~~~~~~~~~~~~~~~~~^^
  File "/home/pi/netatmo/venv/lib/python3.13/site-packages/requests/models.py", line 1026, in raise_for_status
    raise HTTPError(http_error_msg, response=self)
requests.exceptions.HTTPError: 503 Server Error: Service Temporarily Unavailable for url: https://api.netatmo.com/api/homesdata
=== 2026-09-27 20:25:01 ===
=== 2026-09-27 20:30:01 ===
=== 2026-09-27 20:35:01 ===
=== 2026-09-27 20:40:01 ===
=== 2026-09-27 20:45:01 ===
=== 2026-09-27 20:50:01 ===
Traceback (most recent call last):
  File "/home/pi/netatmo/netatmo_climate.py", line 141, in <module>
    main()
    ~~~~^^
  File "/home/pi/netatmo/netatmo_climate.py", line 135, in main
    home, status = get_climate_data(access_token, HOME_ID)
                   ~~~~~~~~~~~~~~~~^^^^^^^^^^^^^^^^^^^^^^^
  File "/home/pi/netatmo/netatmo_climate.py", line 69, in get_climate_data
    r1.raise_for_status()
    ~~~~~~~~~~~~~~~~~~~^^
  File "/home/pi/netatmo/venv/lib/python3.13/site-packages/requests/models.py", line 1026, in raise_for_status
    raise HTTPError(http_error_msg, response=self)
requests.exceptions.HTTPError: 503 Server Error: Service Temporarily Unavailable for url: https://api.netatmo.com/api/homesdata
=== 2026-09-27 20:55:01 ===
=== 2026-09-27 21:00:01 ===
Traceback (most recent call last):
  File "/home/pi/netatmo/netatmo_climate.py", line 141, in <module>
    main()
    ~~~~^^
  File "/home/pi/netatmo/netatmo_climate.py", line 134, in main
    access_token = get_access_token()
  File "/home/pi/netatmo/netatmo_climate.py", line 57, in get_access_token
    return refresh_access_token()
  File "/home/pi/netatmo/netatmo_climate.py", line 46, in refresh_access_token
    r.raise_for_status()
    ~~~~~~~~~~~~~~~~~~^^
  File "/home/pi/netatmo/venv/lib/python3.13/site-packages/requests/models.py", line 1026, in raise_for_status
    raise HTTPError(http_error_msg, response=self)
requests.exceptions.HTTPError: 503 Server Error: Service Unavailable for url: https://api.netatmo.com/oauth2/token
=== 2026-09-27 21:05:01 ===
Traceback (most recent call last):
  File "/home/pi/netatmo/netatmo_climate.py", line 141, in <module>
    main()
    ~~~~^^
  File "/home/pi/netatmo/netatmo_climate.py", line 135, in main
    home, status = get_climate_data(access_token, HOME_ID)
                   ~~~~~~~~~~~~~~~~^^^^^^^^^^^^^^^^^^^^^^^
  File "/home/pi/netatmo/netatmo_climate.py", line 69, in get_climate_data
    r1.raise_for_status()
    ~~~~~~~~~~~~~~~~~~~^^
  File "/home/pi/netatmo/venv/lib/python3.13/site-packages/requests/models.py", line 1026, in raise_for_status
    raise HTTPError(http_error_msg, response=self)
requests.exceptions.HTTPError: 503 Server Error: Service Temporarily Unavailable for url: https://api.netatmo.com/api/homesdata
=== 2026-09-27 21:10:01 ===
Traceback (most recent call last):
  File "/home/pi/netatmo/netatmo_climate.py", line 141, in <module>
    main()
    ~~~~^^
  File "/home/pi/netatmo/netatmo_climate.py", line 134, in main
    access_token = get_access_token()
  File "/home/pi/netatmo/netatmo_climate.py", line 57, in get_access_token
    return refresh_access_token()
  File "/home/pi/netatmo/netatmo_climate.py", line 46, in refresh_access_token
    r.raise_for_status()
    ~~~~~~~~~~~~~~~~~~^^
  File "/home/pi/netatmo/venv/lib/python3.13/site-packages/requests/models.py", line 1026, in raise_for_status
    raise HTTPError(http_error_msg, response=self)
requests.exceptions.HTTPError: 503 Server Error: Service Unavailable for url: https://api.netatmo.com/oauth2/token
=== 2026-09-27 21:15:01 ===
=== 2026-09-27 21:20:01 ===
Traceback (most recent call last):
  File "/home/pi/netatmo/netatmo_climate.py", line 141, in <module>
    main()
    ~~~~^^
  File "/home/pi/netatmo/netatmo_climate.py", line 135, in main
    home, status = get_climate_data(access_token, HOME_ID)
                   ~~~~~~~~~~~~~~~~^^^^^^^^^^^^^^^^^^^^^^^
  File "/home/pi/netatmo/netatmo_climate.py", line 69, in get_climate_data
    r1.raise_for_status()
    ~~~~~~~~~~~~~~~~~~~^^
  File "/home/pi/netatmo/venv/lib/python3.13/site-packages/requests/models.py", line 1026, in raise_for_status
    raise HTTPError(http_error_msg, response=self)
requests.exceptions.HTTPError: 503 Server Error: Service Temporarily Unavailable for url: https://api.netatmo.com/api/homesdata
=== 2026-09-27 21:25:01 ===
=== 2026-09-27 21:30:01 ===
Traceback (most recent call last):
  File "/home/pi/netatmo/netatmo_climate.py", line 141, in <module>
    main()
    ~~~~^^
  File "/home/pi/netatmo/netatmo_climate.py", line 134, in main
    access_token = get_access_token()
  File "/home/pi/netatmo/netatmo_climate.py", line 57, in get_access_token
    return refresh_access_token()
  File "/home/pi/netatmo/netatmo_climate.py", line 46, in refresh_access_token
    r.raise_for_status()
    ~~~~~~~~~~~~~~~~~~^^
  File "/home/pi/netatmo/venv/lib/python3.13/site-packages/requests/models.py", line 1026, in raise_for_status
    raise HTTPError(http_error_msg, response=self)
requests.exceptions.HTTPError: 503 Server Error: Service Unavailable for url: https://api.netatmo.com/oauth2/token
=== 2026-09-27 21:35:01 ===
=== 2026-09-27 21:40:01 ===
=== 2026-09-27 21:45:01 ===
=== 2026-09-27 21:50:01 ===
=== 2026-09-27 21:55:01 ===
=== 2026-09-27 22:00:02 ===
Traceback (most recent call last):
  File "/home/pi/netatmo/netatmo_climate.py", line 141, in <module>
    main()
    ~~~~^^
  File "/home/pi/netatmo/netatmo_climate.py", line 135, in main
    home, status = get_climate_data(access_token, HOME_ID)
                   ~~~~~~~~~~~~~~~~^^^^^^^^^^^^^^^^^^^^^^^
  File "/home/pi/netatmo/netatmo_climate.py", line 69, in get_climate_data
    r1.raise_for_status()
    ~~~~~~~~~~~~~~~~~~~^^
  File "/home/pi/netatmo/venv/lib/python3.13/site-packages/requests/models.py", line 1026, in raise_for_status
    raise HTTPError(http_error_msg, response=self)
requests.exceptions.HTTPError: 503 Server Error: Service Temporarily Unavailable for url: https://api.netatmo.com/api/homesdata
=== 2026-09-27 22:05:01 ===
=== 2026-09-27 22:10:01 ===
Traceback (most recent call last):
  File "/home/pi/netatmo/netatmo_climate.py", line 141, in <module>
    main()
    ~~~~^^
  File "/home/pi/netatmo/netatmo_climate.py", line 134, in main
    access_token = get_access_token()
  File "/home/pi/netatmo/netatmo_climate.py", line 57, in get_access_token
    return refresh_access_token()
  File "/home/pi/netatmo/netatmo_climate.py", line 46, in refresh_access_token
    r.raise_for_status()
    ~~~~~~~~~~~~~~~~~~^^
  File "/home/pi/netatmo/venv/lib/python3.13/site-packages/requests/models.py", line 1026, in raise_for_status
    raise HTTPError(http_error_msg, response=self)
requests.exceptions.HTTPError: 503 Server Error: Service Unavailable for url: https://api.netatmo.com/oauth2/token
=== 2026-09-27 22:15:02 ===
=== 2026-09-27 22:20:01 ===
=== 2026-09-27 22:25:01 ===
=== 2026-09-27 22:30:01 ===
=== 2026-09-27 22:35:01 ===
=== 2026-09-27 22:40:01 ===
Traceback (most recent call last):
  File "/home/pi/netatmo/netatmo_climate.py", line 141, in <module>
    main()
    ~~~~^^
  File "/home/pi/netatmo/netatmo_climate.py", line 134, in main
    access_token = get_access_token()
  File "/home/pi/netatmo/netatmo_climate.py", line 57, in get_access_token
    return refresh_access_token()
  File "/home/pi/netatmo/netatmo_climate.py", line 46, in refresh_access_token
    r.raise_for_status()
    ~~~~~~~~~~~~~~~~~~^^
  File "/home/pi/netatmo/venv/lib/python3.13/site-packages/requests/models.py", line 1026, in raise_for_status
    raise HTTPError(http_error_msg, response=self)
requests.exceptions.HTTPError: 503 Server Error: Service Unavailable for url: https://api.netatmo.com/oauth2/token
=== 2026-09-27 22:45:02 ===
=== 2026-09-27 22:50:01 ===
Traceback (most recent call last):
  File "/home/pi/netatmo/netatmo_climate.py", line 141, in <module>
    main()
    ~~~~^^
  File "/home/pi/netatmo/netatmo_climate.py", line 135, in main
    home, status = get_climate_data(access_token, HOME_ID)
                   ~~~~~~~~~~~~~~~~^^^^^^^^^^^^^^^^^^^^^^^
  File "/home/pi/netatmo/netatmo_climate.py", line 69, in get_climate_data
    r1.raise_for_status()
    ~~~~~~~~~~~~~~~~~~~^^
  File "/home/pi/netatmo/venv/lib/python3.13/site-packages/requests/models.py", line 1026, in raise_for_status
    raise HTTPError(http_error_msg, response=self)
requests.exceptions.HTTPError: 503 Server Error: Service Temporarily Unavailable for url: https://api.netatmo.com/api/homesdata
=== 2026-09-27 22:55:01 ===
=== 2026-09-27 23:00:01 ===
Traceback (most recent call last):
  File "/home/pi/netatmo/netatmo_climate.py", line 141, in <module>
    main()
    ~~~~^^
  File "/home/pi/netatmo/netatmo_climate.py", line 135, in main
    home, status = get_climate_data(access_token, HOME_ID)
                   ~~~~~~~~~~~~~~~~^^^^^^^^^^^^^^^^^^^^^^^
  File "/home/pi/netatmo/netatmo_climate.py", line 69, in get_climate_data
    r1.raise_for_status()
    ~~~~~~~~~~~~~~~~~~~^^
  File "/home/pi/netatmo/venv/lib/python3.13/site-packages/requests/models.py", line 1026, in raise_for_status
    raise HTTPError(http_error_msg, response=self)
requests.exceptions.HTTPError: 503 Server Error: Service Temporarily Unavailable for url: https://api.netatmo.com/api/homesdata
=== 2026-09-27 23:05:02 ===
=== 2026-09-27 23:10:01 ===
Traceback (most recent call last):
  File "/home/pi/netatmo/netatmo_climate.py", line 141, in <module>
    main()
    ~~~~^^
  File "/home/pi/netatmo/netatmo_climate.py", line 134, in main
    access_token = get_access_token()
  File "/home/pi/netatmo/netatmo_climate.py", line 57, in get_access_token
    return refresh_access_token()
  File "/home/pi/netatmo/netatmo_climate.py", line 46, in refresh_access_token
    r.raise_for_status()
    ~~~~~~~~~~~~~~~~~~^^
  File "/home/pi/netatmo/venv/lib/python3.13/site-packages/requests/models.py", line 1026, in raise_for_status
    raise HTTPError(http_error_msg, response=self)
requests.exceptions.HTTPError: 503 Server Error: Service Unavailable for url: https://api.netatmo.com/oauth2/token
=== 2026-09-27 23:15:01 ===
Traceback (most recent call last):
  File "/home/pi/netatmo/netatmo_climate.py", line 141, in <module>
    main()
    ~~~~^^
  File "/home/pi/netatmo/netatmo_climate.py", line 135, in main
    home, status = get_climate_data(access_token, HOME_ID)
                   ~~~~~~~~~~~~~~~~^^^^^^^^^^^^^^^^^^^^^^^
  File "/home/pi/netatmo/netatmo_climate.py", line 69, in get_climate_data
    r1.raise_for_status()
    ~~~~~~~~~~~~~~~~~~~^^
  File "/home/pi/netatmo/venv/lib/python3.13/site-packages/requests/models.py", line 1026, in raise_for_status
    raise HTTPError(http_error_msg, response=self)
requests.exceptions.HTTPError: 503 Server Error: Service Temporarily Unavailable for url: https://api.netatmo.com/api/homesdata
=== 2026-09-27 23:20:02 ===
=== 2026-09-27 23:25:01 ===
=== 2026-09-27 23:30:02 ===
=== 2026-09-27 23:35:01 ===
=== 2026-09-27 23:40:02 ===
Traceback (most recent call last):
  File "/home/pi/netatmo/netatmo_climate.py", line 141, in <module>
    main()
    ~~~~^^
  File "/home/pi/netatmo/netatmo_climate.py", line 134, in main
    access_token = get_access_token()
  File "/home/pi/netatmo/netatmo_climate.py", line 57, in get_access_token
    return refresh_access_token()
  File "/home/pi/netatmo/netatmo_climate.py", line 46, in refresh_access_token
    r.raise_for_status()
    ~~~~~~~~~~~~~~~~~~^^
  File "/home/pi/netatmo/venv/lib/python3.13/site-packages/requests/models.py", line 1026, in raise_for_status
    raise HTTPError(http_error_msg, response=self)
requests.exceptions.HTTPError: 503 Server Error: Service Unavailable for url: https://api.netatmo.com/oauth2/token
=== 2026-09-27 23:45:01 ===
=== 2026-09-27 23:50:01 ===
Traceback (most recent call last):
  File "/home/pi/netatmo/netatmo_climate.py", line 141, in <module>
    main()
    ~~~~^^
  File "/home/pi/netatmo/netatmo_climate.py", line 135, in main
    home, status = get_climate_data(access_token, HOME_ID)
                   ~~~~~~~~~~~~~~~~^^^^^^^^^^^^^^^^^^^^^^^
  File "/home/pi/netatmo/netatmo_climate.py", line 69, in get_climate_data
    r1.raise_for_status()
    ~~~~~~~~~~~~~~~~~~~^^
  File "/home/pi/netatmo/venv/lib/python3.13/site-packages/requests/models.py", line 1026, in raise_for_status
    raise HTTPError(http_error_msg, response=self)
requests.exceptions.HTTPError: 503 Server Error: Service Temporarily Unavailable for url: https://api.netatmo.com/api/homesdata
=== 2026-09-27 23:55:01 ===
Traceback (most recent call last):
  File "/home/pi/netatmo/netatmo_climate.py", line 141, in <module>
    main()
    ~~~~^^
  File "/home/pi/netatmo/netatmo_climate.py", line 135, in main
    home, status = get_climate_data(access_token, HOME_ID)
                   ~~~~~~~~~~~~~~~~^^^^^^^^^^^^^^^^^^^^^^^
  File "/home/pi/netatmo/netatmo_climate.py", line 69, in get_climate_data
    r1.raise_for_status()
    ~~~~~~~~~~~~~~~~~~~^^
  File "/home/pi/netatmo/venv/lib/python3.13/site-packages/requests/models.py", line 1026, in raise_for_status
    raise HTTPError(http_error_msg, response=self)
requests.exceptions.HTTPError: 503 Server Error: Service Temporarily Unavailable for url: https://api.netatmo.com/api/homesdata
=== 2026-09-28 00:00:02 ===
Traceback (most recent call last):
  File "/home/pi/netatmo/netatmo_climate.py", line 141, in <module>
    main()
    ~~~~^^
  File "/home/pi/netatmo/netatmo_climate.py", line 134, in main
    access_token = get_access_token()
  File "/home/pi/netatmo/netatmo_climate.py", line 57, in get_access_token
    return refresh_access_token()
  File "/home/pi/netatmo/netatmo_climate.py", line 46, in refresh_access_token
    r.raise_for_status()
    ~~~~~~~~~~~~~~~~~~^^
  File "/home/pi/netatmo/venv/lib/python3.13/site-packages/requests/models.py", line 1026, in raise_for_status
    raise HTTPError(http_error_msg, response=self)
requests.exceptions.HTTPError: 503 Server Error: Service Unavailable for url: https://api.netatmo.com/oauth2/token
=== 2026-09-28 00:05:01 ===
=== 2026-09-28 00:10:01 ===
Traceback (most recent call last):
  File "/home/pi/netatmo/netatmo_climate.py", line 141, in <module>
    main()
    ~~~~^^
  File "/home/pi/netatmo/netatmo_climate.py", line 135, in main
    home, status = get_climate_data(access_token, HOME_ID)
                   ~~~~~~~~~~~~~~~~^^^^^^^^^^^^^^^^^^^^^^^
  File "/home/pi/netatmo/netatmo_climate.py", line 69, in get_climate_data
    r1.raise_for_status()
    ~~~~~~~~~~~~~~~~~~~^^
  File "/home/pi/netatmo/venv/lib/python3.13/site-packages/requests/models.py", line 1026, in raise_for_status
    raise HTTPError(http_error_msg, response=self)
requests.exceptions.HTTPError: 503 Server Error: Service Temporarily Unavailable for url: https://api.netatmo.com/api/homesdata
=== 2026-09-28 00:15:01 ===
=== 2026-09-28 00:20:01 ===
Traceback (most recent call last):
  File "/home/pi/netatmo/netatmo_climate.py", line 141, in <module>
    main()
    ~~~~^^
  File "/home/pi/netatmo/netatmo_climate.py", line 135, in main
    home, status = get_climate_data(access_token, HOME_ID)
                   ~~~~~~~~~~~~~~~~^^^^^^^^^^^^^^^^^^^^^^^
  File "/home/pi/netatmo/netatmo_climate.py", line 69, in get_climate_data
    r1.raise_for_status()
    ~~~~~~~~~~~~~~~~~~~^^
  File "/home/pi/netatmo/venv/lib/python3.13/site-packages/requests/models.py", line 1026, in raise_for_status
    raise HTTPError(http_error_msg, response=self)
requests.exceptions.HTTPError: 503 Server Error: Service Temporarily Unavailable for url: https://api.netatmo.com/api/homesdata
=== 2026-09-28 00:25:01 ===
=== 2026-09-28 00:30:02 ===
Traceback (most recent call last):
  File "/home/pi/netatmo/netatmo_climate.py", line 141, in <module>
    main()
    ~~~~^^
  File "/home/pi/netatmo/netatmo_climate.py", line 134, in main
    access_token = get_access_token()
  File "/home/pi/netatmo/netatmo_climate.py", line 57, in get_access_token
    return refresh_access_token()
  File "/home/pi/netatmo/netatmo_climate.py", line 46, in refresh_access_token
    r.raise_for_status()
    ~~~~~~~~~~~~~~~~~~^^
  File "/home/pi/netatmo/venv/lib/python3.13/site-packages/requests/models.py", line 1026, in raise_for_status
    raise HTTPError(http_error_msg, response=self)
requests.exceptions.HTTPError: 503 Server Error: Service Unavailable for url: https://api.netatmo.com/oauth2/token
=== 2026-09-28 00:35:01 ===
=== 2026-09-28 00:40:01 ===
=== 2026-09-28 00:45:01 ===
Traceback (most recent call last):
  File "/home/pi/netatmo/netatmo_climate.py", line 141, in <module>
    main()
    ~~~~^^
  File "/home/pi/netatmo/netatmo_climate.py", line 135, in main
    home, status = get_climate_data(access_token, HOME_ID)
                   ~~~~~~~~~~~~~~~~^^^^^^^^^^^^^^^^^^^^^^^
  File "/home/pi/netatmo/netatmo_climate.py", line 69, in get_climate_data
    r1.raise_for_status()
    ~~~~~~~~~~~~~~~~~~~^^
  File "/home/pi/netatmo/venv/lib/python3.13/site-packages/requests/models.py", line 1026, in raise_for_status
    raise HTTPError(http_error_msg, response=self)
requests.exceptions.HTTPError: 503 Server Error: Service Temporarily Unavailable for url: https://api.netatmo.com/api/homesdata
=== 2026-09-28 00:50:01 ===
=== 2026-09-28 00:55:02 ===
Traceback (most recent call last):
  File "/home/pi/netatmo/netatmo_climate.py", line 141, in <module>
    main()
    ~~~~^^
  File "/home/pi/netatmo/netatmo_climate.py", line 135, in main
    home, status = get_climate_data(access_token, HOME_ID)
                   ~~~~~~~~~~~~~~~~^^^^^^^^^^^^^^^^^^^^^^^
  File "/home/pi/netatmo/netatmo_climate.py", line 69, in get_climate_data
    r1.raise_for_status()
    ~~~~~~~~~~~~~~~~~~~^^
  File "/home/pi/netatmo/venv/lib/python3.13/site-packages/requests/models.py", line 1026, in raise_for_status
    raise HTTPError(http_error_msg, response=self)
requests.exceptions.HTTPError: 503 Server Error: Service Temporarily Unavailable for url: https://api.netatmo.com/api/homesdata
=== 2026-09-28 01:00:02 ===
Traceback (most recent call last):
  File "/home/pi/netatmo/netatmo_climate.py", line 141, in <module>
    main()
    ~~~~^^
  File "/home/pi/netatmo/netatmo_climate.py", line 135, in main
    home, status = get_climate_data(access_token, HOME_ID)
                   ~~~~~~~~~~~~~~~~^^^^^^^^^^^^^^^^^^^^^^^
  File "/home/pi/netatmo/netatmo_climate.py", line 69, in get_climate_data
    r1.raise_for_status()
    ~~~~~~~~~~~~~~~~~~~^^
  File "/home/pi/netatmo/venv/lib/python3.13/site-packages/requests/models.py", line 1026, in raise_for_status
    raise HTTPError(http_error_msg, response=self)
requests.exceptions.HTTPError: 503 Server Error: Service Temporarily Unavailable for url: https://api.netatmo.com/api/homesdata
=== 2026-09-28 01:05:01 ===
=== 2026-09-28 01:10:01 ===
Traceback (most recent call last):
  File "/home/pi/netatmo/netatmo_climate.py", line 141, in <module>
    main()
    ~~~~^^
  File "/home/pi/netatmo/netatmo_climate.py", line 135, in main
    home, status = get_climate_data(access_token, HOME_ID)
                   ~~~~~~~~~~~~~~~~^^^^^^^^^^^^^^^^^^^^^^^
  File "/home/pi/netatmo/netatmo_climate.py", line 69, in get_climate_data
    r1.raise_for_status()
    ~~~~~~~~~~~~~~~~~~~^^
  File "/home/pi/netatmo/venv/lib/python3.13/site-packages/requests/models.py", line 1026, in raise_for_status
    raise HTTPError(http_error_msg, response=self)
requests.exceptions.HTTPError: 503 Server Error: Service Temporarily Unavailable for url: https://api.netatmo.com/api/homesdata
=== 2026-09-28 01:15:01 ===
Traceback (most recent call last):
  File "/home/pi/netatmo/netatmo_climate.py", line 141, in <module>
    main()
    ~~~~^^
  File "/home/pi/netatmo/netatmo_climate.py", line 135, in main
    home, status = get_climate_data(access_token, HOME_ID)
                   ~~~~~~~~~~~~~~~~^^^^^^^^^^^^^^^^^^^^^^^
  File "/home/pi/netatmo/netatmo_climate.py", line 69, in get_climate_data
    r1.raise_for_status()
    ~~~~~~~~~~~~~~~~~~~^^
  File "/home/pi/netatmo/venv/lib/python3.13/site-packages/requests/models.py", line 1026, in raise_for_status
    raise HTTPError(http_error_msg, response=self)
requests.exceptions.HTTPError: 503 Server Error: Service Temporarily Unavailable for url: https://api.netatmo.com/api/homesdata
=== 2026-09-28 01:20:01 ===
Traceback (most recent call last):
  File "/home/pi/netatmo/netatmo_climate.py", line 141, in <module>
    main()
    ~~~~^^
  File "/home/pi/netatmo/netatmo_climate.py", line 135, in main
    home, status = get_climate_data(access_token, HOME_ID)
                   ~~~~~~~~~~~~~~~~^^^^^^^^^^^^^^^^^^^^^^^
  File "/home/pi/netatmo/netatmo_climate.py", line 69, in get_climate_data
    r1.raise_for_status()
    ~~~~~~~~~~~~~~~~~~~^^
  File "/home/pi/netatmo/venv/lib/python3.13/site-packages/requests/models.py", line 1026, in raise_for_status
    raise HTTPError(http_error_msg, response=self)
requests.exceptions.HTTPError: 503 Server Error: Service Temporarily Unavailable for url: https://api.netatmo.com/api/homesdata
=== 2026-09-28 01:25:01 ===
=== 2026-09-28 01:30:01 ===
Traceback (most recent call last):
  File "/home/pi/netatmo/netatmo_climate.py", line 141, in <module>
    main()
    ~~~~^^
  File "/home/pi/netatmo/netatmo_climate.py", line 135, in main
    home, status = get_climate_data(access_token, HOME_ID)
                   ~~~~~~~~~~~~~~~~^^^^^^^^^^^^^^^^^^^^^^^
  File "/home/pi/netatmo/netatmo_climate.py", line 69, in get_climate_data
    r1.raise_for_status()
    ~~~~~~~~~~~~~~~~~~~^^
  File "/home/pi/netatmo/venv/lib/python3.13/site-packages/requests/models.py", line 1026, in raise_for_status
    raise HTTPError(http_error_msg, response=self)
requests.exceptions.HTTPError: 503 Server Error: Service Temporarily Unavailable for url: https://api.netatmo.com/api/homesdata
=== 2026-09-28 01:35:01 ===
=== 2026-09-28 01:40:01 ===
Traceback (most recent call last):
  File "/home/pi/netatmo/netatmo_climate.py", line 141, in <module>
    main()
    ~~~~^^
  File "/home/pi/netatmo/netatmo_climate.py", line 135, in main
    home, status = get_climate_data(access_token, HOME_ID)
                   ~~~~~~~~~~~~~~~~^^^^^^^^^^^^^^^^^^^^^^^
  File "/home/pi/netatmo/netatmo_climate.py", line 69, in get_climate_data
    r1.raise_for_status()
    ~~~~~~~~~~~~~~~~~~~^^
  File "/home/pi/netatmo/venv/lib/python3.13/site-packages/requests/models.py", line 1026, in raise_for_status
    raise HTTPError(http_error_msg, response=self)
requests.exceptions.HTTPError: 503 Server Error: Service Temporarily Unavailable for url: https://api.netatmo.com/api/homesdata
=== 2026-09-28 01:45:01 ===
Traceback (most recent call last):
  File "/home/pi/netatmo/netatmo_climate.py", line 141, in <module>
    main()
    ~~~~^^
  File "/home/pi/netatmo/netatmo_climate.py", line 135, in main
    home, status = get_climate_data(access_token, HOME_ID)
                   ~~~~~~~~~~~~~~~~^^^^^^^^^^^^^^^^^^^^^^^
  File "/home/pi/netatmo/netatmo_climate.py", line 69, in get_climate_data
    r1.raise_for_status()
    ~~~~~~~~~~~~~~~~~~~^^
  File "/home/pi/netatmo/venv/lib/python3.13/site-packages/requests/models.py", line 1026, in raise_for_status
    raise HTTPError(http_error_msg, response=self)
requests.exceptions.HTTPError: 503 Server Error: Service Temporarily Unavailable for url: https://api.netatmo.com/api/homesdata
=== 2026-09-28 01:50:01 ===
=== 2026-09-28 01:55:02 ===
Traceback (most recent call last):
  File "/home/pi/netatmo/netatmo_climate.py", line 141, in <module>
    main()
    ~~~~^^
  File "/home/pi/netatmo/netatmo_climate.py", line 135, in main
    home, status = get_climate_data(access_token, HOME_ID)
                   ~~~~~~~~~~~~~~~~^^^^^^^^^^^^^^^^^^^^^^^
  File "/home/pi/netatmo/netatmo_climate.py", line 69, in get_climate_data
    r1.raise_for_status()
    ~~~~~~~~~~~~~~~~~~~^^
  File "/home/pi/netatmo/venv/lib/python3.13/site-packages/requests/models.py", line 1026, in raise_for_status
    raise HTTPError(http_error_msg, response=self)
requests.exceptions.HTTPError: 503 Server Error: Service Temporarily Unavailable for url: https://api.netatmo.com/api/homesdata
=== 2026-09-28 02:00:01 ===
Traceback (most recent call last):
  File "/home/pi/netatmo/netatmo_climate.py", line 141, in <module>
    main()
    ~~~~^^
  File "/home/pi/netatmo/netatmo_climate.py", line 134, in main
    access_token = get_access_token()
  File "/home/pi/netatmo/netatmo_climate.py", line 57, in get_access_token
    return refresh_access_token()
  File "/home/pi/netatmo/netatmo_climate.py", line 46, in refresh_access_token
    r.raise_for_status()
    ~~~~~~~~~~~~~~~~~~^^
  File "/home/pi/netatmo/venv/lib/python3.13/site-packages/requests/models.py", line 1026, in raise_for_status
    raise HTTPError(http_error_msg, response=self)
requests.exceptions.HTTPError: 503 Server Error: Service Unavailable for url: https://api.netatmo.com/oauth2/token
=== 2026-09-28 02:05:01 ===
=== 2026-09-28 02:10:01 ===
Traceback (most recent call last):
  File "/home/pi/netatmo/netatmo_climate.py", line 141, in <module>
    main()
    ~~~~^^
  File "/home/pi/netatmo/netatmo_climate.py", line 134, in main
    access_token = get_access_token()
  File "/home/pi/netatmo/netatmo_climate.py", line 57, in get_access_token
    return refresh_access_token()
  File "/home/pi/netatmo/netatmo_climate.py", line 46, in refresh_access_token
    r.raise_for_status()
    ~~~~~~~~~~~~~~~~~~^^
  File "/home/pi/netatmo/venv/lib/python3.13/site-packages/requests/models.py", line 1026, in raise_for_status
    raise HTTPError(http_error_msg, response=self)
requests.exceptions.HTTPError: 503 Server Error: Service Unavailable for url: https://api.netatmo.com/oauth2/token
=== 2026-09-28 02:15:01 ===
=== 2026-09-28 02:20:01 ===
=== 2026-09-28 02:25:01 ===
=== 2026-09-28 02:30:01 ===
Traceback (most recent call last):
  File "/home/pi/netatmo/netatmo_climate.py", line 141, in <module>
    main()
    ~~~~^^
  File "/home/pi/netatmo/netatmo_climate.py", line 134, in main
    access_token = get_access_token()
  File "/home/pi/netatmo/netatmo_climate.py", line 57, in get_access_token
    return refresh_access_token()
  File "/home/pi/netatmo/netatmo_climate.py", line 46, in refresh_access_token
    r.raise_for_status()
    ~~~~~~~~~~~~~~~~~~^^
  File "/home/pi/netatmo/venv/lib/python3.13/site-packages/requests/models.py", line 1026, in raise_for_status
    raise HTTPError(http_error_msg, response=self)
requests.exceptions.HTTPError: 503 Server Error: Service Unavailable for url: https://api.netatmo.com/oauth2/token
=== 2026-09-28 02:35:01 ===
=== 2026-09-28 02:40:01 ===
Traceback (most recent call last):
  File "/home/pi/netatmo/netatmo_climate.py", line 141, in <module>
    main()
    ~~~~^^
  File "/home/pi/netatmo/netatmo_climate.py", line 135, in main
    home, status = get_climate_data(access_token, HOME_ID)
                   ~~~~~~~~~~~~~~~~^^^^^^^^^^^^^^^^^^^^^^^
  File "/home/pi/netatmo/netatmo_climate.py", line 69, in get_climate_data
    r1.raise_for_status()
    ~~~~~~~~~~~~~~~~~~~^^
  File "/home/pi/netatmo/venv/lib/python3.13/site-packages/requests/models.py", line 1026, in raise_for_status
    raise HTTPError(http_error_msg, response=self)
requests.exceptions.HTTPError: 503 Server Error: Service Temporarily Unavailable for url: https://api.netatmo.com/api/homesdata
=== 2026-09-28 02:45:01 ===
Traceback (most recent call last):
  File "/home/pi/netatmo/netatmo_climate.py", line 141, in <module>
    main()
    ~~~~^^
  File "/home/pi/netatmo/netatmo_climate.py", line 135, in main
    home, status = get_climate_data(access_token, HOME_ID)
                   ~~~~~~~~~~~~~~~~^^^^^^^^^^^^^^^^^^^^^^^
  File "/home/pi/netatmo/netatmo_climate.py", line 69, in get_climate_data
    r1.raise_for_status()
    ~~~~~~~~~~~~~~~~~~~^^
  File "/home/pi/netatmo/venv/lib/python3.13/site-packages/requests/models.py", line 1026, in raise_for_status
    raise HTTPError(http_error_msg, response=self)
requests.exceptions.HTTPError: 503 Server Error: Service Temporarily Unavailable for url: https://api.netatmo.com/api/homesdata
=== 2026-09-28 02:50:01 ===
=== 2026-09-28 02:55:01 ===
=== 2026-09-28 03:00:01 ===
Traceback (most recent call last):
  File "/home/pi/netatmo/netatmo_climate.py", line 141, in <module>
    main()
    ~~~~^^
  File "/home/pi/netatmo/netatmo_climate.py", line 134, in main
    access_token = get_access_token()
  File "/home/pi/netatmo/netatmo_climate.py", line 57, in get_access_token
    return refresh_access_token()
  File "/home/pi/netatmo/netatmo_climate.py", line 46, in refresh_access_token
    r.raise_for_status()
    ~~~~~~~~~~~~~~~~~~^^
  File "/home/pi/netatmo/venv/lib/python3.13/site-packages/requests/models.py", line 1026, in raise_for_status
    raise HTTPError(http_error_msg, response=self)
requests.exceptions.HTTPError: 503 Server Error: Service Unavailable for url: https://api.netatmo.com/oauth2/token
=== 2026-09-28 03:05:01 ===
=== 2026-09-28 03:10:02 ===
Traceback (most recent call last):
  File "/home/pi/netatmo/netatmo_climate.py", line 141, in <module>
    main()
    ~~~~^^
  File "/home/pi/netatmo/netatmo_climate.py", line 134, in main
    access_token = get_access_token()
  File "/home/pi/netatmo/netatmo_climate.py", line 57, in get_access_token
    return refresh_access_token()
  File "/home/pi/netatmo/netatmo_climate.py", line 46, in refresh_access_token
    r.raise_for_status()
    ~~~~~~~~~~~~~~~~~~^^
  File "/home/pi/netatmo/venv/lib/python3.13/site-packages/requests/models.py", line 1026, in raise_for_status
    raise HTTPError(http_error_msg, response=self)
requests.exceptions.HTTPError: 503 Server Error: Service Unavailable for url: https://api.netatmo.com/oauth2/token
=== 2026-09-28 03:15:01 ===
=== 2026-09-28 03:20:01 ===
Traceback (most recent call last):
  File "/home/pi/netatmo/netatmo_climate.py", line 141, in <module>
    main()
    ~~~~^^
  File "/home/pi/netatmo/netatmo_climate.py", line 135, in main
    home, status = get_climate_data(access_token, HOME_ID)
                   ~~~~~~~~~~~~~~~~^^^^^^^^^^^^^^^^^^^^^^^
  File "/home/pi/netatmo/netatmo_climate.py", line 69, in get_climate_data
    r1.raise_for_status()
    ~~~~~~~~~~~~~~~~~~~^^
  File "/home/pi/netatmo/venv/lib/python3.13/site-packages/requests/models.py", line 1026, in raise_for_status
    raise HTTPError(http_error_msg, response=self)
requests.exceptions.HTTPError: 503 Server Error: Service Temporarily Unavailable for url: https://api.netatmo.com/api/homesdata
=== 2026-09-28 03:25:01 ===
=== 2026-09-28 03:30:01 ===
=== 2026-09-28 03:35:01 ===
Traceback (most recent call last):
  File "/home/pi/netatmo/netatmo_climate.py", line 141, in <module>
    main()
    ~~~~^^
  File "/home/pi/netatmo/netatmo_climate.py", line 135, in main
    home, status = get_climate_data(access_token, HOME_ID)
                   ~~~~~~~~~~~~~~~~^^^^^^^^^^^^^^^^^^^^^^^
  File "/home/pi/netatmo/netatmo_climate.py", line 69, in get_climate_data
    r1.raise_for_status()
    ~~~~~~~~~~~~~~~~~~~^^
  File "/home/pi/netatmo/venv/lib/python3.13/site-packages/requests/models.py", line 1026, in raise_for_status
    raise HTTPError(http_error_msg, response=self)
requests.exceptions.HTTPError: 503 Server Error: Service Temporarily Unavailable for url: https://api.netatmo.com/api/homesdata
=== 2026-09-28 03:40:01 ===
Traceback (most recent call last):
  File "/home/pi/netatmo/netatmo_climate.py", line 141, in <module>
    main()
    ~~~~^^
  File "/home/pi/netatmo/netatmo_climate.py", line 134, in main
    access_token = get_access_token()
  File "/home/pi/netatmo/netatmo_climate.py", line 57, in get_access_token
    return refresh_access_token()
  File "/home/pi/netatmo/netatmo_climate.py", line 46, in refresh_access_token
    r.raise_for_status()
    ~~~~~~~~~~~~~~~~~~^^
  File "/home/pi/netatmo/venv/lib/python3.13/site-packages/requests/models.py", line 1026, in raise_for_status
    raise HTTPError(http_error_msg, response=self)
requests.exceptions.HTTPError: 503 Server Error: Service Unavailable for url: https://api.netatmo.com/oauth2/token
=== 2026-09-28 03:45:02 ===
Traceback (most recent call last):
  File "/home/pi/netatmo/netatmo_climate.py", line 141, in <module>
    main()
    ~~~~^^
  File "/home/pi/netatmo/netatmo_climate.py", line 135, in main
    home, status = get_climate_data(access_token, HOME_ID)
                   ~~~~~~~~~~~~~~~~^^^^^^^^^^^^^^^^^^^^^^^
  File "/home/pi/netatmo/netatmo_climate.py", line 69, in get_climate_data
    r1.raise_for_status()
    ~~~~~~~~~~~~~~~~~~~^^
  File "/home/pi/netatmo/venv/lib/python3.13/site-packages/requests/models.py", line 1026, in raise_for_status
    raise HTTPError(http_error_msg, response=self)
requests.exceptions.HTTPError: 503 Server Error: Service Temporarily Unavailable for url: https://api.netatmo.com/api/homesdata
=== 2026-09-28 03:50:01 ===
Traceback (most recent call last):
  File "/home/pi/netatmo/netatmo_climate.py", line 141, in <module>
    main()
    ~~~~^^
  File "/home/pi/netatmo/netatmo_climate.py", line 135, in main
    home, status = get_climate_data(access_token, HOME_ID)
                   ~~~~~~~~~~~~~~~~^^^^^^^^^^^^^^^^^^^^^^^
  File "/home/pi/netatmo/netatmo_climate.py", line 69, in get_climate_data
    r1.raise_for_status()
    ~~~~~~~~~~~~~~~~~~~^^
  File "/home/pi/netatmo/venv/lib/python3.13/site-packages/requests/models.py", line 1026, in raise_for_status
    raise HTTPError(http_error_msg, response=self)
requests.exceptions.HTTPError: 503 Server Error: Service Temporarily Unavailable for url: https://api.netatmo.com/api/homesdata
=== 2026-09-28 03:55:01 ===
=== 2026-09-28 04:00:01 ===
Traceback (most recent call last):
  File "/home/pi/netatmo/netatmo_climate.py", line 141, in <module>
    main()
    ~~~~^^
  File "/home/pi/netatmo/netatmo_climate.py", line 134, in main
    access_token = get_access_token()
  File "/home/pi/netatmo/netatmo_climate.py", line 57, in get_access_token
    return refresh_access_token()
  File "/home/pi/netatmo/netatmo_climate.py", line 46, in refresh_access_token
    r.raise_for_status()
    ~~~~~~~~~~~~~~~~~~^^
  File "/home/pi/netatmo/venv/lib/python3.13/site-packages/requests/models.py", line 1026, in raise_for_status
    raise HTTPError(http_error_msg, response=self)
requests.exceptions.HTTPError: 503 Server Error: Service Unavailable for url: https://api.netatmo.com/oauth2/token
=== 2026-09-28 04:05:01 ===
=== 2026-09-28 04:10:02 ===
Traceback (most recent call last):
  File "/home/pi/netatmo/netatmo_climate.py", line 141, in <module>
    main()
    ~~~~^^
  File "/home/pi/netatmo/netatmo_climate.py", line 134, in main
    access_token = get_access_token()
  File "/home/pi/netatmo/netatmo_climate.py", line 57, in get_access_token
    return refresh_access_token()
  File "/home/pi/netatmo/netatmo_climate.py", line 46, in refresh_access_token
    r.raise_for_status()
    ~~~~~~~~~~~~~~~~~~^^
  File "/home/pi/netatmo/venv/lib/python3.13/site-packages/requests/models.py", line 1026, in raise_for_status
    raise HTTPError(http_error_msg, response=self)
requests.exceptions.HTTPError: 503 Server Error: Service Unavailable for url: https://api.netatmo.com/oauth2/token
=== 2026-09-28 04:15:01 ===
=== 2026-09-28 04:20:02 ===
=== 2026-09-28 04:25:01 ===
=== 2026-09-28 04:30:02 ===
Traceback (most recent call last):
  File "/home/pi/netatmo/netatmo_climate.py", line 141, in <module>
    main()
    ~~~~^^
  File "/home/pi/netatmo/netatmo_climate.py", line 135, in main
    home, status = get_climate_data(access_token, HOME_ID)
                   ~~~~~~~~~~~~~~~~^^^^^^^^^^^^^^^^^^^^^^^
  File "/home/pi/netatmo/netatmo_climate.py", line 69, in get_climate_data
    r1.raise_for_status()
    ~~~~~~~~~~~~~~~~~~~^^
  File "/home/pi/netatmo/venv/lib/python3.13/site-packages/requests/models.py", line 1026, in raise_for_status
    raise HTTPError(http_error_msg, response=self)
requests.exceptions.HTTPError: 503 Server Error: Service Temporarily Unavailable for url: https://api.netatmo.com/api/homesdata
=== 2026-09-28 04:35:01 ===
Traceback (most recent call last):
  File "/home/pi/netatmo/netatmo_climate.py", line 141, in <module>
    main()
    ~~~~^^
  File "/home/pi/netatmo/netatmo_climate.py", line 135, in main
    home, status = get_climate_data(access_token, HOME_ID)
                   ~~~~~~~~~~~~~~~~^^^^^^^^^^^^^^^^^^^^^^^
  File "/home/pi/netatmo/netatmo_climate.py", line 69, in get_climate_data
    r1.raise_for_status()
    ~~~~~~~~~~~~~~~~~~~^^
  File "/home/pi/netatmo/venv/lib/python3.13/site-packages/requests/models.py", line 1026, in raise_for_status
    raise HTTPError(http_error_msg, response=self)
requests.exceptions.HTTPError: 503 Server Error: Service Temporarily Unavailable for url: https://api.netatmo.com/api/homesdata
=== 2026-09-28 04:40:01 ===
Traceback (most recent call last):
  File "/home/pi/netatmo/netatmo_climate.py", line 141, in <module>
    main()
    ~~~~^^
  File "/home/pi/netatmo/netatmo_climate.py", line 135, in main
    home, status = get_climate_data(access_token, HOME_ID)
                   ~~~~~~~~~~~~~~~~^^^^^^^^^^^^^^^^^^^^^^^
  File "/home/pi/netatmo/netatmo_climate.py", line 69, in get_climate_data
    r1.raise_for_status()
    ~~~~~~~~~~~~~~~~~~~^^
  File "/home/pi/netatmo/venv/lib/python3.13/site-packages/requests/models.py", line 1026, in raise_for_status
    raise HTTPError(http_error_msg, response=self)
requests.exceptions.HTTPError: 503 Server Error: Service Temporarily Unavailable for url: https://api.netatmo.com/api/homesdata
=== 2026-09-28 04:45:01 ===
=== 2026-09-28 04:50:01 ===
=== 2026-09-28 04:55:01 ===
=== 2026-09-28 05:00:01 ===
Traceback (most recent call last):
  File "/home/pi/netatmo/netatmo_climate.py", line 141, in <module>
    main()
    ~~~~^^
  File "/home/pi/netatmo/netatmo_climate.py", line 134, in main
    access_token = get_access_token()
  File "/home/pi/netatmo/netatmo_climate.py", line 57, in get_access_token
    return refresh_access_token()
  File "/home/pi/netatmo/netatmo_climate.py", line 46, in refresh_access_token
    r.raise_for_status()
    ~~~~~~~~~~~~~~~~~~^^
  File "/home/pi/netatmo/venv/lib/python3.13/site-packages/requests/models.py", line 1026, in raise_for_status
    raise HTTPError(http_error_msg, response=self)
requests.exceptions.HTTPError: 503 Server Error: Service Unavailable for url: https://api.netatmo.com/oauth2/token
=== 2026-09-28 05:05:01 ===
=== 2026-09-28 05:10:01 ===
Traceback (most recent call last):
  File "/home/pi/netatmo/netatmo_climate.py", line 141, in <module>
    main()
    ~~~~^^
  File "/home/pi/netatmo/netatmo_climate.py", line 134, in main
    access_token = get_access_token()
  File "/home/pi/netatmo/netatmo_climate.py", line 57, in get_access_token
    return refresh_access_token()
  File "/home/pi/netatmo/netatmo_climate.py", line 46, in refresh_access_token
    r.raise_for_status()
    ~~~~~~~~~~~~~~~~~~^^
  File "/home/pi/netatmo/venv/lib/python3.13/site-packages/requests/models.py", line 1026, in raise_for_status
    raise HTTPError(http_error_msg, response=self)
requests.exceptions.HTTPError: 503 Server Error: Service Unavailable for url: https://api.netatmo.com/oauth2/token
=== 2026-09-28 05:15:01 ===
Traceback (most recent call last):
  File "/home/pi/netatmo/netatmo_climate.py", line 141, in <module>
    main()
    ~~~~^^
  File "/home/pi/netatmo/netatmo_climate.py", line 135, in main
    home, status = get_climate_data(access_token, HOME_ID)
                   ~~~~~~~~~~~~~~~~^^^^^^^^^^^^^^^^^^^^^^^
  File "/home/pi/netatmo/netatmo_climate.py", line 69, in get_climate_data
    r1.raise_for_status()
    ~~~~~~~~~~~~~~~~~~~^^
  File "/home/pi/netatmo/venv/lib/python3.13/site-packages/requests/models.py", line 1026, in raise_for_status
    raise HTTPError(http_error_msg, response=self)
requests.exceptions.HTTPError: 503 Server Error: Service Temporarily Unavailable for url: https://api.netatmo.com/api/homesdata
=== 2026-09-28 05:20:01 ===
Traceback (most recent call last):
  File "/home/pi/netatmo/netatmo_climate.py", line 141, in <module>
    main()
    ~~~~^^
  File "/home/pi/netatmo/netatmo_climate.py", line 135, in main
    home, status = get_climate_data(access_token, HOME_ID)
                   ~~~~~~~~~~~~~~~~^^^^^^^^^^^^^^^^^^^^^^^
  File "/home/pi/netatmo/netatmo_climate.py", line 69, in get_climate_data
    r1.raise_for_status()
    ~~~~~~~~~~~~~~~~~~~^^
  File "/home/pi/netatmo/venv/lib/python3.13/site-packages/requests/models.py", line 1026, in raise_for_status
    raise HTTPError(http_error_msg, response=self)
requests.exceptions.HTTPError: 503 Server Error: Service Temporarily Unavailable for url: https://api.netatmo.com/api/homesdata
=== 2026-09-28 05:25:01 ===
=== 2026-09-28 05:30:02 ===
Traceback (most recent call last):
  File "/home/pi/netatmo/netatmo_climate.py", line 141, in <module>
    main()
    ~~~~^^
  File "/home/pi/netatmo/netatmo_climate.py", line 134, in main
    access_token = get_access_token()
  File "/home/pi/netatmo/netatmo_climate.py", line 57, in get_access_token
    return refresh_access_token()
  File "/home/pi/netatmo/netatmo_climate.py", line 46, in refresh_access_token
    r.raise_for_status()
    ~~~~~~~~~~~~~~~~~~^^
  File "/home/pi/netatmo/venv/lib/python3.13/site-packages/requests/models.py", line 1026, in raise_for_status
    raise HTTPError(http_error_msg, response=self)
requests.exceptions.HTTPError: 503 Server Error: Service Unavailable for url: https://api.netatmo.com/oauth2/token
=== 2026-09-28 05:35:01 ===
=== 2026-09-28 05:40:01 ===
Traceback (most recent call last):
  File "/home/pi/netatmo/netatmo_climate.py", line 141, in <module>
    main()
    ~~~~^^
  File "/home/pi/netatmo/netatmo_climate.py", line 134, in main
    access_token = get_access_token()
  File "/home/pi/netatmo/netatmo_climate.py", line 57, in get_access_token
    return refresh_access_token()
  File "/home/pi/netatmo/netatmo_climate.py", line 46, in refresh_access_token
    r.raise_for_status()
    ~~~~~~~~~~~~~~~~~~^^
  File "/home/pi/netatmo/venv/lib/python3.13/site-packages/requests/models.py", line 1026, in raise_for_status
    raise HTTPError(http_error_msg, response=self)
requests.exceptions.HTTPError: 503 Server Error: Service Unavailable for url: https://api.netatmo.com/oauth2/token
=== 2026-09-28 05:45:01 ===
Traceback (most recent call last):
  File "/home/pi/netatmo/netatmo_climate.py", line 141, in <module>
    main()
    ~~~~^^
  File "/home/pi/netatmo/netatmo_climate.py", line 135, in main
    home, status = get_climate_data(access_token, HOME_ID)
                   ~~~~~~~~~~~~~~~~^^^^^^^^^^^^^^^^^^^^^^^
  File "/home/pi/netatmo/netatmo_climate.py", line 69, in get_climate_data
    r1.raise_for_status()
    ~~~~~~~~~~~~~~~~~~~^^
  File "/home/pi/netatmo/venv/lib/python3.13/site-packages/requests/models.py", line 1026, in raise_for_status
    raise HTTPError(http_error_msg, response=self)
requests.exceptions.HTTPError: 503 Server Error: Service Temporarily Unavailable for url: https://api.netatmo.com/api/homesdata
=== 2026-09-28 05:50:01 ===
=== 2026-09-28 05:55:01 ===
=== 2026-09-28 06:00:01 ===
Traceback (most recent call last):
  File "/home/pi/netatmo/netatmo_climate.py", line 141, in <module>
    main()
    ~~~~^^
  File "/home/pi/netatmo/netatmo_climate.py", line 134, in main
    access_token = get_access_token()
  File "/home/pi/netatmo/netatmo_climate.py", line 57, in get_access_token
    return refresh_access_token()
  File "/home/pi/netatmo/netatmo_climate.py", line 46, in refresh_access_token
    r.raise_for_status()
    ~~~~~~~~~~~~~~~~~~^^
  File "/home/pi/netatmo/venv/lib/python3.13/site-packages/requests/models.py", line 1026, in raise_for_status
    raise HTTPError(http_error_msg, response=self)
requests.exceptions.HTTPError: 503 Server Error: Service Unavailable for url: https://api.netatmo.com/oauth2/token
=== 2026-09-28 06:05:01 ===
=== 2026-09-28 06:10:01 ===
=== 2026-09-28 06:15:01 ===
=== 2026-09-28 06:20:01 ===
=== 2026-09-28 06:25:01 ===
=== 2026-09-28 06:30:01 ===
=== 2026-09-28 06:35:01 ===
=== 2026-09-28 06:40:01 ===
Traceback (most recent call last):
  File "/home/pi/netatmo/netatmo_climate.py", line 141, in <module>
    main()
    ~~~~^^
  File "/home/pi/netatmo/netatmo_climate.py", line 134, in main
    access_token = get_access_token()
  File "/home/pi/netatmo/netatmo_climate.py", line 57, in get_access_token
    return refresh_access_token()
  File "/home/pi/netatmo/netatmo_climate.py", line 46, in refresh_access_token
    r.raise_for_status()
    ~~~~~~~~~~~~~~~~~~^^
  File "/home/pi/netatmo/venv/lib/python3.13/site-packages/requests/models.py", line 1026, in raise_for_status
    raise HTTPError(http_error_msg, response=self)
requests.exceptions.HTTPError: 503 Server Error: Service Unavailable for url: https://api.netatmo.com/oauth2/token
=== 2026-09-28 06:45:01 ===
=== 2026-09-28 06:50:01 ===
Traceback (most recent call last):
  File "/home/pi/netatmo/netatmo_climate.py", line 141, in <module>
    main()
    ~~~~^^
  File "/home/pi/netatmo/netatmo_climate.py", line 135, in main
    home, status = get_climate_data(access_token, HOME_ID)
                   ~~~~~~~~~~~~~~~~^^^^^^^^^^^^^^^^^^^^^^^
  File "/home/pi/netatmo/netatmo_climate.py", line 69, in get_climate_data
    r1.raise_for_status()
    ~~~~~~~~~~~~~~~~~~~^^
  File "/home/pi/netatmo/venv/lib/python3.13/site-packages/requests/models.py", line 1026, in raise_for_status
    raise HTTPError(http_error_msg, response=self)
requests.exceptions.HTTPError: 503 Server Error: Service Temporarily Unavailable for url: https://api.netatmo.com/api/homesdata
=== 2026-09-28 06:55:01 ===
Traceback (most recent call last):
  File "/home/pi/netatmo/netatmo_climate.py", line 141, in <module>
    main()
    ~~~~^^
  File "/home/pi/netatmo/netatmo_climate.py", line 135, in main
    home, status = get_climate_data(access_token, HOME_ID)
                   ~~~~~~~~~~~~~~~~^^^^^^^^^^^^^^^^^^^^^^^
  File "/home/pi/netatmo/netatmo_climate.py", line 69, in get_climate_data
    r1.raise_for_status()
    ~~~~~~~~~~~~~~~~~~~^^
  File "/home/pi/netatmo/venv/lib/python3.13/site-packages/requests/models.py", line 1026, in raise_for_status
    raise HTTPError(http_error_msg, response=self)
requests.exceptions.HTTPError: 503 Server Error: Service Temporarily Unavailable for url: https://api.netatmo.com/api/homesdata
=== 2026-09-28 07:00:02 ===
Traceback (most recent call last):
  File "/home/pi/netatmo/netatmo_climate.py", line 141, in <module>
    main()
    ~~~~^^
  File "/home/pi/netatmo/netatmo_climate.py", line 134, in main
    access_token = get_access_token()
  File "/home/pi/netatmo/netatmo_climate.py", line 57, in get_access_token
    return refresh_access_token()
  File "/home/pi/netatmo/netatmo_climate.py", line 46, in refresh_access_token
    r.raise_for_status()
    ~~~~~~~~~~~~~~~~~~^^
  File "/home/pi/netatmo/venv/lib/python3.13/site-packages/requests/models.py", line 1026, in raise_for_status
    raise HTTPError(http_error_msg, response=self)
requests.exceptions.HTTPError: 503 Server Error: Service Unavailable for url: https://api.netatmo.com/oauth2/token
=== 2026-09-28 07:05:01 ===
Traceback (most recent call last):
  File "/home/pi/netatmo/netatmo_climate.py", line 141, in <module>
    main()
    ~~~~^^
  File "/home/pi/netatmo/netatmo_climate.py", line 135, in main
    home, status = get_climate_data(access_token, HOME_ID)
                   ~~~~~~~~~~~~~~~~^^^^^^^^^^^^^^^^^^^^^^^
  File "/home/pi/netatmo/netatmo_climate.py", line 69, in get_climate_data
    r1.raise_for_status()
    ~~~~~~~~~~~~~~~~~~~^^
  File "/home/pi/netatmo/venv/lib/python3.13/site-packages/requests/models.py", line 1026, in raise_for_status
    raise HTTPError(http_error_msg, response=self)
requests.exceptions.HTTPError: 503 Server Error: Service Temporarily Unavailable for url: https://api.netatmo.com/api/homesdata
=== 2026-09-28 07:10:02 ===
=== 2026-09-28 07:15:01 ===
Traceback (most recent call last):
  File "/home/pi/netatmo/netatmo_climate.py", line 141, in <module>
    main()
    ~~~~^^
  File "/home/pi/netatmo/netatmo_climate.py", line 135, in main
    home, status = get_climate_data(access_token, HOME_ID)
                   ~~~~~~~~~~~~~~~~^^^^^^^^^^^^^^^^^^^^^^^
  File "/home/pi/netatmo/netatmo_climate.py", line 69, in get_climate_data
    r1.raise_for_status()
    ~~~~~~~~~~~~~~~~~~~^^
  File "/home/pi/netatmo/venv/lib/python3.13/site-packages/requests/models.py", line 1026, in raise_for_status
    raise HTTPError(http_error_msg, response=self)
requests.exceptions.HTTPError: 503 Server Error: Service Temporarily Unavailable for url: https://api.netatmo.com/api/homesdata
=== 2026-09-28 07:20:01 ===
Traceback (most recent call last):
  File "/home/pi/netatmo/netatmo_climate.py", line 141, in <module>
    main()
    ~~~~^^
  File "/home/pi/netatmo/netatmo_climate.py", line 135, in main
    home, status = get_climate_data(access_token, HOME_ID)
                   ~~~~~~~~~~~~~~~~^^^^^^^^^^^^^^^^^^^^^^^
  File "/home/pi/netatmo/netatmo_climate.py", line 69, in get_climate_data
    r1.raise_for_status()
    ~~~~~~~~~~~~~~~~~~~^^
  File "/home/pi/netatmo/venv/lib/python3.13/site-packages/requests/models.py", line 1026, in raise_for_status
    raise HTTPError(http_error_msg, response=self)
requests.exceptions.HTTPError: 503 Server Error: Service Temporarily Unavailable for url: https://api.netatmo.com/api/homesdata
=== 2026-09-28 07:25:01 ===
=== 2026-09-28 07:30:01 ===
Traceback (most recent call last):
  File "/home/pi/netatmo/netatmo_climate.py", line 141, in <module>
    main()
    ~~~~^^
  File "/home/pi/netatmo/netatmo_climate.py", line 135, in main
    home, status = get_climate_data(access_token, HOME_ID)
                   ~~~~~~~~~~~~~~~~^^^^^^^^^^^^^^^^^^^^^^^
  File "/home/pi/netatmo/netatmo_climate.py", line 69, in get_climate_data
    r1.raise_for_status()
    ~~~~~~~~~~~~~~~~~~~^^
  File "/home/pi/netatmo/venv/lib/python3.13/site-packages/requests/models.py", line 1026, in raise_for_status
    raise HTTPError(http_error_msg, response=self)
requests.exceptions.HTTPError: 503 Server Error: Service Temporarily Unavailable for url: https://api.netatmo.com/api/homesdata
=== 2026-09-28 07:35:01 ===
=== 2026-09-28 07:40:01 ===
Traceback (most recent call last):
  File "/home/pi/netatmo/netatmo_climate.py", line 141, in <module>
    main()
    ~~~~^^
  File "/home/pi/netatmo/netatmo_climate.py", line 135, in main
    home, status = get_climate_data(access_token, HOME_ID)
                   ~~~~~~~~~~~~~~~~^^^^^^^^^^^^^^^^^^^^^^^
  File "/home/pi/netatmo/netatmo_climate.py", line 69, in get_climate_data
    r1.raise_for_status()
    ~~~~~~~~~~~~~~~~~~~^^
  File "/home/pi/netatmo/venv/lib/python3.13/site-packages/requests/models.py", line 1026, in raise_for_status
    raise HTTPError(http_error_msg, response=self)
requests.exceptions.HTTPError: 503 Server Error: Service Temporarily Unavailable for url: https://api.netatmo.com/api/homesdata
=== 2026-09-28 07:45:02 ===
=== 2026-09-28 07:50:01 ===
Traceback (most recent call last):
  File "/home/pi/netatmo/netatmo_climate.py", line 141, in <module>
    main()
    ~~~~^^
  File "/home/pi/netatmo/netatmo_climate.py", line 134, in main
    access_token = get_access_token()
  File "/home/pi/netatmo/netatmo_climate.py", line 57, in get_access_token
    return refresh_access_token()
  File "/home/pi/netatmo/netatmo_climate.py", line 46, in refresh_access_token
    r.raise_for_status()
    ~~~~~~~~~~~~~~~~~~^^
  File "/home/pi/netatmo/venv/lib/python3.13/site-packages/requests/models.py", line 1026, in raise_for_status
    raise HTTPError(http_error_msg, response=self)
requests.exceptions.HTTPError: 503 Server Error: Service Unavailable for url: https://api.netatmo.com/oauth2/token
=== 2026-09-28 07:55:01 ===
=== 2026-09-28 08:00:02 ===
Traceback (most recent call last):
  File "/home/pi/netatmo/netatmo_climate.py", line 141, in <module>
    main()
    ~~~~^^
  File "/home/pi/netatmo/netatmo_climate.py", line 134, in main
    access_token = get_access_token()
  File "/home/pi/netatmo/netatmo_climate.py", line 57, in get_access_token
    return refresh_access_token()
  File "/home/pi/netatmo/netatmo_climate.py", line 46, in refresh_access_token
    r.raise_for_status()
    ~~~~~~~~~~~~~~~~~~^^
  File "/home/pi/netatmo/venv/lib/python3.13/site-packages/requests/models.py", line 1026, in raise_for_status
    raise HTTPError(http_error_msg, response=self)
requests.exceptions.HTTPError: 503 Server Error: Service Unavailable for url: https://api.netatmo.com/oauth2/token
=== 2026-09-28 08:05:01 ===
=== 2026-09-28 08:10:01 ===
Traceback (most recent call last):
  File "/home/pi/netatmo/netatmo_climate.py", line 141, in <module>
    main()
    ~~~~^^
  File "/home/pi/netatmo/netatmo_climate.py", line 135, in main
    home, status = get_climate_data(access_token, HOME_ID)
                   ~~~~~~~~~~~~~~~~^^^^^^^^^^^^^^^^^^^^^^^
  File "/home/pi/netatmo/netatmo_climate.py", line 69, in get_climate_data
    r1.raise_for_status()
    ~~~~~~~~~~~~~~~~~~~^^
  File "/home/pi/netatmo/venv/lib/python3.13/site-packages/requests/models.py", line 1026, in raise_for_status
    raise HTTPError(http_error_msg, response=self)
requests.exceptions.HTTPError: 503 Server Error: Service Temporarily Unavailable for url: https://api.netatmo.com/api/homesdata
=== 2026-09-28 08:15:01 ===
Traceback (most recent call last):
  File "/home/pi/netatmo/netatmo_climate.py", line 141, in <module>
    main()
    ~~~~^^
  File "/home/pi/netatmo/netatmo_climate.py", line 135, in main
    home, status = get_climate_data(access_token, HOME_ID)
                   ~~~~~~~~~~~~~~~~^^^^^^^^^^^^^^^^^^^^^^^
  File "/home/pi/netatmo/netatmo_climate.py", line 69, in get_climate_data
    r1.raise_for_status()
    ~~~~~~~~~~~~~~~~~~~^^
  File "/home/pi/netatmo/venv/lib/python3.13/site-packages/requests/models.py", line 1026, in raise_for_status
    raise HTTPError(http_error_msg, response=self)
requests.exceptions.HTTPError: 503 Server Error: Service Temporarily Unavailable for url: https://api.netatmo.com/api/homesdata
=== 2026-09-28 08:20:01 ===
Traceback (most recent call last):
  File "/home/pi/netatmo/netatmo_climate.py", line 141, in <module>
    main()
    ~~~~^^
  File "/home/pi/netatmo/netatmo_climate.py", line 135, in main
    home, status = get_climate_data(access_token, HOME_ID)
                   ~~~~~~~~~~~~~~~~^^^^^^^^^^^^^^^^^^^^^^^
  File "/home/pi/netatmo/netatmo_climate.py", line 69, in get_climate_data
    r1.raise_for_status()
    ~~~~~~~~~~~~~~~~~~~^^
  File "/home/pi/netatmo/venv/lib/python3.13/site-packages/requests/models.py", line 1026, in raise_for_status
    raise HTTPError(http_error_msg, response=self)
requests.exceptions.HTTPError: 503 Server Error: Service Temporarily Unavailable for url: https://api.netatmo.com/api/homesdata
=== 2026-09-28 08:25:01 ===
=== 2026-09-28 08:30:02 ===
=== 2026-09-28 08:35:01 ===
=== 2026-09-28 08:40:01 ===
Traceback (most recent call last):
  File "/home/pi/netatmo/netatmo_climate.py", line 141, in <module>
    main()
    ~~~~^^
  File "/home/pi/netatmo/netatmo_climate.py", line 134, in main
    access_token = get_access_token()
  File "/home/pi/netatmo/netatmo_climate.py", line 57, in get_access_token
    return refresh_access_token()
  File "/home/pi/netatmo/netatmo_climate.py", line 46, in refresh_access_token
    r.raise_for_status()
    ~~~~~~~~~~~~~~~~~~^^
  File "/home/pi/netatmo/venv/lib/python3.13/site-packages/requests/models.py", line 1026, in raise_for_status
    raise HTTPError(http_error_msg, response=self)
requests.exceptions.HTTPError: 503 Server Error: Service Unavailable for url: https://api.netatmo.com/oauth2/token
=== 2026-09-28 08:45:01 ===
=== 2026-09-28 08:50:01 ===
=== 2026-09-28 08:55:02 ===
=== 2026-09-28 09:00:02 ===
Traceback (most recent call last):
  File "/home/pi/netatmo/netatmo_climate.py", line 141, in <module>
    main()
    ~~~~^^
  File "/home/pi/netatmo/netatmo_climate.py", line 134, in main
    access_token = get_access_token()
  File "/home/pi/netatmo/netatmo_climate.py", line 57, in get_access_token
    return refresh_access_token()
  File "/home/pi/netatmo/netatmo_climate.py", line 46, in refresh_access_token
    r.raise_for_status()
    ~~~~~~~~~~~~~~~~~~^^
  File "/home/pi/netatmo/venv/lib/python3.13/site-packages/requests/models.py", line 1026, in raise_for_status
    raise HTTPError(http_error_msg, response=self)
requests.exceptions.HTTPError: 503 Server Error: Service Unavailable for url: https://api.netatmo.com/oauth2/token
=== 2026-09-28 09:05:01 ===
=== 2026-09-28 09:10:01 ===
=== 2026-09-28 09:15:01 ===
=== 2026-09-28 09:20:01 ===
Traceback (most recent call last):
  File "/home/pi/netatmo/netatmo_climate.py", line 141, in <module>
    main()
    ~~~~^^
  File "/home/pi/netatmo/netatmo_climate.py", line 135, in main
    home, status = get_climate_data(access_token, HOME_ID)
                   ~~~~~~~~~~~~~~~~^^^^^^^^^^^^^^^^^^^^^^^
  File "/home/pi/netatmo/netatmo_climate.py", line 69, in get_climate_data
    r1.raise_for_status()
    ~~~~~~~~~~~~~~~~~~~^^
  File "/home/pi/netatmo/venv/lib/python3.13/site-packages/requests/models.py", line 1026, in raise_for_status
    raise HTTPError(http_error_msg, response=self)
requests.exceptions.HTTPError: 503 Server Error: Service Temporarily Unavailable for url: https://api.netatmo.com/api/homesdata
=== 2026-09-28 09:25:01 ===
Traceback (most recent call last):
  File "/home/pi/netatmo/netatmo_climate.py", line 141, in <module>
    main()
    ~~~~^^
  File "/home/pi/netatmo/netatmo_climate.py", line 135, in main
    home, status = get_climate_data(access_token, HOME_ID)
                   ~~~~~~~~~~~~~~~~^^^^^^^^^^^^^^^^^^^^^^^
  File "/home/pi/netatmo/netatmo_climate.py", line 69, in get_climate_data
    r1.raise_for_status()
    ~~~~~~~~~~~~~~~~~~~^^
  File "/home/pi/netatmo/venv/lib/python3.13/site-packages/requests/models.py", line 1026, in raise_for_status
    raise HTTPError(http_error_msg, response=self)
requests.exceptions.HTTPError: 503 Server Error: Service Temporarily Unavailable for url: https://api.netatmo.com/api/homesdata
=== 2026-09-28 09:30:01 ===
Traceback (most recent call last):
  File "/home/pi/netatmo/netatmo_climate.py", line 141, in <module>
    main()
    ~~~~^^
  File "/home/pi/netatmo/netatmo_climate.py", line 134, in main
    access_token = get_access_token()
  File "/home/pi/netatmo/netatmo_climate.py", line 57, in get_access_token
    return refresh_access_token()
  File "/home/pi/netatmo/netatmo_climate.py", line 46, in refresh_access_token
    r.raise_for_status()
    ~~~~~~~~~~~~~~~~~~^^
  File "/home/pi/netatmo/venv/lib/python3.13/site-packages/requests/models.py", line 1026, in raise_for_status
    raise HTTPError(http_error_msg, response=self)
requests.exceptions.HTTPError: 503 Server Error: Service Unavailable for url: https://api.netatmo.com/oauth2/token
=== 2026-09-28 09:35:01 ===
=== 2026-09-28 09:40:01 ===
Traceback (most recent call last):
  File "/home/pi/netatmo/netatmo_climate.py", line 141, in <module>
    main()
    ~~~~^^
  File "/home/pi/netatmo/netatmo_climate.py", line 135, in main
    home, status = get_climate_data(access_token, HOME_ID)
                   ~~~~~~~~~~~~~~~~^^^^^^^^^^^^^^^^^^^^^^^
  File "/home/pi/netatmo/netatmo_climate.py", line 69, in get_climate_data
    r1.raise_for_status()
    ~~~~~~~~~~~~~~~~~~~^^
  File "/home/pi/netatmo/venv/lib/python3.13/site-packages/requests/models.py", line 1026, in raise_for_status
    raise HTTPError(http_error_msg, response=self)
requests.exceptions.HTTPError: 503 Server Error: Service Temporarily Unavailable for url: https://api.netatmo.com/api/homesdata
=== 2026-09-28 09:45:01 ===
=== 2026-09-28 09:50:01 ===
Traceback (most recent call last):
  File "/home/pi/netatmo/netatmo_climate.py", line 141, in <module>
    main()
    ~~~~^^
  File "/home/pi/netatmo/netatmo_climate.py", line 134, in main
    access_token = get_access_token()
  File "/home/pi/netatmo/netatmo_climate.py", line 57, in get_access_token
    return refresh_access_token()
  File "/home/pi/netatmo/netatmo_climate.py", line 46, in refresh_access_token
    r.raise_for_status()
    ~~~~~~~~~~~~~~~~~~^^
  File "/home/pi/netatmo/venv/lib/python3.13/site-packages/requests/models.py", line 1026, in raise_for_status
    raise HTTPError(http_error_msg, response=self)
requests.exceptions.HTTPError: 503 Server Error: Service Unavailable for url: https://api.netatmo.com/oauth2/token
=== 2026-09-28 09:55:01 ===
=== 2026-09-28 10:00:01 ===
Traceback (most recent call last):
  File "/home/pi/netatmo/netatmo_climate.py", line 141, in <module>
    main()
    ~~~~^^
  File "/home/pi/netatmo/netatmo_climate.py", line 134, in main
    access_token = get_access_token()
  File "/home/pi/netatmo/netatmo_climate.py", line 57, in get_access_token
    return refresh_access_token()
  File "/home/pi/netatmo/netatmo_climate.py", line 46, in refresh_access_token
    r.raise_for_status()
    ~~~~~~~~~~~~~~~~~~^^
  File "/home/pi/netatmo/venv/lib/python3.13/site-packages/requests/models.py", line 1026, in raise_for_status
    raise HTTPError(http_error_msg, response=self)
requests.exceptions.HTTPError: 503 Server Error: Service Unavailable for url: https://api.netatmo.com/oauth2/token
=== 2026-09-28 10:05:01 ===
=== 2026-09-28 10:10:01 ===
=== 2026-09-28 10:15:01 ===
=== 2026-09-28 10:20:01 ===
=== 2026-09-28 10:25:01 ===
=== 2026-09-28 10:30:01 ===
=== 2026-09-28 10:35:01 ===
=== 2026-09-28 10:40:01 ===
=== 2026-09-28 10:45:01 ===
=== 2026-09-28 10:50:01 ===
=== 2026-09-28 10:55:01 ===
=== 2026-09-28 11:00:01 ===
Traceback (most recent call last):
  File "/home/pi/netatmo/netatmo_climate.py", line 141, in <module>
    main()
    ~~~~^^
  File "/home/pi/netatmo/netatmo_climate.py", line 134, in main
    access_token = get_access_token()
  File "/home/pi/netatmo/netatmo_climate.py", line 57, in get_access_token
    return refresh_access_token()
  File "/home/pi/netatmo/netatmo_climate.py", line 46, in refresh_access_token
    r.raise_for_status()
    ~~~~~~~~~~~~~~~~~~^^
  File "/home/pi/netatmo/venv/lib/python3.13/site-packages/requests/models.py", line 1026, in raise_for_status
    raise HTTPError(http_error_msg, response=self)
requests.exceptions.HTTPError: 503 Server Error: Service Unavailable for url: https://api.netatmo.com/oauth2/token
=== 2026-09-28 11:05:01 ===
=== 2026-09-28 11:10:02 ===
Traceback (most recent call last):
  File "/home/pi/netatmo/netatmo_climate.py", line 141, in <module>
    main()
    ~~~~^^
  File "/home/pi/netatmo/netatmo_climate.py", line 135, in main
    home, status = get_climate_data(access_token, HOME_ID)
                   ~~~~~~~~~~~~~~~~^^^^^^^^^^^^^^^^^^^^^^^
  File "/home/pi/netatmo/netatmo_climate.py", line 69, in get_climate_data
    r1.raise_for_status()
    ~~~~~~~~~~~~~~~~~~~^^
  File "/home/pi/netatmo/venv/lib/python3.13/site-packages/requests/models.py", line 1026, in raise_for_status
    raise HTTPError(http_error_msg, response=self)
requests.exceptions.HTTPError: 503 Server Error: Service Temporarily Unavailable for url: https://api.netatmo.com/api/homesdata
=== 2026-09-28 11:15:01 ===
=== 2026-09-28 11:20:01 ===
Traceback (most recent call last):
  File "/home/pi/netatmo/netatmo_climate.py", line 141, in <module>
    main()
    ~~~~^^
  File "/home/pi/netatmo/netatmo_climate.py", line 135, in main
    home, status = get_climate_data(access_token, HOME_ID)
                   ~~~~~~~~~~~~~~~~^^^^^^^^^^^^^^^^^^^^^^^
  File "/home/pi/netatmo/netatmo_climate.py", line 69, in get_climate_data
    r1.raise_for_status()
    ~~~~~~~~~~~~~~~~~~~^^
  File "/home/pi/netatmo/venv/lib/python3.13/site-packages/requests/models.py", line 1026, in raise_for_status
    raise HTTPError(http_error_msg, response=self)
requests.exceptions.HTTPError: 503 Server Error: Service Temporarily Unavailable for url: https://api.netatmo.com/api/homesdata
=== 2026-09-28 11:25:01 ===
=== 2026-09-28 11:30:02 ===
Traceback (most recent call last):
  File "/home/pi/netatmo/netatmo_climate.py", line 141, in <module>
    main()
    ~~~~^^
  File "/home/pi/netatmo/netatmo_climate.py", line 134, in main
    access_token = get_access_token()
  File "/home/pi/netatmo/netatmo_climate.py", line 57, in get_access_token
    return refresh_access_token()
  File "/home/pi/netatmo/netatmo_climate.py", line 46, in refresh_access_token
    r.raise_for_status()
    ~~~~~~~~~~~~~~~~~~^^
  File "/home/pi/netatmo/venv/lib/python3.13/site-packages/requests/models.py", line 1026, in raise_for_status
    raise HTTPError(http_error_msg, response=self)
requests.exceptions.HTTPError: 502 Server Error: Bad Gateway for url: https://api.netatmo.com/oauth2/token
=== 2026-09-28 11:35:01 ===
=== 2026-09-28 11:40:01 ===
=== 2026-09-28 11:45:01 ===
=== 2026-09-28 11:50:01 ===
=== 2026-09-28 11:55:01 ===
=== 2026-09-28 12:00:01 ===
Traceback (most recent call last):
  File "/home/pi/netatmo/netatmo_climate.py", line 141, in <module>
    main()
    ~~~~^^
  File "/home/pi/netatmo/netatmo_climate.py", line 134, in main
    access_token = get_access_token()
  File "/home/pi/netatmo/netatmo_climate.py", line 57, in get_access_token
    return refresh_access_token()
  File "/home/pi/netatmo/netatmo_climate.py", line 46, in refresh_access_token
    r.raise_for_status()
    ~~~~~~~~~~~~~~~~~~^^
  File "/home/pi/netatmo/venv/lib/python3.13/site-packages/requests/models.py", line 1026, in raise_for_status
    raise HTTPError(http_error_msg, response=self)
requests.exceptions.HTTPError: 503 Server Error: Service Unavailable for url: https://api.netatmo.com/oauth2/token
=== 2026-09-28 12:05:01 ===
=== 2026-09-28 12:10:02 ===
Traceback (most recent call last):
  File "/home/pi/netatmo/netatmo_climate.py", line 141, in <module>
    main()
    ~~~~^^
  File "/home/pi/netatmo/netatmo_climate.py", line 134, in main
    access_token = get_access_token()
  File "/home/pi/netatmo/netatmo_climate.py", line 57, in get_access_token
    return refresh_access_token()
  File "/home/pi/netatmo/netatmo_climate.py", line 46, in refresh_access_token
    r.raise_for_status()
    ~~~~~~~~~~~~~~~~~~^^
  File "/home/pi/netatmo/venv/lib/python3.13/site-packages/requests/models.py", line 1026, in raise_for_status
    raise HTTPError(http_error_msg, response=self)
requests.exceptions.HTTPError: 503 Server Error: Service Unavailable for url: https://api.netatmo.com/oauth2/token
=== 2026-09-28 12:15:01 ===
=== 2026-09-28 12:20:01 ===
=== 2026-09-28 12:25:01 ===
=== 2026-09-28 12:30:01 ===
=== 2026-09-28 12:35:02 ===
=== 2026-09-28 12:40:01 ===
=== 2026-09-28 12:45:01 ===
=== 2026-09-28 12:50:02 ===
Traceback (most recent call last):
  File "/home/pi/netatmo/netatmo_climate.py", line 141, in <module>
    main()
    ~~~~^^
  File "/home/pi/netatmo/netatmo_climate.py", line 135, in main
    home, status = get_climate_data(access_token, HOME_ID)
                   ~~~~~~~~~~~~~~~~^^^^^^^^^^^^^^^^^^^^^^^
  File "/home/pi/netatmo/netatmo_climate.py", line 69, in get_climate_data
    r1.raise_for_status()
    ~~~~~~~~~~~~~~~~~~~^^
  File "/home/pi/netatmo/venv/lib/python3.13/site-packages/requests/models.py", line 1026, in raise_for_status
    raise HTTPError(http_error_msg, response=self)
requests.exceptions.HTTPError: 503 Server Error: Service Temporarily Unavailable for url: https://api.netatmo.com/api/homesdata
=== 2026-09-28 12:55:01 ===
=== 2026-09-28 13:00:01 ===
=== 2026-09-28 13:05:01 ===
=== 2026-09-28 13:10:01 ===
=== 2026-09-28 13:15:01 ===
=== 2026-09-28 13:20:02 ===
Traceback (most recent call last):
  File "/home/pi/netatmo/netatmo_climate.py", line 141, in <module>
    main()
    ~~~~^^
  File "/home/pi/netatmo/netatmo_climate.py", line 135, in main
    home, status = get_climate_data(access_token, HOME_ID)
                   ~~~~~~~~~~~~~~~~^^^^^^^^^^^^^^^^^^^^^^^
  File "/home/pi/netatmo/netatmo_climate.py", line 69, in get_climate_data
    r1.raise_for_status()
    ~~~~~~~~~~~~~~~~~~~^^
  File "/home/pi/netatmo/venv/lib/python3.13/site-packages/requests/models.py", line 1026, in raise_for_status
    raise HTTPError(http_error_msg, response=self)
requests.exceptions.HTTPError: 503 Server Error: Service Temporarily Unavailable for url: https://api.netatmo.com/api/homesdata
=== 2026-09-28 13:25:01 ===
=== 2026-09-28 13:30:01 ===
Traceback (most recent call last):
  File "/home/pi/netatmo/netatmo_climate.py", line 141, in <module>
    main()
    ~~~~^^
  File "/home/pi/netatmo/netatmo_climate.py", line 135, in main
    home, status = get_climate_data(access_token, HOME_ID)
                   ~~~~~~~~~~~~~~~~^^^^^^^^^^^^^^^^^^^^^^^
  File "/home/pi/netatmo/netatmo_climate.py", line 69, in get_climate_data
    r1.raise_for_status()
    ~~~~~~~~~~~~~~~~~~~^^
  File "/home/pi/netatmo/venv/lib/python3.13/site-packages/requests/models.py", line 1026, in raise_for_status
    raise HTTPError(http_error_msg, response=self)
requests.exceptions.HTTPError: 503 Server Error: Service Temporarily Unavailable for url: https://api.netatmo.com/api/homesdata
=== 2026-09-28 13:35:01 ===
=== 2026-09-28 13:40:01 ===
Traceback (most recent call last):
  File "/home/pi/netatmo/netatmo_climate.py", line 141, in <module>
    main()
    ~~~~^^
  File "/home/pi/netatmo/netatmo_climate.py", line 134, in main
    access_token = get_access_token()
  File "/home/pi/netatmo/netatmo_climate.py", line 57, in get_access_token
    return refresh_access_token()
  File "/home/pi/netatmo/netatmo_climate.py", line 46, in refresh_access_token
    r.raise_for_status()
    ~~~~~~~~~~~~~~~~~~^^
  File "/home/pi/netatmo/venv/lib/python3.13/site-packages/requests/models.py", line 1026, in raise_for_status
    raise HTTPError(http_error_msg, response=self)
requests.exceptions.HTTPError: 503 Server Error: Service Unavailable for url: https://api.netatmo.com/oauth2/token
=== 2026-09-28 13:45:02 ===
=== 2026-09-28 13:50:01 ===
=== 2026-09-28 13:55:01 ===
=== 2026-09-28 14:00:01 ===
Traceback (most recent call last):
  File "/home/pi/netatmo/netatmo_climate.py", line 141, in <module>
    main()
    ~~~~^^
  File "/home/pi/netatmo/netatmo_climate.py", line 134, in main
    access_token = get_access_token()
  File "/home/pi/netatmo/netatmo_climate.py", line 57, in get_access_token
    return refresh_access_token()
  File "/home/pi/netatmo/netatmo_climate.py", line 46, in refresh_access_token
    r.raise_for_status()
    ~~~~~~~~~~~~~~~~~~^^
  File "/home/pi/netatmo/venv/lib/python3.13/site-packages/requests/models.py", line 1026, in raise_for_status
    raise HTTPError(http_error_msg, response=self)
requests.exceptions.HTTPError: 503 Server Error: Service Unavailable for url: https://api.netatmo.com/oauth2/token
=== 2026-09-28 14:05:01 ===
=== 2026-09-28 14:10:02 ===
Traceback (most recent call last):
  File "/home/pi/netatmo/netatmo_climate.py", line 141, in <module>
    main()
    ~~~~^^
  File "/home/pi/netatmo/netatmo_climate.py", line 136, in main
    row = parse_climate_data(home, status)
  File "/home/pi/netatmo/netatmo_climate.py", line 90, in parse_climate_data
    room = status["body"]["home"]["rooms"][0]
           ~~~~~~~~~~~~~~~~~~~~~~^^^^^^^^^
KeyError: 'rooms'
=== 2026-09-28 14:15:01 ===
=== 2026-09-28 14:20:02 ===
=== 2026-09-28 14:25:01 ===
=== 2026-09-28 14:30:01 ===
Traceback (most recent call last):
  File "/home/pi/netatmo/netatmo_climate.py", line 141, in <module>
    main()
    ~~~~^^
  File "/home/pi/netatmo/netatmo_climate.py", line 134, in main
    access_token = get_access_token()
  File "/home/pi/netatmo/netatmo_climate.py", line 57, in get_access_token
    return refresh_access_token()
  File "/home/pi/netatmo/netatmo_climate.py", line 46, in refresh_access_token
    r.raise_for_status()
    ~~~~~~~~~~~~~~~~~~^^
  File "/home/pi/netatmo/venv/lib/python3.13/site-packages/requests/models.py", line 1026, in raise_for_status
    raise HTTPError(http_error_msg, response=self)
requests.exceptions.HTTPError: 503 Server Error: Service Unavailable for url: https://api.netatmo.com/oauth2/token
=== 2026-09-28 14:35:01 ===
=== 2026-09-28 14:40:02 ===
Traceback (most recent call last):
  File "/home/pi/netatmo/netatmo_climate.py", line 141, in <module>
    main()
    ~~~~^^
  File "/home/pi/netatmo/netatmo_climate.py", line 134, in main
    access_token = get_access_token()
  File "/home/pi/netatmo/netatmo_climate.py", line 57, in get_access_token
    return refresh_access_token()
  File "/home/pi/netatmo/netatmo_climate.py", line 46, in refresh_access_token
    r.raise_for_status()
    ~~~~~~~~~~~~~~~~~~^^
  File "/home/pi/netatmo/venv/lib/python3.13/site-packages/requests/models.py", line 1026, in raise_for_status
    raise HTTPError(http_error_msg, response=self)
requests.exceptions.HTTPError: 503 Server Error: Service Unavailable for url: https://api.netatmo.com/oauth2/token
=== 2026-09-28 14:45:02 ===
=== 2026-09-28 14:50:01 ===
=== 2026-09-28 14:55:01 ===
=== 2026-09-28 15:00:01 ===
Traceback (most recent call last):
  File "/home/pi/netatmo/netatmo_climate.py", line 141, in <module>
    main()
    ~~~~^^
  File "/home/pi/netatmo/netatmo_climate.py", line 134, in main
    access_token = get_access_token()
  File "/home/pi/netatmo/netatmo_climate.py", line 57, in get_access_token
    return refresh_access_token()
  File "/home/pi/netatmo/netatmo_climate.py", line 46, in refresh_access_token
    r.raise_for_status()
    ~~~~~~~~~~~~~~~~~~^^
  File "/home/pi/netatmo/venv/lib/python3.13/site-packages/requests/models.py", line 1026, in raise_for_status
    raise HTTPError(http_error_msg, response=self)
requests.exceptions.HTTPError: 503 Server Error: Service Unavailable for url: https://api.netatmo.com/oauth2/token
=== 2026-09-28 15:05:01 ===
=== 2026-09-28 15:10:01 ===
=== 2026-09-28 15:15:01 ===
=== 2026-09-28 15:20:01 ===
Traceback (most recent call last):
  File "/home/pi/netatmo/netatmo_climate.py", line 141, in <module>
    main()
    ~~~~^^
  File "/home/pi/netatmo/netatmo_climate.py", line 135, in main
    home, status = get_climate_data(access_token, HOME_ID)
                   ~~~~~~~~~~~~~~~~^^^^^^^^^^^^^^^^^^^^^^^
  File "/home/pi/netatmo/netatmo_climate.py", line 69, in get_climate_data
    r1.raise_for_status()
    ~~~~~~~~~~~~~~~~~~~^^
  File "/home/pi/netatmo/venv/lib/python3.13/site-packages/requests/models.py", line 1026, in raise_for_status
    raise HTTPError(http_error_msg, response=self)
requests.exceptions.HTTPError: 503 Server Error: Service Temporarily Unavailable for url: https://api.netatmo.com/api/homesdata
=== 2026-09-28 15:25:01 ===
=== 2026-09-28 15:30:01 ===
Traceback (most recent call last):
  File "/home/pi/netatmo/netatmo_climate.py", line 141, in <module>
    main()
    ~~~~^^
  File "/home/pi/netatmo/netatmo_climate.py", line 134, in main
    access_token = get_access_token()
  File "/home/pi/netatmo/netatmo_climate.py", line 57, in get_access_token
    return refresh_access_token()
  File "/home/pi/netatmo/netatmo_climate.py", line 46, in refresh_access_token
    r.raise_for_status()
    ~~~~~~~~~~~~~~~~~~^^
  File "/home/pi/netatmo/venv/lib/python3.13/site-packages/requests/models.py", line 1026, in raise_for_status
    raise HTTPError(http_error_msg, response=self)
requests.exceptions.HTTPError: 503 Server Error: Service Unavailable for url: https://api.netatmo.com/oauth2/token
=== 2026-09-28 15:35:02 ===
=== 2026-09-28 15:40:02 ===
=== 2026-09-28 15:45:01 ===
=== 2026-09-28 15:50:01 ===
Traceback (most recent call last):
  File "/home/pi/netatmo/netatmo_climate.py", line 141, in <module>
    main()
    ~~~~^^
  File "/home/pi/netatmo/netatmo_climate.py", line 135, in main
    home, status = get_climate_data(access_token, HOME_ID)
                   ~~~~~~~~~~~~~~~~^^^^^^^^^^^^^^^^^^^^^^^
  File "/home/pi/netatmo/netatmo_climate.py", line 69, in get_climate_data
    r1.raise_for_status()
    ~~~~~~~~~~~~~~~~~~~^^
  File "/home/pi/netatmo/venv/lib/python3.13/site-packages/requests/models.py", line 1026, in raise_for_status
    raise HTTPError(http_error_msg, response=self)
requests.exceptions.HTTPError: 503 Server Error: Service Temporarily Unavailable for url: https://api.netatmo.com/api/homesdata
=== 2026-09-28 15:55:02 ===
=== 2026-09-28 16:00:01 ===
=== 2026-09-28 16:05:02 ===
=== 2026-09-28 16:10:02 ===
=== 2026-09-28 16:15:01 ===
=== 2026-09-28 16:20:01 ===
=== 2026-09-28 16:25:02 ===
=== 2026-09-28 16:30:01 ===
Traceback (most recent call last):
  File "/home/pi/netatmo/netatmo_climate.py", line 141, in <module>
    main()
    ~~~~^^
  File "/home/pi/netatmo/netatmo_climate.py", line 134, in main
    access_token = get_access_token()
  File "/home/pi/netatmo/netatmo_climate.py", line 57, in get_access_token
    return refresh_access_token()
  File "/home/pi/netatmo/netatmo_climate.py", line 46, in refresh_access_token
    r.raise_for_status()
    ~~~~~~~~~~~~~~~~~~^^
  File "/home/pi/netatmo/venv/lib/python3.13/site-packages/requests/models.py", line 1026, in raise_for_status
    raise HTTPError(http_error_msg, response=self)
requests.exceptions.HTTPError: 503 Server Error: Service Unavailable for url: https://api.netatmo.com/oauth2/token
=== 2026-09-28 16:35:01 ===
=== 2026-09-28 16:40:01 ===
=== 2026-09-28 16:45:01 ===
=== 2026-09-28 16:50:01 ===
Traceback (most recent call last):
  File "/home/pi/netatmo/netatmo_climate.py", line 141, in <module>
    main()
    ~~~~^^
  File "/home/pi/netatmo/netatmo_climate.py", line 134, in main
    access_token = get_access_token()
  File "/home/pi/netatmo/netatmo_climate.py", line 57, in get_access_token
    return refresh_access_token()
  File "/home/pi/netatmo/netatmo_climate.py", line 46, in refresh_access_token
    r.raise_for_status()
    ~~~~~~~~~~~~~~~~~~^^
  File "/home/pi/netatmo/venv/lib/python3.13/site-packages/requests/models.py", line 1026, in raise_for_status
    raise HTTPError(http_error_msg, response=self)
requests.exceptions.HTTPError: 503 Server Error: Service Unavailable for url: https://api.netatmo.com/oauth2/token
=== 2026-09-28 16:55:02 ===
=== 2026-09-28 17:00:01 ===
Traceback (most recent call last):
  File "/home/pi/netatmo/netatmo_climate.py", line 141, in <module>
    main()
    ~~~~^^
  File "/home/pi/netatmo/netatmo_climate.py", line 134, in main
    access_token = get_access_token()
  File "/home/pi/netatmo/netatmo_climate.py", line 57, in get_access_token
    return refresh_access_token()
  File "/home/pi/netatmo/netatmo_climate.py", line 46, in refresh_access_token
    r.raise_for_status()
    ~~~~~~~~~~~~~~~~~~^^
  File "/home/pi/netatmo/venv/lib/python3.13/site-packages/requests/models.py", line 1026, in raise_for_status
    raise HTTPError(http_error_msg, response=self)
requests.exceptions.HTTPError: 503 Server Error: Service Unavailable for url: https://api.netatmo.com/oauth2/token
=== 2026-09-28 17:05:01 ===
=== 2026-09-28 17:10:01 ===
=== 2026-09-28 17:15:01 ===
=== 2026-09-28 17:20:01 ===
Traceback (most recent call last):
  File "/home/pi/netatmo/netatmo_climate.py", line 141, in <module>
    main()
    ~~~~^^
  File "/home/pi/netatmo/netatmo_climate.py", line 134, in main
    access_token = get_access_token()
  File "/home/pi/netatmo/netatmo_climate.py", line 57, in get_access_token
    return refresh_access_token()
  File "/home/pi/netatmo/netatmo_climate.py", line 46, in refresh_access_token
    r.raise_for_status()
    ~~~~~~~~~~~~~~~~~~^^
  File "/home/pi/netatmo/venv/lib/python3.13/site-packages/requests/models.py", line 1026, in raise_for_status
    raise HTTPError(http_error_msg, response=self)
requests.exceptions.HTTPError: 503 Server Error: Service Unavailable for url: https://api.netatmo.com/oauth2/token
=== 2026-09-28 17:25:02 ===
=== 2026-09-28 17:30:01 ===
Traceback (most recent call last):
  File "/home/pi/netatmo/netatmo_climate.py", line 141, in <module>
    main()
    ~~~~^^
  File "/home/pi/netatmo/netatmo_climate.py", line 134, in main
    access_token = get_access_token()
  File "/home/pi/netatmo/netatmo_climate.py", line 57, in get_access_token
    return refresh_access_token()
  File "/home/pi/netatmo/netatmo_climate.py", line 46, in refresh_access_token
    r.raise_for_status()
    ~~~~~~~~~~~~~~~~~~^^
  File "/home/pi/netatmo/venv/lib/python3.13/site-packages/requests/models.py", line 1026, in raise_for_status
    raise HTTPError(http_error_msg, response=self)
requests.exceptions.HTTPError: 503 Server Error: Service Unavailable for url: https://api.netatmo.com/oauth2/token
=== 2026-09-28 17:35:01 ===
=== 2026-09-28 17:40:01 ===
=== 2026-09-28 17:45:02 ===
=== 2026-09-28 17:50:01 ===
=== 2026-09-28 17:55:01 ===
=== 2026-09-28 18:00:01 ===
Traceback (most recent call last):
  File "/home/pi/netatmo/netatmo_climate.py", line 141, in <module>
    main()
    ~~~~^^
  File "/home/pi/netatmo/netatmo_climate.py", line 134, in main
    access_token = get_access_token()
  File "/home/pi/netatmo/netatmo_climate.py", line 57, in get_access_token
    return refresh_access_token()
  File "/home/pi/netatmo/netatmo_climate.py", line 46, in refresh_access_token
    r.raise_for_status()
    ~~~~~~~~~~~~~~~~~~^^
  File "/home/pi/netatmo/venv/lib/python3.13/site-packages/requests/models.py", line 1026, in raise_for_status
    raise HTTPError(http_error_msg, response=self)
requests.exceptions.HTTPError: 503 Server Error: Service Unavailable for url: https://api.netatmo.com/oauth2/token
=== 2026-09-28 18:05:01 ===
=== 2026-09-28 18:10:01 ===
=== 2026-09-28 18:15:01 ===
=== 2026-09-28 18:20:01 ===
=== 2026-09-28 18:25:01 ===
=== 2026-09-28 18:30:01 ===
Traceback (most recent call last):
  File "/home/pi/netatmo/netatmo_climate.py", line 141, in <module>
    main()
    ~~~~^^
  File "/home/pi/netatmo/netatmo_climate.py", line 134, in main
    access_token = get_access_token()
  File "/home/pi/netatmo/netatmo_climate.py", line 57, in get_access_token
    return refresh_access_token()
  File "/home/pi/netatmo/netatmo_climate.py", line 46, in refresh_access_token
    r.raise_for_status()
    ~~~~~~~~~~~~~~~~~~^^
  File "/home/pi/netatmo/venv/lib/python3.13/site-packages/requests/models.py", line 1026, in raise_for_status
    raise HTTPError(http_error_msg, response=self)
requests.exceptions.HTTPError: 503 Server Error: Service Unavailable for url: https://api.netatmo.com/oauth2/token
=== 2026-09-28 18:35:01 ===
=== 2026-09-28 18:40:01 ===
=== 2026-09-28 18:45:01 ===
=== 2026-09-28 18:50:01 ===
=== 2026-09-28 18:55:02 ===
=== 2026-09-28 19:00:02 ===
Traceback (most recent call last):
  File "/home/pi/netatmo/netatmo_climate.py", line 141, in <module>
    main()
    ~~~~^^
  File "/home/pi/netatmo/netatmo_climate.py", line 134, in main
    access_token = get_access_token()
  File "/home/pi/netatmo/netatmo_climate.py", line 57, in get_access_token
    return refresh_access_token()
  File "/home/pi/netatmo/netatmo_climate.py", line 46, in refresh_access_token
    r.raise_for_status()
    ~~~~~~~~~~~~~~~~~~^^
  File "/home/pi/netatmo/venv/lib/python3.13/site-packages/requests/models.py", line 1026, in raise_for_status
    raise HTTPError(http_error_msg, response=self)
requests.exceptions.HTTPError: 503 Server Error: Service Unavailable for url: https://api.netatmo.com/oauth2/token
=== 2026-09-28 19:05:01 ===
=== 2026-09-28 19:10:01 ===
=== 2026-09-28 19:15:01 ===
=== 2026-09-28 19:20:01 ===
=== 2026-09-28 19:25:01 ===
=== 2026-09-28 19:30:01 ===
Traceback (most recent call last):
  File "/home/pi/netatmo/netatmo_climate.py", line 141, in <module>
    main()
    ~~~~^^
  File "/home/pi/netatmo/netatmo_climate.py", line 134, in main
    access_token = get_access_token()
  File "/home/pi/netatmo/netatmo_climate.py", line 57, in get_access_token
    return refresh_access_token()
  File "/home/pi/netatmo/netatmo_climate.py", line 46, in refresh_access_token
    r.raise_for_status()
    ~~~~~~~~~~~~~~~~~~^^
  File "/home/pi/netatmo/venv/lib/python3.13/site-packages/requests/models.py", line 1026, in raise_for_status
    raise HTTPError(http_error_msg, response=self)
requests.exceptions.HTTPError: 503 Server Error: Service Unavailable for url: https://api.netatmo.com/oauth2/token
=== 2026-09-28 19:35:01 ===
Traceback (most recent call last):
  File "/home/pi/netatmo/netatmo_climate.py", line 141, in <module>
    main()
    ~~~~^^
  File "/home/pi/netatmo/netatmo_climate.py", line 135, in main
    home, status = get_climate_data(access_token, HOME_ID)
                   ~~~~~~~~~~~~~~~~^^^^^^^^^^^^^^^^^^^^^^^
  File "/home/pi/netatmo/netatmo_climate.py", line 69, in get_climate_data
    r1.raise_for_status()
    ~~~~~~~~~~~~~~~~~~~^^
  File "/home/pi/netatmo/venv/lib/python3.13/site-packages/requests/models.py", line 1026, in raise_for_status
    raise HTTPError(http_error_msg, response=self)
requests.exceptions.HTTPError: 503 Server Error: Service Temporarily Unavailable for url: https://api.netatmo.com/api/homesdata
=== 2026-09-28 19:40:01 ===
Traceback (most recent call last):
  File "/home/pi/netatmo/netatmo_climate.py", line 141, in <module>
    main()
    ~~~~^^
  File "/home/pi/netatmo/netatmo_climate.py", line 135, in main
    home, status = get_climate_data(access_token, HOME_ID)
                   ~~~~~~~~~~~~~~~~^^^^^^^^^^^^^^^^^^^^^^^
  File "/home/pi/netatmo/netatmo_climate.py", line 69, in get_climate_data
    r1.raise_for_status()
    ~~~~~~~~~~~~~~~~~~~^^
  File "/home/pi/netatmo/venv/lib/python3.13/site-packages/requests/models.py", line 1026, in raise_for_status
    raise HTTPError(http_error_msg, response=self)
requests.exceptions.HTTPError: 503 Server Error: Service Temporarily Unavailable for url: https://api.netatmo.com/api/homesdata
=== 2026-09-28 19:45:01 ===
Traceback (most recent call last):
  File "/home/pi/netatmo/netatmo_climate.py", line 141, in <module>
    main()
    ~~~~^^
  File "/home/pi/netatmo/netatmo_climate.py", line 135, in main
    home, status = get_climate_data(access_token, HOME_ID)
                   ~~~~~~~~~~~~~~~~^^^^^^^^^^^^^^^^^^^^^^^
  File "/home/pi/netatmo/netatmo_climate.py", line 69, in get_climate_data
    r1.raise_for_status()
    ~~~~~~~~~~~~~~~~~~~^^
  File "/home/pi/netatmo/venv/lib/python3.13/site-packages/requests/models.py", line 1026, in raise_for_status
    raise HTTPError(http_error_msg, response=self)
requests.exceptions.HTTPError: 503 Server Error: Service Temporarily Unavailable for url: https://api.netatmo.com/api/homesdata
=== 2026-09-28 19:50:02 ===
Traceback (most recent call last):
  File "/home/pi/netatmo/netatmo_climate.py", line 141, in <module>
    main()
    ~~~~^^
  File "/home/pi/netatmo/netatmo_climate.py", line 135, in main
    home, status = get_climate_data(access_token, HOME_ID)
                   ~~~~~~~~~~~~~~~~^^^^^^^^^^^^^^^^^^^^^^^
  File "/home/pi/netatmo/netatmo_climate.py", line 69, in get_climate_data
    r1.raise_for_status()
    ~~~~~~~~~~~~~~~~~~~^^
  File "/home/pi/netatmo/venv/lib/python3.13/site-packages/requests/models.py", line 1026, in raise_for_status
    raise HTTPError(http_error_msg, response=self)
requests.exceptions.HTTPError: 503 Server Error: Service Temporarily Unavailable for url: https://api.netatmo.com/api/homesdata
=== 2026-09-28 19:55:01 ===
=== 2026-09-28 20:00:01 ===
Traceback (most recent call last):
  File "/home/pi/netatmo/netatmo_climate.py", line 141, in <module>
    main()
    ~~~~^^
  File "/home/pi/netatmo/netatmo_climate.py", line 134, in main
    access_token = get_access_token()
  File "/home/pi/netatmo/netatmo_climate.py", line 57, in get_access_token
    return refresh_access_token()
  File "/home/pi/netatmo/netatmo_climate.py", line 46, in refresh_access_token
    r.raise_for_status()
    ~~~~~~~~~~~~~~~~~~^^
  File "/home/pi/netatmo/venv/lib/python3.13/site-packages/requests/models.py", line 1026, in raise_for_status
    raise HTTPError(http_error_msg, response=self)
requests.exceptions.HTTPError: 503 Server Error: Service Unavailable for url: https://api.netatmo.com/oauth2/token
=== 2026-09-28 20:05:01 ===
=== 2026-09-28 20:10:02 ===
Traceback (most recent call last):
  File "/home/pi/netatmo/netatmo_climate.py", line 141, in <module>
    main()
    ~~~~^^
  File "/home/pi/netatmo/netatmo_climate.py", line 134, in main
    access_token = get_access_token()
  File "/home/pi/netatmo/netatmo_climate.py", line 57, in get_access_token
    return refresh_access_token()
  File "/home/pi/netatmo/netatmo_climate.py", line 46, in refresh_access_token
    r.raise_for_status()
    ~~~~~~~~~~~~~~~~~~^^
  File "/home/pi/netatmo/venv/lib/python3.13/site-packages/requests/models.py", line 1026, in raise_for_status
    raise HTTPError(http_error_msg, response=self)
requests.exceptions.HTTPError: 503 Server Error: Service Unavailable for url: https://api.netatmo.com/oauth2/token
=== 2026-09-28 20:15:01 ===
Traceback (most recent call last):
  File "/home/pi/netatmo/netatmo_climate.py", line 141, in <module>
    main()
    ~~~~^^
  File "/home/pi/netatmo/netatmo_climate.py", line 135, in main
    home, status = get_climate_data(access_token, HOME_ID)
                   ~~~~~~~~~~~~~~~~^^^^^^^^^^^^^^^^^^^^^^^
  File "/home/pi/netatmo/netatmo_climate.py", line 69, in get_climate_data
    r1.raise_for_status()
    ~~~~~~~~~~~~~~~~~~~^^
  File "/home/pi/netatmo/venv/lib/python3.13/site-packages/requests/models.py", line 1026, in raise_for_status
    raise HTTPError(http_error_msg, response=self)
requests.exceptions.HTTPError: 503 Server Error: Service Temporarily Unavailable for url: https://api.netatmo.com/api/homesdata
=== 2026-09-28 20:20:01 ===
=== 2026-09-28 20:25:01 ===
=== 2026-09-28 20:30:01 ===
Traceback (most recent call last):
  File "/home/pi/netatmo/netatmo_climate.py", line 141, in <module>
    main()
    ~~~~^^
  File "/home/pi/netatmo/netatmo_climate.py", line 135, in main
    home, status = get_climate_data(access_token, HOME_ID)
                   ~~~~~~~~~~~~~~~~^^^^^^^^^^^^^^^^^^^^^^^
  File "/home/pi/netatmo/netatmo_climate.py", line 69, in get_climate_data
    r1.raise_for_status()
    ~~~~~~~~~~~~~~~~~~~^^
  File "/home/pi/netatmo/venv/lib/python3.13/site-packages/requests/models.py", line 1026, in raise_for_status
    raise HTTPError(http_error_msg, response=self)
requests.exceptions.HTTPError: 503 Server Error: Service Temporarily Unavailable for url: https://api.netatmo.com/api/homesdata
=== 2026-09-28 20:35:01 ===
=== 2026-09-28 20:40:01 ===
=== 2026-09-28 20:45:01 ===
=== 2026-09-28 20:50:01 ===
=== 2026-09-28 20:55:01 ===
=== 2026-09-28 21:00:02 ===
=== 2026-09-28 21:05:01 ===
=== 2026-09-28 21:10:01 ===
Traceback (most recent call last):
  File "/home/pi/netatmo/netatmo_climate.py", line 141, in <module>
    main()
    ~~~~^^
  File "/home/pi/netatmo/netatmo_climate.py", line 135, in main
    home, status = get_climate_data(access_token, HOME_ID)
                   ~~~~~~~~~~~~~~~~^^^^^^^^^^^^^^^^^^^^^^^
  File "/home/pi/netatmo/netatmo_climate.py", line 69, in get_climate_data
    r1.raise_for_status()
    ~~~~~~~~~~~~~~~~~~~^^
  File "/home/pi/netatmo/venv/lib/python3.13/site-packages/requests/models.py", line 1026, in raise_for_status
    raise HTTPError(http_error_msg, response=self)
requests.exceptions.HTTPError: 503 Server Error: Service Temporarily Unavailable for url: https://api.netatmo.com/api/homesdata
=== 2026-09-28 21:15:02 ===
=== 2026-09-28 21:20:01 ===
=== 2026-09-28 21:25:01 ===
=== 2026-09-28 21:30:01 ===
=== 2026-09-28 21:35:01 ===
=== 2026-09-28 21:40:01 ===
