2026-02-07 18:41:35,16.937
2026-02-07 19:00:16,16.437
2026-02-07 19:26:45,15.937
2026-02-07 20:01:34,16.437
2026-02-07 20:16:59,16.937
2026-02-07 20:53:48,16.437
2026-02-07 21:25:54,15.937
2026-02-07 22:13:03,15.437
2026-02-07 22:44:15,15.937
2026-02-07 22:51:30,16.437
2026-02-08 00:12:02,15.937
2026-02-08 00:52:29,15.437
2026-02-08 01:26:56,15.937
2026-02-08 01:34:33,16.437
2026-02-08 02:48:00,15.937
2026-02-08 03:48:45,15.437
2026-02-08 04:07:26,15.937
2026-02-08 04:15:03,16.437
2026-02-08 05:26:30,15.937
2026-02-08 06:06:13,17.937
2026-02-08 06:06:24,21.312
2026-02-08 06:06:35,22.437
2026-02-08 06:06:45,23.187
2026-02-08 06:06:56,24.187
2026-02-08 06:07:07,25.5
2026-02-08 06:07:18,27.0
2026-02-08 06:07:29,28.312
2026-02-08 06:07:40,29.312
2026-02-08 06:07:51,30.062
2026-02-08 06:08:02,30.625
2026-02-08 06:08:23,31.437
2026-02-08 06:08:45,31.937
2026-02-08 06:09:29,32.562
2026-02-08 06:10:23,33.062
2026-02-08 06:12:12,33.625
2026-02-08 06:35:46,34.125
2026-02-08 07:40:31,33.625
2026-02-08 07:41:47,33.125
2026-02-08 07:42:53,37.0
2026-02-08 07:43:03,41.0
2026-02-08 07:43:14,40.125
2026-02-08 07:43:25,37.0
2026-02-08 07:43:36,34.0
2026-02-08 07:43:47,31.625
2026-02-08 07:43:58,29.875
2026-02-08 07:44:09,28.562
2026-02-08 07:44:20,27.562
2026-02-08 07:44:30,26.75
2026-02-08 07:44:41,26.187
2026-02-08 07:45:03,25.375
2026-02-08 07:45:25,24.875
2026-02-08 07:45:57,24.375
2026-02-08 07:47:14,25.875
2026-02-08 07:47:25,27.625
2026-02-08 07:47:35,28.937
2026-02-08 07:47:46,30.0
2026-02-08 07:47:57,30.687
2026-02-08 07:48:08,31.25
2026-02-08 07:48:30,31.937
2026-02-08 07:49:02,32.5
2026-02-08 07:50:40,33.0
2026-02-08 07:52:40,33.5
2026-02-08 07:53:34,34.0
2026-02-08 08:45:59,34.5
2026-02-08 09:37:41,35.0
2026-02-08 10:20:18,34.125
2026-02-08 10:20:29,32.875
2026-02-08 10:20:39,32.0
2026-02-08 10:20:50,31.437
2026-02-08 10:21:01,30.937
2026-02-08 10:21:23,30.312
2026-02-08 10:21:56,29.75
2026-02-08 10:22:39,29.25
2026-02-08 10:23:55,28.75
2026-02-08 10:25:22,28.25
2026-02-08 10:26:49,27.75
2026-02-08 10:28:38,27.25
2026-02-08 10:30:16,26.75
2026-02-08 10:32:16,26.25
2026-02-08 10:34:15,25.75
2026-02-08 10:36:15,25.25
2026-02-08 10:38:26,24.75
2026-02-08 10:40:36,24.25
2026-02-08 10:43:09,23.75
2026-02-08 10:45:41,23.25
2026-02-08 10:48:35,22.75
2026-02-08 10:51:29,22.25
2026-02-08 10:54:34,21.75
2026-02-08 10:58:12,21.25
2026-02-08 11:02:11,20.75
2026-02-08 11:15:58,20.25
2026-02-08 11:25:35,19.75
2026-02-08 11:34:28,19.25
2026-02-08 11:43:00,18.75
2026-02-08 11:52:26,18.25
2026-02-08 12:02:46,17.75
2026-02-08 12:15:17,17.25
2026-02-08 12:30:20,16.75
2026-02-08 12:49:33,16.25
2026-02-08 13:17:41,15.75
2026-02-08 13:54:40,16.25
2026-02-08 14:04:17,16.75
2026-02-08 14:56:42,16.25
2026-02-08 15:38:57,15.75
2026-02-08 16:37:53,20.937
2026-02-08 16:38:04,28.687
2026-02-08 16:38:15,30.375
2026-02-08 16:38:26,28.25
2026-02-08 16:38:37,26.0
2026-02-08 16:38:48,24.437
2026-02-08 16:38:59,23.562
2026-02-08 16:39:10,23.0
2026-02-08 16:39:31,22.312
2026-02-08 16:40:26,21.812
2026-02-08 16:42:15,23.312
2026-02-08 16:42:25,25.187
2026-02-08 16:42:36,26.812
2026-02-08 16:42:47,28.125
2026-02-08 16:42:58,29.187
2026-02-08 16:43:09,29.937
2026-02-08 16:43:20,30.437
2026-02-08 16:43:42,31.187
2026-02-08 16:44:14,31.812
2026-02-08 16:44:58,32.437
2026-02-08 16:46:14,32.937
2026-02-08 16:47:41,33.437
2026-02-08 16:48:35,33.937
2026-02-08 18:29:25,34.437
2026-02-08 19:29:38,34.937
2026-02-08 20:18:04,35.437
2026-02-08 20:45:16,34.937
2026-02-08 20:46:32,34.437
2026-02-08 20:48:10,35.625
2026-02-08 20:48:21,40.562
2026-02-08 20:48:32,41.875
2026-02-08 20:48:43,39.437
2026-02-08 20:48:54,36.375
2026-02-08 20:49:05,33.75
2026-02-08 20:49:15,31.812
2026-02-08 20:49:26,30.312
2026-02-08 20:49:37,29.187
2026-02-08 20:49:48,28.312
2026-02-08 20:49:59,27.687
2026-02-08 20:50:10,27.125
2026-02-08 20:50:32,26.375
2026-02-08 20:51:04,25.75
2026-02-08 20:51:59,25.187
2026-02-08 20:52:31,26.187
2026-02-08 20:52:42,28.0
2026-02-08 20:52:53,29.562
2026-02-08 20:53:04,30.75
2026-02-08 20:53:15,31.562
2026-02-08 20:53:26,32.25
2026-02-08 20:53:47,33.125
2026-02-08 20:54:09,33.625
2026-02-08 20:58:41,34.25
2026-02-08 20:59:14,34.812
2026-02-08 21:00:41,35.312
2026-02-08 21:47:39,35.812
2026-02-08 22:00:43,34.687
2026-02-08 22:00:54,33.437
2026-02-08 22:01:04,32.625
2026-02-08 22:01:15,32.062
2026-02-08 22:01:37,31.25
2026-02-08 22:01:59,30.75
2026-02-08 22:02:31,30.25
2026-02-08 22:03:26,29.75
2026-02-08 22:04:42,29.187
2026-02-08 22:06:09,28.687
2026-02-08 22:07:47,28.187
2026-02-08 22:09:25,27.687
2026-02-08 22:11:03,27.187
2026-02-08 22:13:03,26.687
2026-02-08 22:15:02,26.187
2026-02-08 22:17:02,25.687
2026-02-08 22:19:02,25.187
2026-02-08 22:21:12,24.687
2026-02-08 22:23:45,24.187
2026-02-08 22:25:55,23.687
2026-02-08 22:28:49,23.187
2026-02-08 22:31:54,22.687
2026-02-08 22:34:48,22.187
2026-02-08 22:38:15,21.687
2026-02-08 22:41:42,21.187
2026-02-08 22:45:41,20.687
2026-02-08 22:50:13,20.187
2026-02-08 22:54:56,19.687
2026-02-08 23:00:33,19.187
2026-02-08 23:06:32,18.687
2026-02-08 23:13:37,18.187
2026-02-08 23:22:08,17.687
2026-02-08 23:33:23,18.187
2026-02-09 00:02:02,17.687
2026-02-09 00:17:16,17.187
2026-02-09 00:34:30,16.687
2026-02-09 00:55:43,16.187
2026-02-09 01:27:49,15.687
2026-02-09 01:42:09,17.5
2026-02-09 01:42:20,20.75
2026-02-09 01:42:31,22.625
2026-02-09 01:42:41,23.812
2026-02-09 01:42:52,25.062
2026-02-09 01:43:03,26.562
2026-02-09 01:43:14,28.062
2026-02-09 01:43:25,29.187
2026-02-09 01:43:36,30.0
2026-02-09 01:43:47,30.625
2026-02-09 01:43:58,31.125
2026-02-09 01:44:19,31.812
2026-02-09 01:44:52,32.437
2026-02-09 01:46:08,33.0
2026-02-09 01:48:08,33.5
2026-02-09 01:49:46,34.0
2026-02-09 02:15:20,34.5
2026-02-09 02:21:30,34.0
2026-02-09 02:22:46,33.5
2026-02-09 02:23:52,34.5
2026-02-09 02:24:03,39.562
2026-02-09 02:24:13,41.375
2026-02-09 02:24:24,39.0
2026-02-09 02:24:35,35.812
2026-02-09 02:24:46,33.125
2026-02-09 02:24:57,31.062
2026-02-09 02:25:08,29.5
2026-02-09 02:25:19,28.312
2026-02-09 02:25:30,27.437
2026-02-09 02:25:40,26.75
2026-02-09 02:25:51,26.25
2026-02-09 02:26:13,25.5
2026-02-09 02:26:46,24.875
2026-02-09 02:27:29,24.375
2026-02-09 02:28:13,25.187
2026-02-09 02:28:24,27.0
2026-02-09 02:28:35,28.562
2026-02-09 02:28:45,29.75
2026-02-09 02:28:56,30.625
2026-02-09 02:29:07,31.25
2026-02-09 02:29:18,31.812
2026-02-09 02:29:40,32.437
2026-02-09 02:30:13,33.0
2026-02-09 02:34:01,33.562
2026-02-09 02:34:55,34.125
2026-02-09 02:46:10,34.625
2026-02-09 03:30:03,35.125
2026-02-09 04:33:32,35.625
2026-02-09 05:54:36,36.125
2026-02-09 06:33:03,35.625
2026-02-09 06:34:19,35.125
2026-02-09 06:35:35,35.625
2026-02-09 06:35:46,40.312
2026-02-09 06:35:57,42.5
2026-02-09 06:36:08,40.5
2026-02-09 06:36:19,37.437
2026-02-09 06:36:30,34.812
2026-02-09 06:36:41,32.75
2026-02-09 06:36:52,31.25
2026-02-09 06:37:03,30.062
2026-02-09 06:37:13,29.187
2026-02-09 06:37:24,28.5
2026-02-09 06:37:35,28.0
2026-02-09 06:37:57,27.25
2026-02-09 06:38:19,26.75
2026-02-09 06:39:02,26.187
2026-02-09 06:39:57,26.812
2026-02-09 06:40:08,28.625
2026-02-09 06:40:18,30.187
2026-02-09 06:40:29,31.437
2026-02-09 06:40:40,32.312
2026-02-09 06:40:51,32.812
2026-02-09 06:41:24,33.312
2026-02-09 06:42:40,33.812
2026-02-09 06:45:12,34.312
2026-02-09 06:45:56,34.812
2026-02-09 06:46:28,35.437
2026-02-09 06:47:23,35.937
2026-02-09 07:18:57,36.437
2026-02-09 08:40:55,35.062
2026-02-09 08:41:06,33.937
2026-02-09 08:41:17,33.187
2026-02-09 08:41:28,32.625
2026-02-09 08:41:50,31.937
2026-02-09 08:42:12,31.437
2026-02-09 08:42:44,30.937
2026-02-09 08:43:39,30.437
2026-02-09 08:44:44,29.937
2026-02-09 08:46:11,29.437
2026-02-09 08:47:38,28.937
2026-02-09 08:49:05,28.437
2026-02-09 08:50:43,27.937
2026-02-09 08:52:21,27.437
2026-02-09 08:54:10,26.937
2026-02-09 08:55:59,26.437
2026-02-09 08:57:58,25.937
2026-02-09 08:59:58,25.437
2026-02-09 09:01:58,24.937
2026-02-09 09:04:19,24.437
2026-02-09 09:06:41,23.937
2026-02-09 09:09:13,23.437
2026-02-09 09:11:45,22.937
2026-02-09 09:14:39,22.437
2026-02-09 09:17:45,21.937
2026-02-09 09:21:11,21.437
2026-02-09 09:24:38,20.937
2026-02-09 09:28:37,20.437
2026-02-09 09:32:58,19.937
2026-02-09 09:38:03,19.437
2026-02-09 09:43:51,18.937
2026-02-09 10:12:52,18.437
2026-02-09 10:24:07,17.937
2026-02-09 10:36:16,17.437
2026-02-09 10:49:08,16.937
2026-02-09 11:05:06,16.437
2026-02-09 11:27:35,15.937
2026-02-09 12:00:25,15.437
2026-02-09 12:37:14,15.937
2026-02-09 12:46:50,16.437
2026-02-09 13:39:05,15.937
2026-02-09 14:00:18,20.5
2026-02-09 14:00:29,23.062
2026-02-09 14:00:51,23.937
2026-02-09 14:01:02,25.125
2026-02-09 14:01:12,26.687
2026-02-09 14:01:23,28.125
2026-02-09 14:01:34,29.25
2026-02-09 14:01:45,30.062
2026-02-09 14:01:56,30.625
2026-02-09 14:02:07,31.125
2026-02-09 14:02:29,31.812
2026-02-09 14:03:01,32.375
2026-02-09 14:04:07,32.937
2026-02-09 14:06:06,33.437
2026-02-09 14:07:12,33.937
2026-02-09 14:21:09,34.437
2026-02-09 15:11:24,34.937
2026-02-09 16:03:05,35.437
2026-02-09 16:26:51,34.937
2026-02-09 16:28:07,34.437
2026-02-09 16:29:23,36.75
2026-02-09 16:29:34,41.375
2026-02-09 16:29:56,38.812
2026-02-09 16:30:07,35.812
2026-02-09 16:30:17,33.375
2026-02-09 16:30:28,31.5
2026-02-09 16:30:39,30.062
2026-02-09 16:30:50,29.0
2026-02-09 16:31:01,28.187
2026-02-09 16:31:12,27.562
2026-02-09 16:31:34,26.75
2026-02-09 16:31:55,26.187
2026-02-09 16:32:28,25.687
2026-02-09 16:33:44,26.687
2026-02-09 16:33:55,28.5
2026-02-09 16:34:06,29.937
2026-02-09 16:34:17,31.0
2026-02-09 16:34:28,31.812
2026-02-09 16:34:39,32.437
2026-02-09 16:35:00,33.25
2026-02-09 16:35:22,33.75
2026-02-09 16:39:54,34.375
2026-02-09 16:40:27,34.937
2026-02-09 16:41:54,35.437
2026-02-09 17:37:02,35.937
2026-02-09 18:54:28,36.437
2026-02-09 19:04:05,35.937
2026-02-09 19:04:16,34.687
2026-02-09 19:04:27,33.687
2026-02-09 19:04:38,32.937
2026-02-09 19:04:49,32.375
2026-02-09 19:05:10,31.687
2026-02-09 19:05:32,31.187
2026-02-09 19:06:16,30.625
2026-02-09 19:07:21,30.125
2026-02-09 19:08:37,29.625
2026-02-09 19:09:53,29.125
2026-02-09 19:11:31,28.625
2026-02-09 19:13:09,28.125
2026-02-09 19:14:47,27.625
2026-02-09 19:16:36,27.125
2026-02-09 19:18:25,26.625
2026-02-09 19:20:24,26.125
2026-02-09 19:22:24,25.625
2026-02-09 19:24:46,25.125
2026-02-09 19:26:45,24.625
2026-02-09 19:29:18,24.125
2026-02-09 19:32:01,23.625
2026-02-09 19:34:33,23.125
2026-02-09 19:37:38,22.625
2026-02-09 19:40:43,22.125
2026-02-09 19:44:10,21.625
2026-02-09 19:47:47,21.125
2026-02-09 19:59:35,20.625
2026-02-09 20:11:11,20.125
2026-02-09 20:19:42,19.625
2026-02-09 20:28:03,19.125
2026-02-09 20:36:56,18.625
2026-02-09 20:47:16,18.125
2026-02-09 20:58:31,17.625
2026-02-09 21:12:18,17.125
2026-02-09 21:28:59,16.625
2026-02-09 21:51:17,16.125
2026-02-09 22:30:49,15.625
2026-02-09 22:43:09,16.125
2026-02-09 22:50:35,16.625
2026-02-10 00:10:01,16.125
2026-02-10 00:48:39,15.625
2026-02-10 01:25:28,17.0
2026-02-10 01:25:39,25.0
2026-02-10 01:25:50,30.25
2026-02-10 01:26:01,29.5
2026-02-10 01:26:12,27.125
2026-02-10 01:26:23,25.25
2026-02-10 01:26:34,24.187
2026-02-10 01:26:45,23.5
2026-02-10 01:27:06,22.812
2026-02-10 01:27:50,22.312
2026-02-10 01:29:49,22.937
2026-02-10 01:30:00,24.812
2026-02-10 01:30:11,26.5
2026-02-10 01:30:22,27.875
2026-02-10 01:30:33,28.875
2026-02-10 01:30:44,29.562
2026-02-10 01:30:55,30.125
2026-02-10 01:31:17,30.875
2026-02-10 01:31:49,31.437
2026-02-10 01:33:49,31.937
2026-02-10 01:35:38,32.562
2026-02-10 01:36:32,33.062
2026-02-10 01:40:21,33.562
2026-02-10 01:51:14,34.062
2026-02-10 02:40:12,34.562
2026-02-10 02:48:54,32.625
2026-02-10 02:49:05,30.937
2026-02-10 02:49:16,29.437
2026-02-10 02:49:27,28.312
2026-02-10 02:49:38,27.437
2026-02-10 02:49:49,26.812
2026-02-10 02:50:00,26.312
2026-02-10 02:50:21,25.625
2026-02-10 02:50:54,25.062
2026-02-10 02:51:49,24.562
2026-02-10 02:52:54,25.25
2026-02-10 02:53:05,27.0
2026-02-10 02:53:16,28.625
2026-02-10 02:53:26,29.812
2026-02-10 02:53:37,30.687
2026-02-10 02:53:48,31.375
2026-02-10 02:53:59,31.875
2026-02-10 02:54:21,32.625
2026-02-10 02:54:53,33.25
2026-02-10 02:55:37,32.75
2026-02-10 02:58:53,33.312
2026-02-10 02:59:25,33.937
2026-02-10 03:00:20,34.437
2026-02-10 03:26:49,34.937
2026-02-10 04:26:18,35.437
2026-02-10 05:39:02,35.937
2026-02-10 05:41:34,35.437
2026-02-10 05:42:50,34.937
2026-02-10 05:44:17,34.375
2026-02-10 05:44:39,36.187
2026-02-10 05:44:50,41.0
2026-02-10 05:45:01,42.062
2026-02-10 05:45:12,39.562
2026-02-10 05:45:23,36.562
2026-02-10 05:45:33,34.062
2026-02-10 05:45:44,32.125
2026-02-10 05:45:55,30.625
2026-02-10 05:46:06,29.562
2026-02-10 05:46:17,28.687
2026-02-10 05:46:28,28.062
2026-02-10 05:46:39,27.562
2026-02-10 05:47:00,26.875
2026-02-10 05:47:22,26.375
2026-02-10 05:48:06,25.875
2026-02-10 05:49:00,26.875
2026-02-10 05:49:11,28.687
2026-02-10 05:49:22,30.187
2026-02-10 05:49:33,31.312
2026-02-10 05:49:44,32.125
2026-02-10 05:49:55,32.75
2026-02-10 05:50:05,33.25
2026-02-10 05:50:27,33.875
2026-02-10 05:54:59,34.437
2026-02-10 05:55:32,35.062
2026-02-10 05:56:26,35.562
2026-02-10 06:25:28,36.062
2026-02-10 08:03:57,36.562
2026-02-10 09:17:46,35.375
2026-02-10 09:17:57,34.187
2026-02-10 09:18:08,33.312
2026-02-10 09:18:19,32.75
2026-02-10 09:18:40,32.0
2026-02-10 09:19:02,31.5
2026-02-10 09:19:46,30.937
2026-02-10 09:20:40,30.375
2026-02-10 09:21:56,29.875
2026-02-10 09:23:23,29.375
2026-02-10 09:24:50,28.875
2026-02-10 09:26:28,28.375
2026-02-10 09:27:55,27.875
2026-02-10 09:29:44,27.375
2026-02-10 09:31:33,26.875
2026-02-10 09:33:22,26.375
2026-02-10 09:35:32,25.875
2026-02-10 09:37:21,25.375
2026-02-10 09:39:53,24.875
2026-02-10 09:44:26,24.375
2026-02-10 09:47:52,23.875
2026-02-10 09:52:03,23.375
2026-02-10 09:56:13,22.875
2026-02-10 10:00:23,22.375
2026-02-10 10:04:55,21.875
2026-02-10 10:09:17,21.375
2026-02-10 10:13:59,20.875
2026-02-10 10:19:04,20.375
2026-02-10 10:24:52,19.875
2026-02-10 10:31:02,19.375
2026-02-10 10:37:45,18.875
2026-02-10 10:45:33,18.375
2026-02-10 10:54:26,17.875
2026-02-10 11:05:31,17.375
2026-02-10 11:19:39,16.875
2026-02-10 11:35:48,16.375
2026-02-10 12:00:17,15.875
2026-02-10 12:37:28,16.375
2026-02-10 12:49:37,16.875
2026-02-10 13:28:36,16.375
2026-02-10 13:58:42,15.875
2026-02-10 14:44:25,15.375
2026-02-10 15:21:03,15.875
2026-02-10 15:27:56,16.375
2026-02-10 16:54:59,15.875
2026-02-10 17:50:08,15.375
2026-02-10 17:58:18,15.875
2026-02-10 18:05:33,16.375
2026-02-10 19:26:37,15.875
2026-02-10 20:13:14,15.375
2026-02-10 20:40:15,15.875
2026-02-10 20:48:03,16.375
2026-02-10 21:43:11,20.437
2026-02-10 21:43:22,23.875
2026-02-10 21:43:55,25.0
2026-02-10 21:44:06,26.125
2026-02-10 21:44:17,27.375
2026-02-10 21:44:27,28.375
2026-02-10 21:44:38,29.187
2026-02-10 21:44:49,29.75
2026-02-10 21:45:11,30.562
2026-02-10 21:45:33,31.062
2026-02-10 21:46:05,31.562
2026-02-10 21:47:21,32.125
2026-02-10 21:49:10,32.625
2026-02-10 21:50:16,33.125
2026-02-10 22:00:37,31.687
2026-02-10 22:00:48,30.687
2026-02-10 22:00:59,29.937
2026-02-10 22:01:09,29.437
2026-02-10 22:01:31,28.75
2026-02-10 22:02:04,28.187
2026-02-10 22:02:47,27.687
2026-02-10 22:04:04,27.187
2026-02-10 22:05:41,26.687
2026-02-10 22:07:19,26.187
2026-02-10 22:09:19,25.687
2026-02-10 22:11:30,25.187
2026-02-10 22:13:40,24.687
2026-02-10 22:15:51,24.187
2026-02-10 22:18:23,23.687
2026-02-10 22:20:55,23.187
2026-02-10 22:23:50,22.687
2026-02-10 22:26:44,22.187
2026-02-10 22:30:00,21.687
2026-02-10 22:33:26,21.187
2026-02-10 22:37:04,20.687
2026-02-10 22:41:14,20.187
2026-02-10 22:45:24,19.687
2026-02-10 22:50:40,19.187
2026-02-10 22:56:17,18.687
2026-02-10 23:03:11,18.187
2026-02-10 23:50:42,17.687
2026-02-11 00:07:12,17.187
2026-02-11 00:24:59,16.687
2026-02-11 00:25:31,17.812
2026-02-11 00:25:42,22.125
2026-02-11 00:25:53,24.187
2026-02-11 00:26:15,24.812
2026-02-11 00:26:26,25.875
2026-02-11 00:26:37,27.125
2026-02-11 00:26:47,28.125
2026-02-11 00:26:58,28.875
2026-02-11 00:27:09,29.437
2026-02-11 00:27:31,30.25
2026-02-11 00:27:53,30.75
2026-02-11 00:28:25,31.25
2026-02-11 00:29:09,31.75
2026-02-11 00:30:36,32.25
2026-02-11 00:31:52,32.75
2026-02-11 00:38:24,33.25
2026-02-11 00:48:55,33.75
2026-02-11 02:12:31,34.25
2026-02-11 02:47:42,34.75
2026-02-11 03:05:51,34.25
2026-02-11 03:07:07,33.75
2026-02-11 03:08:34,33.25
2026-02-11 03:08:56,33.937
2026-02-11 03:09:07,38.75
2026-02-11 03:09:17,41.5
2026-02-11 03:09:28,39.562
2026-02-11 03:09:39,36.437
2026-02-11 03:09:50,33.625
2026-02-11 03:10:01,31.5
2026-02-11 03:10:12,29.812
2026-02-11 03:10:23,28.625
2026-02-11 03:10:34,27.687
2026-02-11 03:10:44,26.937
2026-02-11 03:10:55,26.437
2026-02-11 03:11:17,25.625
2026-02-11 03:11:39,25.125
2026-02-11 03:12:11,24.625
2026-02-11 03:13:28,26.687
2026-02-11 03:13:39,28.375
2026-02-11 03:13:49,29.625
2026-02-11 03:14:00,30.625
2026-02-11 03:14:11,31.25
2026-02-11 03:14:22,31.75
2026-02-11 03:14:44,32.375
2026-02-11 03:15:16,32.875
2026-02-11 03:17:05,32.375
2026-02-11 03:19:05,32.937
2026-02-11 03:19:38,33.5
2026-02-11 03:20:21,34.0
2026-02-11 03:28:42,34.5
2026-02-11 04:05:52,35.0
2026-02-11 05:32:23,35.5
2026-02-11 06:20:49,36.0
2026-02-11 07:24:06,35.5
2026-02-11 07:25:22,35.0
2026-02-11 07:26:39,34.5
2026-02-11 07:27:22,35.125
2026-02-11 07:27:33,39.812
2026-02-11 07:27:44,42.312
2026-02-11 07:27:55,40.437
2026-02-11 07:28:06,37.437
2026-02-11 07:28:16,34.75
2026-02-11 07:28:27,32.75
2026-02-11 07:28:38,31.187
2026-02-11 07:28:49,30.0
2026-02-11 07:29:00,29.125
2026-02-11 07:29:11,28.437
2026-02-11 07:29:22,27.875
2026-02-11 07:29:44,27.125
2026-02-11 07:30:05,26.625
2026-02-11 07:30:49,26.062
2026-02-11 07:31:54,28.187
2026-02-11 07:32:05,29.812
2026-02-11 07:32:16,31.0
2026-02-11 07:32:27,31.937
2026-02-11 07:32:38,32.625
2026-02-11 07:32:48,33.125
2026-02-11 07:33:10,33.687
2026-02-11 07:37:31,34.25
2026-02-11 07:38:04,34.812
2026-02-11 07:38:37,35.312
2026-02-11 07:40:15,35.812
2026-02-11 08:03:28,36.437
2026-02-11 09:00:03,35.25
2026-02-11 09:00:14,33.937
2026-02-11 09:00:24,33.062
2026-02-11 09:00:35,32.5
2026-02-11 09:00:46,32.0
2026-02-11 09:01:08,31.312
2026-02-11 09:01:41,30.75
2026-02-11 09:02:35,30.187
2026-02-11 09:03:40,29.687
2026-02-11 09:05:07,29.187
2026-02-11 09:06:34,28.687
2026-02-11 09:08:02,28.187
2026-02-11 09:09:50,27.687
2026-02-11 09:11:28,27.187
2026-02-11 09:13:28,26.687
2026-02-11 09:15:06,26.187
2026-02-11 09:17:05,25.687
2026-02-11 09:19:16,25.187
2026-02-11 09:21:27,24.687
2026-02-11 09:23:37,24.187
2026-02-11 09:26:10,23.687
2026-02-11 09:28:53,23.187
2026-02-11 09:31:36,22.687
2026-02-11 09:34:30,22.187
2026-02-11 09:37:57,21.687
2026-02-11 09:41:13,21.187
2026-02-11 09:45:01,20.687
2026-02-11 09:49:22,20.187
2026-02-11 09:54:16,19.687
2026-02-11 09:59:10,19.187
2026-02-11 10:04:47,18.687
2026-02-11 10:11:52,18.187
2026-02-11 10:55:12,17.687
2026-02-11 11:10:27,17.187
2026-02-11 11:27:40,16.687
2026-02-11 11:49:04,16.187
2026-02-11 12:18:38,15.687
2026-02-11 13:14:08,16.187
2026-02-11 13:27:44,16.687
2026-02-11 14:08:54,16.187
2026-02-11 14:45:00,15.687
2026-02-11 15:30:31,19.125
2026-02-11 15:30:42,21.437
2026-02-11 15:30:53,22.625
2026-02-11 15:31:03,23.687
2026-02-11 15:31:14,25.0
2026-02-11 15:31:25,26.562
2026-02-11 15:31:36,27.875
2026-02-11 15:31:47,28.812
2026-02-11 15:31:58,29.5
2026-02-11 15:32:09,30.0
2026-02-11 15:32:31,30.812
2026-02-11 15:33:03,31.5
2026-02-11 15:34:08,32.0
2026-02-11 15:36:08,32.5
2026-02-11 15:37:14,33.0
2026-02-11 15:43:23,33.5
2026-02-11 15:49:12,34.0
2026-02-11 16:14:13,33.5
2026-02-11 16:15:40,32.937
2026-02-11 16:16:24,34.187
2026-02-11 16:16:35,39.187
2026-02-11 16:16:46,40.937
2026-02-11 16:16:57,38.625
2026-02-11 16:17:07,35.5
2026-02-11 16:17:18,32.812
2026-02-11 16:17:29,30.75
2026-02-11 16:17:40,29.25
2026-02-11 16:17:51,28.062
2026-02-11 16:18:02,27.187
2026-02-11 16:18:13,26.562
2026-02-11 16:18:24,26.062
2026-02-11 16:18:45,25.312
2026-02-11 16:19:07,24.812
2026-02-11 16:19:51,24.312
2026-02-11 16:20:45,25.0
2026-02-11 16:20:56,26.75
2026-02-11 16:21:07,28.25
2026-02-11 16:21:18,29.375
2026-02-11 16:21:29,30.187
2026-02-11 16:21:39,30.812
2026-02-11 16:22:01,31.625
2026-02-11 16:22:34,32.25
2026-02-11 16:26:44,32.75
2026-02-11 16:27:17,33.25
2026-02-11 16:28:11,33.75
2026-02-11 16:34:43,34.25
2026-02-11 16:59:01,34.875
2026-02-11 17:38:01,35.437
2026-02-11 18:15:11,34.312
2026-02-11 18:15:22,33.062
2026-02-11 18:15:33,32.187
2026-02-11 18:15:44,31.562
2026-02-11 18:16:06,30.75
2026-02-11 18:16:27,30.25
2026-02-11 18:17:00,29.75
2026-02-11 18:17:54,29.25
2026-02-11 18:19:11,28.75
2026-02-11 18:20:38,28.25
2026-02-11 18:22:16,27.75
2026-02-11 18:23:54,27.25
2026-02-11 18:25:42,26.75
2026-02-11 18:27:42,26.25
2026-02-11 18:29:42,25.75
2026-02-11 18:31:42,25.25
2026-02-11 18:34:03,24.75
2026-02-11 18:36:35,24.25
2026-02-11 18:39:18,23.75
2026-02-11 18:42:02,23.25
2026-02-11 18:44:56,22.75
2026-02-11 18:48:12,22.25
2026-02-11 18:51:39,21.75
2026-02-11 18:55:16,21.25
2026-02-11 18:59:05,20.75
2026-02-11 19:03:15,20.25
2026-02-11 19:07:58,19.75
2026-02-11 19:30:38,19.25
2026-02-11 19:42:58,18.75
2026-02-11 19:54:02,18.25
2026-02-11 20:05:38,17.75
2026-02-11 20:20:09,17.25
2026-02-11 20:36:07,16.75
2026-02-11 20:58:03,16.25
2026-02-11 21:25:15,15.75
2026-02-11 22:03:10,16.25
2026-02-11 22:12:46,16.75
2026-02-11 23:10:38,16.25
2026-02-12 00:05:57,15.75
2026-02-12 00:41:41,16.25
2026-02-12 00:49:39,16.75
2026-02-12 01:46:14,16.25
2026-02-12 02:36:17,15.75
2026-02-12 03:10:34,19.312
2026-02-12 03:10:45,21.937
2026-02-12 03:10:56,23.625
2026-02-12 03:11:06,24.687
2026-02-12 03:11:17,25.437
2026-02-12 03:11:28,26.0
2026-02-12 03:11:50,26.625
2026-02-12 03:12:33,27.125
2026-02-12 03:14:44,31.875
2026-02-12 03:14:55,36.687
2026-02-12 03:15:06,35.687
2026-02-12 03:15:17,32.437
2026-02-12 03:15:28,29.625
2026-02-12 03:15:39,27.562
2026-02-12 03:15:49,26.125
2026-02-12 03:16:00,25.062
2026-02-12 03:16:11,24.25
2026-02-12 03:16:22,23.687
2026-02-12 03:16:44,22.937
2026-02-12 03:17:06,22.437
2026-02-12 03:18:00,21.875
2026-02-12 03:19:05,23.625
2026-02-12 03:19:16,25.375
2026-02-12 03:19:27,26.875
2026-02-12 03:19:38,28.187
2026-02-12 03:19:49,29.062
2026-02-12 03:20:00,29.687
2026-02-12 03:20:11,30.187
2026-02-12 03:20:32,30.937
2026-02-12 03:21:05,31.562
2026-02-12 03:22:10,32.187
2026-02-12 03:23:48,32.687
2026-02-12 03:24:53,33.187
2026-02-12 03:33:14,33.687
2026-02-12 03:52:17,34.25
2026-02-12 04:28:01,33.75
2026-02-12 05:33:51,34.25
2026-02-12 06:57:05,34.75
2026-02-12 07:26:28,35.25
2026-02-12 07:37:10,34.687
2026-02-12 07:38:26,34.187
2026-02-12 07:39:53,33.687
2026-02-12 07:40:59,37.75
2026-02-12 07:41:10,41.562
2026-02-12 07:41:20,40.5
2026-02-12 07:41:31,37.5
2026-02-12 07:41:42,34.687
2026-02-12 07:41:53,32.437
2026-02-12 07:42:04,30.687
2026-02-12 07:42:15,29.437
2026-02-12 07:42:26,28.5
2026-02-12 07:42:37,27.75
2026-02-12 07:42:48,27.187
2026-02-12 07:42:58,26.687
2026-02-12 07:43:20,26.125
2026-02-12 07:43:53,25.5
2026-02-12 07:44:47,25.0
2026-02-12 07:45:20,26.937
2026-02-12 07:45:31,28.625
2026-02-12 07:45:42,29.875
2026-02-12 07:45:53,30.875
2026-02-12 07:46:03,31.562
2026-02-12 07:46:14,32.125
2026-02-12 07:46:36,32.875
2026-02-12 07:47:09,33.437
2026-02-12 07:48:25,32.937
2026-02-12 07:50:57,33.437
2026-02-12 07:51:30,33.937
2026-02-12 07:52:03,34.437
2026-02-12 08:01:17,34.937
2026-02-12 08:01:39,33.687
2026-02-12 08:01:50,32.625
2026-02-12 08:02:01,31.062
2026-02-12 08:02:12,29.687
2026-02-12 08:02:23,28.687
2026-02-12 08:02:34,27.875
2026-02-12 08:02:45,27.312
2026-02-12 08:02:56,26.812
2026-02-12 08:03:17,26.187
2026-02-12 08:03:50,25.625
2026-02-12 08:04:55,25.125
2026-02-12 08:05:50,26.687
2026-02-12 08:06:01,28.375
2026-02-12 08:06:11,29.812
2026-02-12 08:06:22,30.812
2026-02-12 08:06:33,31.562
2026-02-12 08:06:44,32.125
2026-02-12 08:07:06,32.937
2026-02-12 08:07:38,33.5
2026-02-12 08:12:00,34.062
2026-02-12 08:12:32,34.562
2026-02-12 08:14:10,35.062
2026-02-12 08:47:00,35.562
2026-02-12 09:49:22,36.062
2026-02-12 11:49:04,35.562
2026-02-12 11:50:20,35.062
2026-02-12 11:51:47,34.5
2026-02-12 11:52:31,38.312
2026-02-12 11:52:42,42.125
2026-02-12 11:52:53,41.312
2026-02-12 11:53:04,38.437
2026-02-12 11:53:14,35.687
2026-02-12 11:53:25,33.5
2026-02-12 11:53:36,31.812
2026-02-12 11:53:47,30.562
2026-02-12 11:53:58,29.625
2026-02-12 11:54:09,28.937
2026-02-12 11:54:20,28.375
2026-02-12 11:54:41,27.562
2026-02-12 11:55:03,27.062
2026-02-12 11:55:36,26.562
2026-02-12 11:56:52,28.062
2026-02-12 11:57:03,29.75
2026-02-12 11:57:14,31.0
2026-02-12 11:57:25,32.0
2026-02-12 11:57:36,32.687
2026-02-12 11:57:47,33.187
2026-02-12 11:59:14,33.75
2026-02-12 12:02:19,34.25
2026-02-12 12:02:51,34.812
2026-02-12 12:03:24,35.312
2026-02-12 12:04:51,35.812
2026-02-12 13:19:23,36.312
2026-02-12 14:51:09,34.75
2026-02-12 14:51:20,33.812
2026-02-12 14:51:31,33.187
2026-02-12 14:51:42,32.687
2026-02-12 14:52:03,32.0
2026-02-12 14:52:36,31.437
2026-02-12 14:53:20,30.937
2026-02-12 14:54:36,30.375
2026-02-12 14:56:03,29.875
2026-02-12 14:57:30,29.375
2026-02-12 14:59:08,28.875
2026-02-12 15:00:46,28.375
2026-02-12 15:02:35,27.875
2026-02-12 15:04:34,27.375
2026-02-12 15:06:23,26.875
2026-02-12 15:08:34,26.375
2026-02-12 15:10:44,25.875
2026-02-12 15:12:55,25.375
2026-02-12 15:15:16,24.875
2026-02-12 15:17:59,24.375
2026-02-12 15:20:43,23.875
2026-02-12 15:23:48,23.375
2026-02-12 15:26:53,22.875
2026-02-12 15:34:51,22.375
2026-02-12 15:44:17,21.875
2026-02-12 15:51:00,21.375
2026-02-12 15:58:26,20.875
2026-02-12 16:06:03,20.375
2026-02-12 16:13:51,19.875
2026-02-12 16:23:28,19.375
2026-02-12 16:34:32,18.875
2026-02-12 16:50:51,18.375
2026-02-12 17:11:32,17.875
2026-02-12 17:40:33,17.375
2026-02-12 18:14:28,16.875
2026-02-12 18:20:59,17.375
2026-02-12 18:29:20,17.875
2026-02-12 19:24:17,17.375
2026-02-12 19:54:23,16.875
2026-02-12 20:34:06,16.375
2026-02-12 21:11:06,16.875
2026-02-12 21:18:32,17.375
2026-02-12 22:19:40,16.875
2026-02-12 22:53:24,16.375
2026-02-12 23:52:09,16.875
2026-02-12 23:59:14,17.375
2026-02-13 00:51:49,16.875
2026-02-13 01:17:02,19.125
2026-02-13 01:17:13,22.562
2026-02-13 01:17:24,23.312
2026-02-13 01:17:46,24.562
2026-02-13 01:17:57,25.812
2026-02-13 01:18:07,27.25
2026-02-13 01:18:18,28.437
2026-02-13 01:18:29,29.25
2026-02-13 01:18:40,29.937
2026-02-13 01:18:51,30.437
2026-02-13 01:19:13,31.125
2026-02-13 01:19:35,31.687
2026-02-13 01:20:40,32.312
2026-02-13 01:22:39,32.812
2026-02-13 01:23:45,33.312
2026-02-13 01:31:11,33.812
2026-02-13 01:36:05,34.437
2026-02-13 01:37:32,33.937
2026-02-13 01:46:03,32.937
2026-02-13 01:46:14,31.687
2026-02-13 01:46:25,30.187
2026-02-13 01:46:36,28.812
2026-02-13 01:46:47,27.75
2026-02-13 01:46:58,26.937
2026-02-13 01:47:09,26.375
2026-02-13 01:47:20,25.875
2026-02-13 01:47:41,25.25
2026-02-13 01:48:14,24.687
2026-02-13 01:48:57,24.125
2026-02-13 01:50:14,25.125
2026-02-13 01:50:25,26.812
2026-02-13 01:50:35,28.25
2026-02-13 01:50:46,29.25
2026-02-13 01:50:57,30.0
2026-02-13 01:51:08,30.5
2026-02-13 01:51:30,31.25
2026-02-13 01:52:02,31.875
2026-02-13 01:53:08,32.375
2026-02-13 01:54:13,33.0
2026-02-13 01:56:45,33.5
2026-02-13 01:57:18,34.0
2026-02-13 01:59:29,34.5
2026-02-13 02:00:45,34.0
2026-02-13 02:04:33,34.5
2026-02-13 02:06:44,34.0
2026-02-13 02:22:31,34.5
2026-02-13 02:37:34,34.0
2026-02-13 02:57:52,34.5
2026-02-13 03:10:56,35.0
2026-02-13 03:27:48,34.5
2026-02-13 03:29:04,34.0
2026-02-13 03:30:31,33.5
2026-02-13 03:31:25,37.687
2026-02-13 03:31:36,41.437
2026-02-13 03:31:47,40.312
2026-02-13 03:31:58,37.187
2026-02-13 03:32:09,34.312
2026-02-13 03:32:20,32.062
2026-02-13 03:32:31,30.312
2026-02-13 03:32:42,29.0
2026-02-13 03:32:53,28.0
2026-02-13 03:33:03,27.312
2026-02-13 03:33:14,26.687
2026-02-13 03:33:36,25.875
2026-02-13 03:33:58,25.375
2026-02-13 03:34:30,24.875
2026-02-13 03:35:47,26.625
2026-02-13 03:35:58,28.312
2026-02-13 03:36:08,29.562
2026-02-13 03:36:19,30.437
2026-02-13 03:36:30,31.187
2026-02-13 03:36:41,31.687
2026-02-13 03:37:03,32.375
2026-02-13 03:37:25,32.875
2026-02-13 03:41:46,33.437
2026-02-13 03:42:18,34.062
2026-02-13 03:43:02,34.687
2026-02-13 03:52:49,35.187
2026-02-13 04:14:57,35.687
2026-02-13 04:17:08,35.187
2026-02-13 04:25:39,35.75
2026-02-13 04:27:39,35.25
2026-02-13 04:41:26,35.75
2026-02-13 05:30:13,36.25
2026-02-13 05:35:28,35.75
2026-02-13 05:46:21,36.25
2026-02-13 06:56:54,36.75
2026-02-13 07:47:19,36.25
2026-02-13 07:48:25,35.75
2026-02-13 07:49:52,35.25
2026-02-13 07:50:35,36.0
2026-02-13 07:50:46,40.625
2026-02-13 07:50:57,42.812
2026-02-13 07:51:08,40.75
2026-02-13 07:51:19,37.75
2026-02-13 07:51:30,35.125
2026-02-13 07:51:41,33.062
2026-02-13 07:51:51,31.562
2026-02-13 07:52:02,30.437
2026-02-13 07:52:13,29.562
2026-02-13 07:52:24,28.875
2026-02-13 07:52:35,28.375
2026-02-13 07:52:57,27.625
2026-02-13 07:53:29,26.937
2026-02-13 07:54:24,26.437
2026-02-13 07:54:56,27.125
2026-02-13 07:55:07,28.875
2026-02-13 07:55:18,30.5
2026-02-13 07:55:29,31.625
2026-02-13 07:55:40,32.437
2026-02-13 07:56:02,33.125
2026-02-13 07:56:45,33.625
2026-02-13 07:58:23,34.125
2026-02-13 07:59:28,34.625
2026-02-13 08:00:55,35.125
2026-02-13 08:01:28,35.687
2026-02-13 08:02:01,36.187
2026-02-13 08:05:17,36.75
2026-02-13 08:22:09,36.0
2026-02-13 08:22:20,34.437
2026-02-13 08:22:30,32.875
2026-02-13 08:22:41,31.5
2026-02-13 08:22:52,30.437
2026-02-13 08:23:03,29.625
2026-02-13 08:23:14,29.0
2026-02-13 08:23:25,28.5
2026-02-13 08:23:47,27.812
2026-02-13 08:24:19,27.25
2026-02-13 08:25:14,26.687
2026-02-13 08:26:19,27.937
2026-02-13 08:26:30,30.0
2026-02-13 08:26:41,31.687
2026-02-13 08:26:52,32.875
2026-02-13 08:27:03,33.75
2026-02-13 08:27:13,34.25
2026-02-13 08:27:35,34.937
2026-02-13 08:27:57,35.437
2026-02-13 08:28:40,35.937
2026-02-13 08:29:13,36.5
2026-02-13 08:41:11,37.0
2026-02-13 08:41:22,36.25
2026-02-13 08:41:33,34.75
2026-02-13 08:41:44,33.125
2026-02-13 08:41:55,31.687
2026-02-13 08:42:06,30.562
2026-02-13 08:42:17,29.687
2026-02-13 08:42:27,29.062
2026-02-13 08:42:38,28.562
2026-02-13 08:43:00,27.812
2026-02-13 08:43:33,27.187
2026-02-13 08:44:27,26.625
2026-02-13 08:45:32,27.5
2026-02-13 08:45:43,29.5
2026-02-13 08:45:54,31.25
2026-02-13 08:46:05,32.375
2026-02-13 08:46:16,33.187
2026-02-13 08:46:27,33.75
2026-02-13 08:46:49,34.5
2026-02-13 08:47:10,35.062
2026-02-13 08:47:43,35.812
2026-02-13 08:48:16,34.0
2026-02-13 08:48:27,32.437
2026-02-13 08:48:37,31.125
2026-02-13 08:48:48,30.062
2026-02-13 08:48:59,29.187
2026-02-13 08:49:10,28.562
2026-02-13 08:49:32,27.75
2026-02-13 08:49:54,27.25
2026-02-13 08:50:37,26.687
2026-02-13 08:52:15,27.312
2026-02-13 08:52:26,29.312
2026-02-13 08:52:37,31.062
2026-02-13 08:52:48,32.187
2026-02-13 08:52:59,33.062
2026-02-13 08:53:09,33.75
2026-02-13 08:53:20,34.25
2026-02-13 08:53:42,34.875
2026-02-13 08:54:15,35.375
2026-02-13 08:54:58,35.937
2026-02-13 08:58:25,36.5
2026-02-13 08:59:52,35.187
2026-02-13 09:00:03,34.0
2026-02-13 09:00:14,33.125
2026-02-13 09:00:25,32.562
2026-02-13 09:00:36,32.062
2026-02-13 09:00:57,31.437
2026-02-13 09:01:30,30.875
2026-02-13 09:02:24,30.375
2026-02-13 09:03:51,30.875
2026-02-13 09:04:13,31.375
2026-02-13 09:09:07,30.875
2026-02-13 09:10:34,30.375
2026-02-13 09:12:01,29.875
2026-02-13 09:13:28,29.312
2026-02-13 09:15:06,28.812
2026-02-13 09:16:33,28.312
2026-02-13 09:18:11,27.812
2026-02-13 09:19:49,27.312
2026-02-13 09:21:27,26.812
2026-02-13 09:23:16,26.312
2026-02-13 09:25:16,25.812
2026-02-13 09:27:26,25.312
2026-02-13 09:29:37,24.812
2026-02-13 09:31:58,24.312
2026-02-13 09:34:41,23.812
2026-02-13 09:37:25,23.312
2026-02-13 09:40:19,22.812
2026-02-13 09:43:35,22.312
2026-02-13 09:47:01,21.812
2026-02-13 09:50:50,21.312
2026-02-13 09:55:11,20.812
2026-02-13 10:00:05,20.312
2026-02-13 10:05:20,19.812
2026-02-13 10:11:09,19.312
2026-02-13 10:18:02,18.812
2026-02-13 11:05:12,18.312
2026-02-13 11:20:04,17.812
2026-02-13 11:37:07,17.312
2026-02-13 11:58:52,16.812
2026-02-13 12:28:48,16.312
2026-02-13 13:18:08,16.812
2026-02-13 13:26:39,17.312
2026-02-13 14:13:48,19.437
2026-02-13 14:13:59,23.687
2026-02-13 14:14:10,24.687
2026-02-13 14:14:32,25.25
2026-02-13 14:14:42,26.5
2026-02-13 14:14:53,27.875
2026-02-13 14:15:04,28.875
2026-02-13 14:15:15,29.625
2026-02-13 14:15:26,30.125
2026-02-13 14:15:48,30.812
2026-02-13 14:16:10,31.312
2026-02-13 14:16:53,31.812
2026-02-13 14:18:09,32.375
2026-02-13 14:19:58,33.0
2026-02-13 14:20:42,33.5
2026-02-13 14:24:19,34.0
2026-02-13 14:27:46,34.5
2026-02-13 14:29:13,35.062
2026-02-13 14:33:45,34.562
2026-02-13 14:34:18,35.062
2026-02-13 14:48:59,35.625
2026-02-13 14:50:59,35.125
2026-02-13 14:57:31,35.625
2026-02-13 14:58:47,35.125
2026-02-13 15:01:08,35.625
2026-02-13 15:02:57,35.125
2026-02-13 15:05:40,35.625
2026-02-13 15:09:40,35.125
2026-02-13 15:25:48,35.625
2026-02-13 15:30:09,35.125
2026-02-13 15:31:58,35.625
2026-02-13 15:35:03,35.125
2026-02-13 15:54:05,35.75
2026-02-13 16:04:26,35.25
2026-02-13 16:06:36,35.812
2026-02-13 16:09:41,35.312
2026-02-13 16:13:08,35.812
2026-02-13 17:20:04,35.125
2026-02-13 17:20:15,33.937
2026-02-13 17:20:26,33.0
2026-02-13 17:20:37,32.312
2026-02-13 17:20:58,31.5
2026-02-13 17:21:20,31.0
2026-02-13 17:21:53,30.437
2026-02-13 17:22:47,29.937
2026-02-13 17:24:14,29.437
2026-02-13 17:25:41,28.937
2026-02-13 17:27:19,28.437
2026-02-13 17:29:08,27.937
2026-02-13 17:31:40,27.437
2026-02-13 17:34:56,26.937
2026-02-13 17:37:40,26.437
2026-02-13 17:40:45,25.937
2026-02-13 17:44:00,25.437
2026-02-13 17:47:16,24.937
2026-02-13 17:50:32,24.437
2026-02-13 17:54:10,23.937
2026-02-13 17:57:36,23.437
2026-02-13 18:01:25,22.937
2026-02-13 18:05:24,22.437
2026-02-13 18:10:07,21.937
2026-02-13 18:14:50,21.437
2026-02-13 18:20:17,20.937
2026-02-13 18:26:05,20.437
2026-02-13 18:32:47,19.937
2026-02-13 18:40:14,19.437
2026-02-13 18:48:56,18.937
2026-02-13 18:59:05,18.437
2026-02-13 19:12:09,17.937
2026-02-13 19:28:28,17.437
2026-02-13 19:53:19,16.937
2026-02-13 20:27:57,16.437
2026-02-13 20:36:39,16.937
2026-02-13 20:43:11,17.437
2026-02-13 21:53:00,16.937
2026-02-13 22:26:00,16.437
2026-02-13 23:28:02,16.937
2026-02-13 23:35:17,17.437
2026-02-14 00:13:00,18.5
2026-02-14 00:13:11,23.562
2026-02-14 00:13:22,26.0
2026-02-14 00:14:06,27.562
2026-02-14 00:14:16,28.75
2026-02-14 00:14:27,29.625
2026-02-14 00:14:38,30.312
2026-02-14 00:14:49,30.812
2026-02-14 00:15:11,31.562
2026-02-14 00:15:43,32.187
2026-02-14 00:16:27,32.687
2026-02-14 00:17:54,33.187
2026-02-14 00:19:21,33.687
2026-02-14 01:18:07,34.187
2026-02-14 02:06:43,34.687
2026-02-14 03:00:57,35.187
2026-02-14 03:36:40,34.687
2026-02-14 03:38:18,34.125
2026-02-14 03:39:02,35.5
2026-02-14 03:39:13,40.375
2026-02-14 03:39:24,41.875
2026-02-14 03:39:35,39.562
2026-02-14 03:39:45,36.5
2026-02-14 03:39:56,33.937
2026-02-14 03:40:07,31.937
2026-02-14 03:40:18,30.437
2026-02-14 03:40:29,29.312
2026-02-14 03:40:40,28.437
2026-02-14 03:40:51,27.75
2026-02-14 03:41:02,27.25
2026-02-14 03:41:23,26.562
2026-02-14 03:41:56,25.937
2026-02-14 03:42:39,25.437
2026-02-14 03:43:23,26.312
2026-02-14 03:43:34,28.125
2026-02-14 03:43:45,29.625
2026-02-14 03:43:56,30.75
2026-02-14 03:44:07,31.625
2026-02-14 03:44:17,32.25
2026-02-14 03:44:28,32.75
2026-02-14 03:44:50,33.375
2026-02-14 03:45:23,33.875
2026-02-14 03:49:44,34.437
2026-02-14 03:50:16,34.937
2026-02-14 04:01:21,35.437
2026-02-14 05:04:50,35.937
2026-02-14 06:27:20,36.437
2026-02-14 07:55:50,35.875
2026-02-14 07:57:17,35.375
2026-02-14 07:59:17,34.875
2026-02-14 08:01:17,34.312
2026-02-14 08:02:22,33.812
2026-02-14 08:03:49,33.312
2026-02-14 08:05:16,32.812
2026-02-14 08:06:54,32.25
2026-02-14 08:08:32,31.75
2026-02-14 08:10:10,31.25
2026-02-14 08:11:48,30.75
2026-02-14 08:10:50,29.625
2026-02-14 08:17:17,29.125
2026-02-14 08:19:07,28.625
2026-02-14 08:20:55,28.125
2026-02-14 08:22:55,27.625
2026-02-14 08:24:55,27.125
2026-02-14 08:27:16,26.562
2026-02-14 08:29:38,26.062
2026-02-14 08:31:59,25.562
2026-02-14 08:34:21,25.062
2026-02-14 08:36:53,24.562
2026-02-14 08:39:58,24.062
2026-02-14 08:42:41,23.562
2026-02-14 08:45:57,23.062
2026-02-14 08:49:35,22.562
2026-02-14 08:53:12,22.062
2026-02-14 08:57:23,21.562
2026-02-14 09:01:44,21.062
2026-02-14 09:06:49,20.562
2026-02-14 09:12:26,20.062
2026-02-14 09:18:14,19.562
2026-02-14 09:25:18,19.062
2026-02-14 09:34:01,18.562
2026-02-14 09:43:59,18.062
2026-02-14 09:57:25,17.562
2026-02-14 10:14:06,17.062
2026-02-14 10:47:06,17.562
2026-02-14 11:55:39,17.062
2026-02-14 13:09:50,16.562
2026-02-14 13:18:32,17.062
2026-02-14 13:23:37,17.562
2026-02-14 13:31:47,18.062
2026-02-14 14:23:39,17.562
2026-02-14 14:46:41,17.062
2026-02-14 15:15:31,16.562
2026-02-14 15:48:10,17.062
2026-02-14 15:54:52,17.562
2026-02-14 16:48:44,17.062
2026-02-14 17:41:09,16.562
2026-02-14 18:19:24,17.062
2026-02-14 18:26:07,17.562
2026-02-14 19:16:43,19.437
2026-02-14 19:16:54,24.25
2026-02-14 19:17:05,25.562
2026-02-14 19:17:37,26.5
2026-02-14 19:17:48,27.625
2026-02-14 19:17:59,28.875
2026-02-14 19:18:10,29.812
2026-02-14 19:18:21,30.562
2026-02-14 19:18:32,31.062
2026-02-14 19:18:53,31.875
2026-02-14 19:19:15,32.375
2026-02-14 19:19:48,32.875
2026-02-14 19:20:42,33.375
2026-02-14 19:22:31,33.937
2026-02-14 19:23:47,34.437
2026-02-14 20:14:56,33.687
2026-02-14 20:15:07,32.5
2026-02-14 20:15:17,31.437
2026-02-14 20:15:28,30.687
2026-02-14 20:15:39,30.187
2026-02-14 20:16:01,29.437
2026-02-14 20:16:34,28.812
2026-02-14 20:17:28,28.25
2026-02-14 20:18:44,27.75
2026-02-14 20:20:22,27.25
2026-02-14 20:22:11,26.75
2026-02-14 20:24:11,26.25
2026-02-14 20:26:10,25.75
2026-02-14 20:28:21,25.25
2026-02-14 20:30:32,24.75
2026-02-14 20:33:04,24.25
2026-02-14 20:35:36,23.75
2026-02-14 20:38:19,23.25
2026-02-14 20:41:24,22.75
2026-02-14 20:44:40,22.25
2026-02-14 20:47:56,21.75
2026-02-14 20:51:45,21.25
2026-02-14 20:55:55,20.75
2026-02-14 21:00:49,20.25
2026-02-14 21:27:06,19.75
2026-02-14 21:36:21,19.25
2026-02-14 21:45:36,18.75
2026-02-14 21:56:07,18.25
2026-02-14 22:07:44,17.75
2026-02-14 22:22:25,17.25
2026-02-14 22:43:06,16.75
2026-02-14 23:23:11,16.25
2026-02-14 23:31:09,16.75
2026-02-14 23:36:14,17.25
2026-02-14 23:48:01,17.75
2026-02-15 00:18:19,17.25
2026-02-15 00:40:26,16.75
2026-02-15 01:08:00,16.25
2026-02-15 01:50:48,15.75
2026-02-15 01:57:31,16.25
2026-02-15 02:01:52,16.75
2026-02-15 02:09:29,17.25
2026-02-15 03:01:43,16.75
2026-02-15 03:25:18,21.437
2026-02-15 03:25:29,23.875
2026-02-15 03:25:50,24.437
2026-02-15 03:26:01,25.375
2026-02-15 03:26:12,26.562
2026-02-15 03:26:23,27.937
2026-02-15 03:26:34,29.25
2026-02-15 03:26:45,30.25
2026-02-15 03:26:56,30.937
2026-02-15 03:27:06,31.5
2026-02-15 03:27:28,32.312
2026-02-15 03:27:50,32.875
2026-02-15 03:28:23,33.437
2026-02-15 03:29:06,33.937
2026-02-15 03:30:44,34.437
2026-02-15 03:31:38,34.937
2026-02-15 03:44:53,34.437
2026-02-15 04:05:22,34.937
2026-02-15 04:57:58,35.437
2026-02-15 04:59:57,34.937
2026-02-15 05:23:10,34.375
2026-02-15 05:24:37,33.875
2026-02-15 05:25:54,34.562
2026-02-15 05:26:05,40.062
2026-02-15 05:26:15,42.562
2026-02-15 05:26:26,40.25
2026-02-15 05:26:37,36.937
2026-02-15 05:26:48,34.0
2026-02-15 05:26:59,31.812
2026-02-15 05:27:10,30.062
2026-02-15 05:27:21,28.812
2026-02-15 05:27:32,27.812
2026-02-15 05:27:42,27.062
2026-02-15 05:27:53,26.5
2026-02-15 05:28:15,25.75
2026-02-15 05:28:37,25.25
2026-02-15 05:29:10,24.75
2026-02-15 05:30:04,24.187
2026-02-15 05:30:15,25.0
2026-02-15 05:30:26,26.75
2026-02-15 05:30:37,28.375
2026-02-15 05:30:47,29.812
2026-02-15 05:30:58,30.75
2026-02-15 05:31:09,31.562
2026-02-15 05:31:20,32.125
2026-02-15 05:31:42,32.75
2026-02-15 05:32:04,33.25
2026-02-15 05:32:47,33.75
2026-02-15 05:33:52,34.25
2026-02-15 05:35:52,34.812
2026-02-15 05:36:47,35.312
2026-02-15 06:54:13,35.812
2026-02-15 06:59:18,34.687
2026-02-15 06:59:29,33.437
2026-02-15 06:59:39,31.75
2026-02-15 06:59:50,30.187
2026-02-15 07:00:01,29.0
2026-02-15 07:00:12,28.125
2026-02-15 07:00:23,27.375
2026-02-15 07:00:34,26.875
2026-02-15 07:00:56,26.125
2026-02-15 07:01:28,25.5
2026-02-15 07:02:23,25.0
2026-02-15 07:03:28,26.187
2026-02-15 07:03:39,28.062
2026-02-15 07:03:50,29.562
2026-02-15 07:04:01,30.812
2026-02-15 07:04:12,31.625
2026-02-15 07:04:22,32.187
2026-02-15 07:04:44,33.0
2026-02-15 07:05:06,33.562
2026-02-15 07:05:28,34.125
2026-02-15 07:09:05,34.687
2026-02-15 07:09:49,35.187
2026-02-15 07:10:32,35.687
2026-02-15 07:12:21,36.187
2026-02-15 07:14:43,35.625
2026-02-15 07:23:03,36.125
2026-02-15 07:24:08,35.625
2026-02-15 07:53:53,36.125
2026-02-15 08:06:14,35.625
2026-02-15 08:26:33,36.125
2026-02-15 08:39:58,36.625
2026-02-15 09:08:27,36.062
2026-02-15 09:08:37,34.875
2026-02-15 09:08:48,33.625
2026-02-15 09:08:59,32.75
2026-02-15 09:09:10,32.125
2026-02-15 09:09:32,31.312
2026-02-15 09:09:54,30.812
2026-02-15 09:10:26,30.312
2026-02-15 09:11:21,29.75
2026-02-15 09:12:37,29.25
2026-02-15 09:13:53,28.75
2026-02-15 09:15:31,28.25
2026-02-15 09:18:03,27.75
2026-02-15 09:21:08,27.25
2026-02-15 09:23:19,26.75
2026-02-15 09:26:02,26.25
2026-02-15 09:28:45,25.75
2026-02-15 09:31:18,25.25
2026-02-15 09:34:01,24.75
2026-02-15 09:36:55,24.25
2026-02-15 09:40:00,23.75
2026-02-15 09:42:54,23.25
2026-02-15 09:46:10,22.75
2026-02-15 09:49:37,22.25
2026-02-15 09:53:25,21.75
2026-02-15 09:57:14,21.25
2026-02-15 10:01:35,20.75
2026-02-15 10:06:18,20.25
2026-02-15 10:11:12,19.75
2026-02-15 10:17:11,19.25
2026-02-15 10:23:42,18.75
2026-02-15 10:31:09,18.25
2026-02-15 10:40:24,17.75
2026-02-15 10:50:22,17.25
2026-02-15 11:03:58,16.75
2026-02-15 11:21:12,16.25
2026-02-15 11:44:35,15.75
2026-02-15 11:49:40,16.25
2026-02-15 11:54:45,16.75
2026-02-15 12:08:32,17.25
2026-02-15 12:38:05,16.75
2026-02-15 13:07:39,16.25
2026-02-15 13:39:12,15.75
2026-02-15 14:17:50,16.25
2026-02-15 14:24:33,16.75
2026-02-15 15:14:14,20.312
2026-02-15 15:14:25,24.437
2026-02-15 15:14:58,25.5
2026-02-15 15:15:09,26.625
2026-02-15 15:15:19,27.875
2026-02-15 15:15:30,29.062
2026-02-15 15:15:41,29.937
2026-02-15 15:15:52,30.625
2026-02-15 15:16:03,31.187
2026-02-15 15:16:25,32.0
2026-02-15 15:16:47,32.5
2026-02-15 15:17:19,33.0
2026-02-15 15:18:14,33.562
2026-02-15 15:20:13,34.125
2026-02-15 15:36:54,34.625
2026-02-15 17:54:12,35.125
2026-02-15 18:03:59,34.625
2026-02-15 18:05:16,34.125
2026-02-15 18:06:43,37.812
2026-02-15 18:06:53,42.375
2026-02-15 18:07:04,41.812
2026-02-15 18:07:15,38.625
2026-02-15 18:07:26,35.437
2026-02-15 18:07:37,32.937
2026-02-15 18:07:48,31.0
2026-02-15 18:07:59,29.562
2026-02-15 18:08:10,28.437
2026-02-15 18:08:21,27.625
2026-02-15 18:08:31,27.0
2026-02-15 18:08:42,26.5
2026-02-15 18:09:04,25.812
2026-02-15 18:09:37,25.187
2026-02-15 18:10:31,24.687
2026-02-15 18:11:04,26.437
2026-02-15 18:11:15,28.25
2026-02-15 18:11:25,29.687
2026-02-15 18:11:36,30.812
2026-02-15 18:11:47,31.562
2026-02-15 18:11:58,32.187
2026-02-15 18:12:20,32.875
2026-02-15 18:12:42,33.375
2026-02-15 18:13:14,33.875
2026-02-15 18:14:41,34.375
2026-02-15 18:16:30,34.875
2026-02-15 18:17:36,35.375
2026-02-15 19:55:53,35.875
2026-02-15 21:28:02,36.375
2026-02-15 21:47:26,35.812
2026-02-15 21:48:42,35.312
2026-02-15 21:50:09,34.812
2026-02-15 21:50:31,39.812
2026-02-15 21:50:42,43.5
2026-02-15 21:50:53,42.062
2026-02-15 21:51:03,38.875
2026-02-15 21:51:14,35.937
2026-02-15 21:51:25,33.625
2026-02-15 21:51:36,31.875
2026-02-15 21:51:47,30.5
2026-02-15 21:51:58,29.5
2026-02-15 21:52:09,28.687
2026-02-15 21:52:20,28.125
2026-02-15 21:52:41,27.312
2026-02-15 21:53:03,26.75
2026-02-15 21:53:36,26.25
2026-02-15 21:54:52,28.0
2026-02-15 21:55:03,29.687
2026-02-15 21:55:14,31.062
2026-02-15 21:55:25,31.937
2026-02-15 21:55:36,32.625
2026-02-15 21:55:47,33.125
2026-02-15 21:56:08,33.75
2026-02-15 21:56:41,34.312
2026-02-15 21:57:46,34.812
2026-02-15 22:00:19,35.375
2026-02-15 22:01:02,34.687
2026-02-15 22:01:13,33.437
2026-02-15 22:01:24,32.562
2026-02-15 22:01:35,31.937
2026-02-15 22:01:46,31.437
2026-02-15 22:02:08,30.812
2026-02-15 22:02:40,30.25
2026-02-15 22:03:24,29.75
2026-02-15 22:04:29,29.25
2026-02-15 22:05:56,28.75
2026-02-15 22:07:23,28.25
2026-02-15 22:08:50,27.75
2026-02-15 22:10:39,27.25
2026-02-15 22:12:17,26.75
2026-02-15 22:14:17,26.25
2026-02-15 22:16:05,25.75
2026-02-15 22:18:05,25.25
2026-02-15 22:20:16,24.75
2026-02-15 22:22:37,24.25
2026-02-15 22:24:59,23.75
2026-02-15 22:27:20,23.25
2026-02-15 22:30:14,22.75
2026-02-15 22:32:57,22.25
2026-02-15 22:36:02,21.75
2026-02-15 22:39:40,21.25
2026-02-15 22:43:07,20.75
2026-02-15 22:47:06,20.25
2026-02-15 22:51:38,19.75
2026-02-15 22:56:43,19.25
2026-02-15 23:02:20,18.75
2026-02-15 23:09:03,18.25
2026-02-15 23:16:40,17.75
2026-02-15 23:25:55,17.25
2026-02-15 23:48:02,17.75
2026-02-16 00:16:41,17.25
2026-02-16 00:32:28,16.75
2026-02-16 00:50:36,16.25
2026-02-16 01:04:56,20.375
2026-02-16 01:05:07,23.437
2026-02-16 01:05:18,23.937
2026-02-16 01:05:29,24.625
2026-02-16 01:05:40,25.812
2026-02-16 01:05:51,27.25
2026-02-16 01:06:01,28.812
2026-02-16 01:06:12,30.187
2026-02-16 01:06:23,31.25
2026-02-16 01:06:34,32.0
2026-02-16 01:06:45,32.562
2026-02-16 01:06:56,33.062
2026-02-16 01:07:18,33.687
2026-02-16 01:07:39,34.187
2026-02-16 01:08:23,34.687
2026-02-16 01:09:39,35.187
2026-02-16 01:11:06,35.687
2026-02-16 02:57:45,35.187
2026-02-16 02:59:01,34.687
2026-02-16 03:00:39,38.875
2026-02-16 03:00:50,42.812
2026-02-16 03:01:01,41.75
2026-02-16 03:01:11,38.5
2026-02-16 03:01:22,35.5
2026-02-16 03:01:33,33.125
2026-02-16 03:01:44,31.312
2026-02-16 03:01:55,29.937
2026-02-16 03:02:06,28.875
2026-02-16 03:02:17,28.125
2026-02-16 03:02:28,27.5
2026-02-16 03:02:39,27.0
2026-02-16 03:03:00,26.312
2026-02-16 03:03:33,25.687
2026-02-16 03:04:27,25.187
2026-02-16 03:05:00,27.187
2026-02-16 03:05:11,29.0
2026-02-16 03:05:22,30.375
2026-02-16 03:05:33,31.437
2026-02-16 03:05:43,32.125
2026-02-16 03:05:54,32.687
2026-02-16 03:06:16,33.375
2026-02-16 03:06:38,33.875
2026-02-16 03:07:21,34.437
2026-02-16 03:08:59,34.937
2026-02-16 03:10:48,35.437
2026-02-16 04:02:29,35.937
2026-02-16 05:21:34,36.437
2026-02-16 06:51:53,35.937
2026-02-16 06:53:20,35.375
2026-02-16 06:54:36,36.562
2026-02-16 06:54:47,41.812
2026-02-16 06:54:58,43.562
2026-02-16 06:55:09,41.187
2026-02-16 06:55:20,38.0
2026-02-16 06:55:31,35.312
2026-02-16 06:55:41,33.187
2026-02-16 06:55:52,31.625
2026-02-16 06:56:03,30.437
2026-02-16 06:56:14,29.5
2026-02-16 06:56:25,28.812
2026-02-16 06:56:36,28.312
2026-02-16 06:56:58,27.562
2026-02-16 06:57:19,27.062
2026-02-16 06:57:52,26.562
2026-02-16 06:58:57,27.187
2026-02-16 06:59:08,28.937
2026-02-16 06:59:19,30.5
2026-02-16 06:59:30,31.625
2026-02-16 06:59:41,32.375
2026-02-16 06:59:52,32.875
2026-02-16 07:00:14,33.625
2026-02-16 07:00:46,34.25
2026-02-16 07:01:51,34.75
2026-02-16 07:04:35,35.25
2026-02-16 07:05:18,35.75
2026-02-16 07:06:13,36.25
2026-02-16 07:31:58,36.75
2026-02-16 09:20:58,37.25
2026-02-16 10:00:08,36.687
2026-02-16 10:01:14,36.187
2026-02-16 10:02:41,35.687
2026-02-16 10:04:08,36.562
2026-02-16 10:04:19,41.562
2026-02-16 10:04:29,43.5
2026-02-16 10:04:40,41.25
2026-02-16 10:04:51,38.187
2026-02-16 10:05:02,35.562
2026-02-16 10:05:13,33.5
2026-02-16 10:05:24,31.937
2026-02-16 10:05:35,30.812
2026-02-16 10:05:46,29.937
2026-02-16 10:05:57,29.25
2026-02-16 10:06:08,28.687
2026-02-16 10:06:29,28.0
2026-02-16 10:06:51,27.5
2026-02-16 10:07:35,26.937
2026-02-16 10:08:29,27.687
2026-02-16 10:08:40,29.5
2026-02-16 10:08:51,30.937
2026-02-16 10:09:02,31.812
2026-02-16 10:09:12,32.5
2026-02-16 10:09:34,33.312
2026-02-16 10:09:56,33.812
2026-02-16 10:10:39,34.312
2026-02-16 10:12:28,34.812
2026-02-16 10:14:17,35.437
2026-02-16 10:14:50,36.0
2026-02-16 10:15:33,36.5
2026-02-16 10:17:55,37.0
2026-02-16 10:28:47,35.875
2026-02-16 10:28:58,34.625
2026-02-16 10:29:09,33.75
2026-02-16 10:29:20,33.125
2026-02-16 10:29:31,32.625
2026-02-16 10:29:53,31.937
2026-02-16 10:30:25,31.375
2026-02-16 10:31:09,30.875
2026-02-16 10:32:03,30.375
2026-02-16 10:33:09,29.875
2026-02-16 10:34:25,29.375
2026-02-16 10:35:52,28.875
2026-02-16 10:37:08,28.375
2026-02-16 10:38:46,27.875
2026-02-16 10:40:13,27.375
2026-02-16 10:41:40,26.875
2026-02-16 10:43:29,26.375
2026-02-16 10:45:07,25.875
2026-02-16 10:46:56,25.375
2026-02-16 10:48:55,24.875
2026-02-16 10:50:55,24.375
2026-02-16 10:53:06,23.875
2026-02-16 10:55:27,23.375
2026-02-16 10:57:38,22.875
2026-02-16 11:00:21,22.375
2026-02-16 11:03:04,21.875
2026-02-16 11:05:58,21.375
2026-02-16 11:09:03,20.875
2026-02-16 11:12:30,20.375
2026-02-16 11:16:08,19.875
2026-02-16 11:20:07,19.375
2026-02-16 11:24:17,18.875
2026-02-16 11:29:22,18.375
2026-02-16 11:35:21,17.875
2026-02-16 11:41:20,17.375
2026-02-16 11:46:25,16.875
2026-02-16 11:52:46,16.375
2026-02-16 12:00:55,16.875
2026-02-16 12:41:22,16.375
2026-02-16 12:56:25,15.875
2026-02-16 13:15:06,15.375
2026-02-16 13:39:57,14.875
2026-02-16 14:16:46,15.375
2026-02-16 14:22:34,15.875
2026-02-16 15:32:56,15.375
2026-02-16 15:58:52,14.875
2026-02-16 16:34:35,15.375
2026-02-16 16:39:40,15.875
2026-02-16 16:49:17,16.375
2026-02-16 17:28:38,15.875
2026-02-16 17:49:41,16.875
2026-02-16 17:49:52,21.625
2026-02-16 17:50:02,23.875
2026-02-16 17:50:24,24.5
2026-02-16 17:50:35,25.562
2026-02-16 17:50:46,26.875
2026-02-16 17:50:57,28.375
2026-02-16 17:51:08,29.562
2026-02-16 17:51:19,30.437
2026-02-16 17:51:29,31.125
2026-02-16 17:51:40,31.687
2026-02-16 17:52:02,32.437
2026-02-16 17:52:24,32.937
2026-02-16 17:53:07,33.5
2026-02-16 17:54:34,34.0
2026-02-16 17:55:51,34.5
2026-02-16 17:57:07,35.0
2026-02-16 18:01:39,34.5
2026-02-16 18:27:57,33.875
2026-02-16 18:28:08,32.812
2026-02-16 18:28:18,31.312
2026-02-16 18:28:29,29.75
2026-02-16 18:28:40,28.5
2026-02-16 18:28:51,27.562
2026-02-16 18:29:02,26.812
2026-02-16 18:29:13,26.312
2026-02-16 18:29:35,25.562
2026-02-16 18:30:07,24.937
2026-02-16 18:31:02,24.437
2026-02-16 18:32:18,26.625
2026-02-16 18:32:29,28.187
2026-02-16 18:32:40,29.562
2026-02-16 18:32:50,30.562
2026-02-16 18:33:01,31.312
2026-02-16 18:33:12,31.875
2026-02-16 18:33:34,32.562
2026-02-16 18:33:56,33.062
2026-02-16 18:34:39,33.562
2026-02-16 18:35:55,34.062
2026-02-16 18:37:55,34.625
2026-02-16 19:49:45,34.125
2026-02-16 19:51:01,33.625
2026-02-16 19:52:18,38.812
2026-02-16 19:52:28,42.312
2026-02-16 19:52:39,40.812
2026-02-16 19:52:50,37.562
2026-02-16 19:53:01,34.562
2026-02-16 19:53:12,32.25
2026-02-16 19:53:23,30.5
2026-02-16 19:53:34,29.187
2026-02-16 19:53:45,28.187
2026-02-16 19:53:55,27.375
2026-02-16 19:54:06,26.812
2026-02-16 19:54:28,26.0
2026-02-16 19:54:50,25.5
2026-02-16 19:55:23,25.0
2026-02-16 19:56:39,26.812
2026-02-16 19:56:50,28.5
2026-02-16 19:57:00,29.875
2026-02-16 19:57:11,30.812
2026-02-16 19:57:22,31.562
2026-02-16 19:57:44,32.437
2026-02-16 19:58:06,33.0
2026-02-16 19:58:38,33.5
2026-02-16 19:59:55,34.0
2026-02-16 20:02:16,34.562
2026-02-16 20:31:17,35.062
2026-02-16 21:47:06,35.562
2026-02-16 22:00:31,35.0
2026-02-16 22:00:42,33.75
2026-02-16 22:00:53,32.75
2026-02-16 22:01:04,32.0
2026-02-16 22:01:15,31.437
2026-02-16 22:01:37,30.812
2026-02-16 22:01:58,30.312
2026-02-16 22:02:42,29.75
2026-02-16 22:03:47,29.25
2026-02-16 22:05:03,28.75
2026-02-16 22:06:30,28.187
2026-02-16 22:08:08,27.687
2026-02-16 22:09:46,27.187
2026-02-16 22:11:24,26.687
2026-02-16 22:13:24,26.187
2026-02-16 22:15:13,25.687
2026-02-16 22:17:12,25.187
2026-02-16 22:19:12,24.687
2026-02-16 22:21:23,24.187
2026-02-16 22:23:44,23.687
2026-02-16 22:26:05,23.187
2026-02-16 22:28:38,22.687
2026-02-16 22:31:32,22.187
2026-02-16 22:34:26,21.687
2026-02-16 22:37:53,21.187
2026-02-16 22:42:57,20.687
2026-02-16 22:56:12,20.187
2026-02-16 23:02:55,19.687
2026-02-16 23:10:53,19.187
2026-02-16 23:16:42,18.687
2026-02-16 23:25:13,18.187
2026-02-16 23:33:45,17.687
2026-02-16 23:44:37,17.187
2026-02-16 23:55:41,16.687
2026-02-17 00:10:01,16.187
2026-02-17 00:28:53,15.687
2026-02-17 00:51:33,18.75
2026-02-17 00:51:44,21.937
2026-02-17 00:51:55,23.187
2026-02-17 00:52:05,24.312
2026-02-17 00:52:16,25.687
2026-02-17 00:52:27,27.375
2026-02-17 00:52:38,28.812
2026-02-17 00:52:49,29.875
2026-02-17 00:53:00,30.687
2026-02-17 00:53:11,31.312
2026-02-17 00:53:32,32.125
2026-02-17 00:53:54,32.625
2026-02-17 00:54:27,33.125
2026-02-17 00:55:43,33.625
2026-02-17 00:57:21,34.125
2026-02-17 00:58:15,34.625
2026-02-17 01:19:51,34.125
2026-02-17 01:21:07,33.625
2026-02-17 01:22:13,34.625
2026-02-17 01:22:23,40.062
2026-02-17 01:22:34,42.312
2026-02-17 01:22:45,39.875
2026-02-17 01:22:56,36.562
2026-02-17 01:23:07,33.687
2026-02-17 01:23:18,31.5
2026-02-17 01:23:29,29.812
2026-02-17 01:23:40,28.562
2026-02-17 01:23:51,27.625
2026-02-17 01:24:01,26.937
2026-02-17 01:24:12,26.375
2026-02-17 01:24:34,25.562
2026-02-17 01:25:07,24.875
2026-02-17 01:26:01,24.312
2026-02-17 01:26:34,25.125
2026-02-17 01:26:45,26.937
2026-02-17 01:26:56,28.562
2026-02-17 01:27:06,29.875
2026-02-17 01:27:17,30.812
2026-02-17 01:27:28,31.437
2026-02-17 01:27:39,31.937
2026-02-17 01:28:01,32.625
2026-02-17 01:28:33,33.187
2026-02-17 01:29:28,33.687
2026-02-17 01:31:49,34.187
2026-02-17 01:32:44,34.687
2026-02-17 02:42:44,35.187
2026-02-17 03:35:19,35.687
2026-02-17 05:04:00,35.125
2026-02-17 05:05:38,34.625
2026-02-17 05:06:11,38.437
2026-02-17 05:06:22,42.937
2026-02-17 05:06:33,42.375
2026-02-17 05:06:43,39.312
2026-02-17 05:06:54,36.25
2026-02-17 05:07:05,33.812
2026-02-17 05:07:16,32.0
2026-02-17 05:07:27,30.625
2026-02-17 05:07:38,29.625
2026-02-17 05:07:49,28.75
2026-02-17 05:08:00,28.187
2026-02-17 05:08:11,27.687
2026-02-17 05:08:32,27.0
2026-02-17 05:09:05,26.375
2026-02-17 05:09:59,25.875
2026-02-17 05:10:32,27.5
2026-02-17 05:10:43,29.25
2026-02-17 05:10:54,30.625
2026-02-17 05:11:05,31.687
2026-02-17 05:11:15,32.375
2026-02-17 05:11:37,32.937
2026-02-17 05:12:10,33.437
2026-02-17 05:13:26,33.937
2026-02-17 05:16:09,34.437
2026-02-17 05:16:53,35.062
2026-02-17 05:17:25,35.625
2026-02-17 05:40:27,36.125
2026-02-17 07:24:45,36.625
2026-02-17 08:45:38,36.125
2026-02-17 08:46:44,35.625
2026-02-17 08:48:11,35.125
2026-02-17 08:48:21,38.437
2026-02-17 08:48:32,43.125
2026-02-17 08:48:54,40.0
2026-02-17 08:49:05,37.0
2026-02-17 08:49:16,34.562
2026-02-17 08:49:27,32.75
2026-02-17 08:49:38,31.375
2026-02-17 08:49:49,30.312
2026-02-17 08:49:59,29.5
2026-02-17 08:50:10,28.875
2026-02-17 08:50:32,28.062
2026-02-17 08:50:54,27.5
2026-02-17 08:51:26,27.0
2026-02-17 08:52:21,26.5
2026-02-17 08:52:43,28.062
2026-02-17 08:52:53,29.812
2026-02-17 08:53:04,31.125
2026-02-17 08:53:15,32.0
2026-02-17 08:53:26,32.5
2026-02-17 08:53:48,33.25
2026-02-17 08:54:21,33.75
2026-02-17 08:55:15,34.25
2026-02-17 08:57:58,34.75
2026-02-17 08:58:42,35.375
2026-02-17 08:59:14,35.937
2026-02-17 08:59:58,36.437
2026-02-17 09:24:59,34.687
2026-02-17 09:25:10,33.687
2026-02-17 09:25:21,33.0
2026-02-17 09:25:32,32.5
2026-02-17 09:25:54,31.812
2026-02-17 09:26:27,31.187
2026-02-17 09:27:10,30.687
2026-02-17 09:28:04,30.187
2026-02-17 09:29:21,29.687
2026-02-17 09:30:37,29.187
2026-02-17 09:31:53,28.687
2026-02-17 09:33:20,28.187
2026-02-17 09:34:58,27.687
2026-02-17 09:36:36,27.187
2026-02-17 09:38:14,26.687
2026-02-17 09:40:03,26.187
2026-02-17 09:41:41,25.687
2026-02-17 09:43:40,25.187
2026-02-17 09:45:40,24.687
2026-02-17 09:47:40,24.187
2026-02-17 09:49:50,23.687
2026-02-17 09:52:12,23.187
2026-02-17 09:54:44,22.687
2026-02-17 09:57:27,22.187
2026-02-17 10:00:10,21.687
2026-02-17 10:03:15,21.187
2026-02-17 10:06:42,20.687
2026-02-17 10:10:09,20.187
2026-02-17 10:14:19,19.687
2026-02-17 10:18:51,19.187
2026-02-17 10:23:45,18.687
2026-02-17 10:29:33,18.187
2026-02-17 10:35:33,17.687
2026-02-17 10:42:48,17.187
2026-02-17 10:52:14,16.687
2026-02-17 11:01:18,17.187
2026-02-17 11:39:23,16.687
2026-02-17 11:57:53,16.187
2026-02-17 12:16:23,15.687
2026-02-17 12:42:30,15.187
2026-02-17 13:27:29,15.687
2026-02-17 13:34:44,16.187
2026-02-17 14:35:18,15.687
2026-02-17 15:00:20,17.125
2026-02-17 15:00:31,21.5
2026-02-17 15:00:42,23.187
2026-02-17 15:01:03,24.312
2026-02-17 15:01:14,25.687
2026-02-17 15:01:25,27.25
2026-02-17 15:01:36,28.5
2026-02-17 15:01:47,29.437
2026-02-17 15:01:58,30.125
2026-02-17 15:02:09,30.625
2026-02-17 15:02:20,31.125
2026-02-17 15:02:41,31.687
2026-02-17 15:03:25,32.312
2026-02-17 15:04:52,32.812
2026-02-17 15:06:41,33.375
2026-02-17 15:12:18,33.875
2026-02-17 15:28:26,34.375
2026-02-17 16:04:53,34.875
2026-02-17 16:33:43,34.375
2026-02-17 16:35:00,33.875
2026-02-17 16:35:54,36.0
2026-02-17 16:36:05,41.375
2026-02-17 16:36:16,42.375
2026-02-17 16:36:27,39.625
2026-02-17 16:36:37,36.375
2026-02-17 16:36:48,33.687
2026-02-17 16:36:59,31.687
2026-02-17 16:37:10,30.125
2026-02-17 16:37:21,28.937
2026-02-17 16:37:32,28.062
2026-02-17 16:37:43,27.375
2026-02-17 16:37:54,26.875
2026-02-17 16:38:15,26.187
2026-02-17 16:38:37,25.687
2026-02-17 16:39:21,25.125
2026-02-17 16:40:15,26.062
2026-02-17 16:40:26,27.875
2026-02-17 16:40:37,29.375
2026-02-17 16:40:48,30.562
2026-02-17 16:40:59,31.375
2026-02-17 16:41:09,32.0
2026-02-17 16:41:31,32.812
2026-02-17 16:41:53,33.375
2026-02-17 16:46:14,33.875
2026-02-17 16:46:47,34.375
2026-02-17 16:47:41,34.875
2026-02-17 17:04:44,35.375
2026-02-17 17:39:44,35.875
2026-02-17 18:54:06,34.375
2026-02-17 18:54:17,33.312
2026-02-17 18:54:27,32.562
2026-02-17 18:54:38,32.0
2026-02-17 18:55:00,31.25
2026-02-17 18:55:33,30.625
2026-02-17 18:56:16,30.125
2026-02-17 18:57:21,29.625
2026-02-17 18:58:38,29.062
2026-02-17 19:00:05,28.562
2026-02-17 19:01:43,28.062
2026-02-17 19:03:21,27.562
2026-02-17 19:04:59,27.062
2026-02-17 19:06:37,26.562
2026-02-17 19:08:25,26.062
2026-02-17 19:10:25,25.5
2026-02-17 19:12:25,25.0
2026-02-17 19:14:35,24.5
2026-02-17 19:16:57,24.0
2026-02-17 19:19:29,23.5
2026-02-17 19:22:01,23.0
2026-02-17 19:24:45,22.5
2026-02-17 19:28:01,22.0
2026-02-17 19:35:27,21.5
2026-02-17 19:43:58,21.0
2026-02-17 19:51:35,20.5
2026-02-17 19:59:34,20.0
2026-02-17 20:07:54,19.5
2026-02-17 20:14:04,19.0
2026-02-17 20:22:36,18.5
2026-02-17 20:32:23,18.0
2026-02-17 20:42:22,17.5
2026-02-17 20:53:47,17.0
2026-02-17 21:08:18,16.5
2026-02-17 21:26:48,16.0
2026-02-17 21:51:06,15.5
2026-02-17 21:56:33,16.0
2026-02-17 22:03:37,16.5
2026-02-17 22:16:51,17.0
2026-02-17 22:46:25,16.5
2026-02-17 23:11:16,16.0
2026-02-17 23:52:04,15.5
2026-02-18 00:20:21,16.0
2026-02-18 00:26:21,16.5
2026-02-18 01:24:23,16.0
2026-02-18 02:04:06,15.5
2026-02-18 02:41:38,16.0
2026-02-18 02:49:15,16.5
2026-02-18 03:00:41,17.0
2026-02-18 03:00:52,21.562
2026-02-18 03:01:03,27.375
2026-02-18 03:01:14,27.937
2026-02-18 03:01:24,26.812
2026-02-18 03:01:46,27.687
2026-02-18 03:01:57,28.687
2026-02-18 03:02:08,29.75
2026-02-18 03:02:19,30.5
2026-02-18 03:02:30,31.062
2026-02-18 03:02:51,31.812
2026-02-18 03:03:24,32.562
2026-02-18 03:04:18,33.062
2026-02-18 03:05:35,33.562
2026-02-18 03:07:13,34.062
2026-02-18 03:25:31,34.562
2026-02-18 03:45:29,35.125
2026-02-18 03:47:28,34.625
2026-02-18 04:07:36,35.125
2026-02-18 04:12:52,34.625
2026-02-18 04:36:37,35.125
2026-02-18 04:57:39,35.625
2026-02-18 05:19:47,36.125
2026-02-18 05:21:14,35.625
2026-02-18 05:27:24,36.125
2026-02-18 05:31:01,35.625
2026-02-18 05:33:23,36.125
2026-02-18 05:37:22,35.625
2026-02-18 05:56:46,34.5
2026-02-18 05:56:57,33.375
2026-02-18 05:57:08,31.812
2026-02-18 05:57:19,30.312
2026-02-18 05:57:30,29.187
2026-02-18 05:57:41,28.25
2026-02-18 05:57:52,27.625
2026-02-18 05:58:03,27.062
2026-02-18 05:58:24,26.437
2026-02-18 05:58:46,25.937
2026-02-18 05:59:30,25.437
2026-02-18 06:00:57,26.187
2026-02-18 06:01:08,28.0
2026-02-18 06:01:19,29.625
2026-02-18 06:01:29,30.75
2026-02-18 06:01:40,31.687
2026-02-18 06:01:51,32.312
2026-02-18 06:02:02,32.875
2026-02-18 06:02:46,33.437
2026-02-18 06:06:01,33.937
2026-02-18 06:06:56,34.437
2026-02-18 06:07:29,35.0
2026-02-18 06:08:34,35.625
2026-02-18 06:43:45,35.062
2026-02-18 06:45:23,34.562
2026-02-18 06:45:45,36.25
2026-02-18 06:45:55,41.625
2026-02-18 06:46:06,43.187
2026-02-18 06:46:17,40.625
2026-02-18 06:46:28,37.312
2026-02-18 06:46:39,34.5
2026-02-18 06:46:50,32.375
2026-02-18 06:47:01,30.75
2026-02-18 06:47:12,29.562
2026-02-18 06:47:22,28.625
2026-02-18 06:47:33,27.937
2026-02-18 06:47:44,27.375
2026-02-18 06:48:06,26.625
2026-02-18 06:48:28,26.125
2026-02-18 06:49:00,25.625
2026-02-18 06:50:06,26.312
2026-02-18 06:50:17,28.125
2026-02-18 06:50:27,29.625
2026-02-18 06:50:38,30.812
2026-02-18 06:50:49,31.687
2026-02-18 06:51:00,32.375
2026-02-18 06:51:11,32.875
2026-02-18 06:51:33,33.562
2026-02-18 06:55:32,34.062
2026-02-18 06:56:16,34.625
2026-02-18 06:56:48,35.187
2026-02-18 06:57:32,35.75
2026-02-18 07:10:47,36.25
2026-02-18 07:40:20,36.75
2026-02-18 07:42:42,36.25
2026-02-18 07:47:14,36.75
2026-02-18 07:48:19,36.25
2026-02-18 07:51:13,36.812
2026-02-18 07:57:56,36.312
2026-02-18 07:59:23,36.812
2026-02-18 07:59:45,37.312
2026-02-18 08:00:28,36.75
2026-02-18 09:57:27,37.25
2026-02-18 10:09:47,36.75
2026-02-18 10:17:35,37.25
2026-02-18 10:26:39,36.75
2026-02-18 10:31:44,37.312
2026-02-18 10:34:48,36.75
2026-02-18 10:35:54,36.25
2026-02-18 10:37:10,35.75
2026-02-18 10:38:26,38.625
2026-02-18 10:38:37,43.312
2026-02-18 10:38:59,40.187
2026-02-18 10:39:10,37.125
2026-02-18 10:39:20,34.687
2026-02-18 10:39:31,32.812
2026-02-18 10:39:42,31.375
2026-02-18 10:39:53,30.312
2026-02-18 10:40:04,29.5
2026-02-18 10:40:15,28.875
2026-02-18 10:40:26,28.375
2026-02-18 10:40:48,27.687
2026-02-18 10:41:20,27.0
2026-02-18 10:42:25,26.437
2026-02-18 10:42:47,28.25
2026-02-18 10:42:58,30.0
2026-02-18 10:43:09,31.375
2026-02-18 10:43:20,32.25
2026-02-18 10:43:31,32.875
2026-02-18 10:43:53,33.562
2026-02-18 10:44:36,34.125
2026-02-18 10:46:25,34.625
2026-02-18 10:47:52,35.125
2026-02-18 10:48:35,35.75
2026-02-18 10:49:08,36.25
2026-02-18 10:50:03,36.75
2026-02-18 10:52:46,37.25
2026-02-18 10:58:01,37.75
2026-02-18 10:58:12,37.125
2026-02-18 10:58:23,35.562
2026-02-18 10:58:34,33.812
2026-02-18 10:58:45,32.312
2026-02-18 10:58:56,31.062
2026-02-18 10:59:07,30.062
2026-02-18 10:59:17,29.312
2026-02-18 10:59:28,28.75
2026-02-18 10:59:50,28.0
2026-02-18 11:00:12,27.437
2026-02-18 11:00:55,26.875
2026-02-18 11:02:33,29.312
2026-02-18 11:02:44,31.25
2026-02-18 11:02:55,32.625
2026-02-18 11:03:06,33.687
2026-02-18 11:03:17,34.5
2026-02-18 11:03:28,35.062
2026-02-18 11:04:00,35.75
2026-02-18 11:04:55,36.312
2026-02-18 11:05:49,36.875
2026-02-18 11:07:27,37.375
2026-02-18 11:15:48,36.875
2026-02-18 11:23:57,37.375
2026-02-18 11:30:51,36.875
2026-02-18 11:34:50,37.375
2026-02-18 12:11:39,36.312
2026-02-18 12:11:50,34.625
2026-02-18 12:12:01,33.062
2026-02-18 12:12:12,31.75
2026-02-18 12:12:23,30.687
2026-02-18 12:12:34,29.937
2026-02-18 12:12:44,29.312
2026-02-18 12:12:55,28.812
2026-02-18 12:13:17,28.125
2026-02-18 12:13:50,27.562
2026-02-18 12:14:44,27.062
2026-02-18 12:15:49,28.687
2026-02-18 12:16:00,30.687
2026-02-18 12:16:11,32.187
2026-02-18 12:16:22,33.187
2026-02-18 12:16:33,33.937
2026-02-18 12:16:44,34.5
2026-02-18 12:16:55,35.0
2026-02-18 12:17:16,35.625
2026-02-18 12:17:49,36.187
2026-02-18 12:18:33,36.687
2026-02-18 12:21:38,37.187
2026-02-18 12:31:03,35.062
2026-02-18 12:31:14,33.437
2026-02-18 12:31:25,32.0
2026-02-18 12:31:36,30.875
2026-02-18 12:31:47,30.0
2026-02-18 12:31:58,29.375
2026-02-18 12:32:09,28.812
2026-02-18 12:32:30,28.125
2026-02-18 12:33:03,27.5
2026-02-18 12:33:57,27.0
2026-02-18 12:35:03,28.125
2026-02-18 12:35:14,30.312
2026-02-18 12:35:25,31.937
2026-02-18 12:35:35,33.125
2026-02-18 12:35:46,33.937
2026-02-18 12:35:57,34.625
2026-02-18 12:36:08,35.125
2026-02-18 12:36:30,35.812
2026-02-18 12:36:52,36.312
2026-02-18 12:37:35,36.812
2026-02-18 12:39:46,34.75
2026-02-18 12:39:57,33.125
2026-02-18 12:40:08,31.75
2026-02-18 12:40:18,30.625
2026-02-18 12:40:29,29.812
2026-02-18 12:40:40,29.125
2026-02-18 12:40:51,28.625
2026-02-18 12:41:13,27.937
2026-02-18 12:41:45,27.375
2026-02-18 12:42:29,26.875
2026-02-18 12:43:45,27.937
2026-02-18 12:43:56,30.062
2026-02-18 12:44:07,31.75
2026-02-18 12:44:18,32.875
2026-02-18 12:44:29,33.75
2026-02-18 12:44:39,34.437
2026-02-18 12:45:01,35.187
2026-02-18 12:45:23,35.687
2026-02-18 12:45:56,36.25
2026-02-18 12:47:12,36.75
2026-02-18 12:48:50,37.25
2026-02-18 13:16:56,37.75
2026-02-18 13:17:29,36.687
2026-02-18 13:17:40,35.312
2026-02-18 13:17:51,34.312
2026-02-18 13:18:02,33.562
2026-02-18 13:18:13,33.0
2026-02-18 13:18:34,32.312
2026-02-18 13:19:07,31.625
2026-02-18 13:19:51,31.125
2026-02-18 13:20:56,30.562
2026-02-18 13:22:12,30.0
2026-02-18 13:23:39,29.5
2026-02-18 13:25:06,28.937
2026-02-18 13:26:44,28.437
2026-02-18 13:28:22,27.875
2026-02-18 13:30:00,27.375
2026-02-18 13:31:49,26.875
2026-02-18 13:33:27,26.375
2026-02-18 13:35:15,25.875
2026-02-18 13:37:04,25.375
2026-02-18 13:39:04,24.875
2026-02-18 13:41:14,24.375
2026-02-18 13:43:36,23.875
2026-02-18 13:45:57,23.375
2026-02-18 13:48:51,22.875
2026-02-18 13:58:28,22.375
2026-02-18 14:04:05,21.875
2026-02-18 14:07:43,21.375
2026-02-18 14:12:48,20.875
2026-02-18 14:18:14,20.375
2026-02-18 14:24:24,19.875
2026-02-18 14:30:12,19.375
2026-02-18 14:36:33,18.875
2026-02-18 14:43:16,18.375
2026-02-18 14:52:20,17.875
2026-02-18 15:02:08,17.375
2026-02-18 15:12:17,16.875
2026-02-18 15:27:20,16.375
2026-02-18 15:45:50,15.875
2026-02-18 16:21:23,16.375
2026-02-18 16:26:06,16.875
2026-02-18 17:11:48,16.375
2026-02-18 17:42:05,15.875
2026-02-18 18:14:01,15.375
2026-02-18 18:46:39,15.875
2026-02-18 18:51:33,16.375
2026-02-18 19:08:14,16.875
2026-02-18 19:42:09,16.375
2026-02-18 20:06:49,15.875
2026-02-18 20:49:04,15.375
2026-02-18 21:11:01,15.875
2026-02-18 21:15:55,16.375
2026-02-18 21:20:16,16.875
2026-02-18 21:20:27,23.0
2026-02-18 21:20:38,28.625
2026-02-18 21:21:00,27.562
2026-02-18 21:21:21,28.312
2026-02-18 21:21:32,29.25
2026-02-18 21:21:43,30.375
2026-02-18 21:21:54,31.125
2026-02-18 21:22:05,31.75
2026-02-18 21:22:16,32.312
2026-02-18 21:22:37,33.0
2026-02-18 21:23:10,33.625
2026-02-18 21:24:15,34.187
2026-02-18 21:26:15,34.687
2026-02-18 21:27:09,35.187
2026-02-18 22:01:26,34.187
2026-02-18 22:01:37,32.75
2026-02-18 22:01:48,31.75
2026-02-18 22:01:59,31.0
2026-02-18 22:02:10,30.437
2026-02-18 22:02:31,29.75
2026-02-18 22:02:53,29.25
2026-02-18 22:03:37,28.687
2026-02-18 22:04:31,28.187
2026-02-18 22:05:47,27.687
2026-02-18 22:07:25,27.187
2026-02-18 22:09:03,26.687
2026-02-18 22:10:52,26.187
2026-02-18 22:12:41,25.687
2026-02-18 22:14:41,25.187
2026-02-18 22:16:51,24.687
2026-02-18 22:19:02,24.187
2026-02-18 22:21:34,23.687
2026-02-18 22:24:06,23.187
2026-02-18 22:26:28,22.687
2026-02-18 22:29:11,22.187
2026-02-18 22:32:27,21.687
2026-02-18 22:35:43,21.187
2026-02-18 22:39:20,20.687
2026-02-18 22:43:31,20.187
2026-02-18 22:48:13,19.687
2026-02-18 22:53:18,19.187
2026-02-18 22:58:23,18.687
2026-02-18 23:04:44,18.187
2026-02-18 23:11:48,17.687
2026-02-18 23:19:36,17.187
2026-02-18 23:34:50,17.687
2026-02-19 00:08:12,17.187
2026-02-19 00:22:54,16.687
2026-02-19 00:41:13,16.187
2026-02-19 01:01:43,15.687
2026-02-19 01:34:10,15.187
2026-02-19 01:52:51,15.687
2026-02-19 01:57:01,16.187
2026-02-19 02:06:38,16.687
2026-02-19 02:56:30,16.187
2026-02-19 03:00:19,17.312
2026-02-19 03:00:30,22.187
2026-02-19 03:00:41,24.5
2026-02-19 03:01:02,25.0
2026-02-19 03:01:13,26.125
2026-02-19 03:01:24,27.562
2026-02-19 03:01:35,29.0
2026-02-19 03:01:46,30.25
2026-02-19 03:01:57,31.187
2026-02-19 03:02:08,31.875
2026-02-19 03:02:19,32.437
2026-02-19 03:02:40,33.125
2026-02-19 03:03:02,33.687
2026-02-19 03:03:35,34.187
2026-02-19 03:04:29,34.687
2026-02-19 03:06:07,35.25
2026-02-19 03:08:50,35.75
2026-02-19 04:33:54,35.25
2026-02-19 05:20:30,34.75
2026-02-19 05:21:35,34.25
2026-02-19 05:23:24,35.75
2026-02-19 05:23:35,41.187
2026-02-19 05:23:46,42.5
2026-02-19 05:23:57,39.75
2026-02-19 05:24:08,36.437
2026-02-19 05:24:19,33.687
2026-02-19 05:24:29,31.562
2026-02-19 05:24:40,29.937
2026-02-19 05:24:51,28.75
2026-02-19 05:25:02,27.812
2026-02-19 05:25:13,27.125
2026-02-19 05:25:24,26.562
2026-02-19 05:25:46,25.812
2026-02-19 05:26:07,25.312
2026-02-19 05:26:40,24.812
2026-02-19 05:27:45,25.562
2026-02-19 05:27:56,27.312
2026-02-19 05:28:07,28.937
2026-02-19 05:28:18,30.312
2026-02-19 05:28:29,31.25
2026-02-19 05:28:40,32.0
2026-02-19 05:28:51,32.5
2026-02-19 05:29:12,33.187
2026-02-19 05:29:45,33.75
2026-02-19 05:30:39,34.312
2026-02-19 05:33:01,34.875
2026-02-19 05:33:55,35.375
2026-02-19 07:53:35,35.875
2026-02-19 09:06:40,35.375
2026-02-19 09:07:56,34.875
2026-02-19 09:09:02,36.375
2026-02-19 09:09:13,41.625
2026-02-19 09:09:23,43.187
2026-02-19 09:09:34,40.625
2026-02-19 09:09:45,37.375
2026-02-19 09:09:56,34.75
2026-02-19 09:10:07,32.687
2026-02-19 09:10:18,31.125
2026-02-19 09:10:29,29.937
2026-02-19 09:10:40,29.0
2026-02-19 09:10:51,28.375
2026-02-19 09:11:01,27.812
2026-02-19 09:11:23,27.062
2026-02-19 09:11:45,26.562
2026-02-19 09:12:29,26.0
2026-02-19 09:13:23,26.812
2026-02-19 09:13:34,28.625
2026-02-19 09:13:45,30.187
2026-02-19 09:13:56,31.312
2026-02-19 09:14:07,32.187
2026-02-19 09:14:17,32.687
2026-02-19 09:14:50,33.312
2026-02-19 09:15:55,33.812
2026-02-19 09:18:39,34.312
2026-02-19 09:19:33,34.937
2026-02-19 09:20:06,35.437
2026-02-19 09:22:05,35.937
2026-02-19 10:25:45,36.437
2026-02-19 12:03:31,36.937
2026-02-19 12:55:01,36.437
2026-02-19 12:56:07,35.937
2026-02-19 12:57:34,35.437
2026-02-19 12:58:06,38.937
2026-02-19 12:58:17,43.375
2026-02-19 12:58:28,42.875
2026-02-19 12:58:39,39.937
2026-02-19 12:58:50,36.937
2026-02-19 12:59:01,34.5
2026-02-19 12:59:12,32.75
2026-02-19 12:59:23,31.375
2026-02-19 12:59:33,30.312
2026-02-19 12:59:44,29.562
2026-02-19 12:59:55,28.937
2026-02-19 13:00:17,28.125
2026-02-19 13:00:39,27.562
2026-02-19 13:01:12,27.062
2026-02-19 13:02:06,26.562
2026-02-19 13:02:28,28.437
2026-02-19 13:02:39,30.187
2026-02-19 13:02:49,31.375
2026-02-19 13:03:00,32.125
2026-02-19 13:03:11,32.625
2026-02-19 13:03:33,33.375
2026-02-19 13:04:06,33.937
2026-02-19 13:05:11,34.437
2026-02-19 13:07:43,34.937
2026-02-19 13:08:27,35.5
2026-02-19 13:09:00,36.125
2026-02-19 13:10:05,36.625
2026-02-19 13:19:09,35.875
2026-02-19 13:19:20,34.687
2026-02-19 13:19:31,33.687
2026-02-19 13:19:41,33.0
2026-02-19 13:20:03,32.187
2026-02-19 13:20:25,31.625
2026-02-19 13:20:58,31.062
2026-02-19 13:21:52,30.5
2026-02-19 13:23:08,30.0
2026-02-19 13:24:24,29.5
2026-02-19 13:25:51,28.937
2026-02-19 13:27:18,28.437
2026-02-19 13:28:56,27.937
2026-02-19 13:30:34,27.437
2026-02-19 13:32:12,26.937
2026-02-19 13:33:50,26.437
2026-02-19 13:35:50,25.937
2026-02-19 13:37:39,25.437
2026-02-19 13:39:38,24.937
2026-02-19 13:41:38,24.437
2026-02-19 13:44:00,23.937
2026-02-19 13:46:10,23.437
2026-02-19 13:48:43,22.937
2026-02-19 13:51:26,22.437
2026-02-19 13:54:20,21.937
2026-02-19 13:57:25,21.437
2026-02-19 14:00:52,20.937
2026-02-19 14:04:29,20.437
2026-02-19 14:08:40,19.937
2026-02-19 14:13:01,19.437
2026-02-19 14:17:44,18.937
2026-02-19 14:23:10,18.437
2026-02-19 14:30:15,17.937
2026-02-19 14:38:35,17.437
2026-02-19 14:46:56,16.937
2026-02-19 15:07:03,17.437
2026-02-19 15:40:47,16.937
2026-02-19 16:01:17,16.437
2026-02-19 16:25:02,15.937
2026-02-19 16:52:04,15.437
2026-02-19 17:28:43,15.937
2026-02-19 17:33:36,16.437
2026-02-19 18:30:22,15.937
2026-02-19 19:02:39,15.437
2026-02-19 19:14:05,18.125
2026-02-19 19:14:15,21.75
2026-02-19 19:14:26,22.875
2026-02-19 19:14:37,23.687
2026-02-19 19:14:48,24.875
2026-02-19 19:14:59,26.375
2026-02-19 19:15:10,28.062
2026-02-19 19:15:21,29.437
2026-02-19 19:15:32,30.5
2026-02-19 19:15:43,31.312
2026-02-19 19:15:53,31.875
2026-02-19 19:16:15,32.687
2026-02-19 19:16:37,33.187
2026-02-19 19:17:10,33.687
2026-02-19 19:18:26,34.187
2026-02-19 19:20:04,34.687
2026-02-19 19:20:58,35.187
2026-02-19 20:30:04,34.687
2026-02-19 20:31:20,34.187
2026-02-19 20:32:26,36.125
2026-02-19 20:32:37,41.437
2026-02-19 20:32:47,42.437
2026-02-19 20:32:58,39.687
2026-02-19 20:33:09,36.437
2026-02-19 20:33:20,33.687
2026-02-19 20:33:31,31.625
2026-02-19 20:33:42,30.062
2026-02-19 20:33:53,28.937
2026-02-19 20:34:04,28.0
2026-02-19 20:34:14,27.312
2026-02-19 20:34:25,26.75
2026-02-19 20:34:47,26.062
2026-02-19 20:35:09,25.562
2026-02-19 20:35:52,25.0
2026-02-19 20:36:47,26.062
2026-02-19 20:36:58,27.937
2026-02-19 20:37:09,29.562
2026-02-19 20:37:19,30.75
2026-02-19 20:37:30,31.625
2026-02-19 20:37:41,32.25
2026-02-19 20:37:52,32.75
2026-02-19 20:38:14,33.375
2026-02-19 20:38:57,33.875
2026-02-19 20:40:35,34.375
2026-02-19 20:42:35,34.937
2026-02-19 20:56:00,35.437
2026-02-19 21:42:37,36.0
2026-02-19 22:00:56,35.125
2026-02-19 22:01:07,33.937
2026-02-19 22:01:18,32.875
2026-02-19 22:01:29,32.187
2026-02-19 22:01:50,31.25
2026-02-19 22:02:12,30.687
2026-02-19 22:02:45,30.187
2026-02-19 22:03:39,29.625
2026-02-19 22:04:55,29.062
2026-02-19 22:06:23,28.562
2026-02-19 22:07:50,28.062
2026-02-19 22:09:27,27.5
2026-02-19 22:11:05,27.0
2026-02-19 22:12:54,26.5
2026-02-19 22:14:32,26.0
2026-02-19 22:16:21,25.5
2026-02-19 22:18:21,25.0
2026-02-19 22:20:20,24.5
2026-02-19 22:22:20,24.0
2026-02-19 22:24:42,23.5
2026-02-19 22:27:03,23.0
2026-02-19 22:29:46,22.5
2026-02-19 22:32:30,22.0
2026-02-19 22:35:34,21.5
2026-02-19 22:38:39,21.0
2026-02-19 22:42:06,20.5
2026-02-19 22:45:33,20.0
2026-02-19 22:49:43,19.5
2026-02-19 22:54:37,19.0
2026-02-19 23:25:16,18.5
2026-02-19 23:33:36,18.0
2026-02-19 23:46:51,17.5
2026-02-19 23:57:54,17.0
2026-02-20 00:11:41,16.5
2026-02-20 00:29:17,16.0
2026-02-20 00:49:57,15.5
2026-02-20 01:25:41,16.0
2026-02-20 01:30:46,16.5
2026-02-20 02:18:49,16.0
2026-02-20 02:43:29,15.5
2026-02-20 03:01:05,19.875
2026-02-20 03:01:16,22.625
2026-02-20 03:01:26,23.25
2026-02-20 03:01:37,24.062
2026-02-20 03:01:48,25.312
2026-02-20 03:01:59,26.875
2026-02-20 03:02:10,28.562
2026-02-20 03:02:21,29.937
2026-02-20 03:02:32,31.0
2026-02-20 03:02:43,31.812
2026-02-20 03:02:53,32.375
2026-02-20 03:03:15,33.187
2026-02-20 03:03:37,33.687
2026-02-20 03:04:21,34.25
2026-02-20 03:05:26,34.75
2026-02-20 03:06:53,35.25
2026-02-20 03:07:58,35.75
2026-02-20 04:32:18,35.25
2026-02-20 04:33:24,34.75
2026-02-20 04:34:51,34.25
2026-02-20 04:35:34,37.937
2026-02-20 04:35:45,42.5
2026-02-20 04:35:56,41.937
2026-02-20 04:36:07,38.75
2026-02-20 04:36:18,35.562
2026-02-20 04:36:29,33.0
2026-02-20 04:36:39,31.125
2026-02-20 04:36:50,29.625
2026-02-20 04:37:01,28.562
2026-02-20 04:37:12,27.687
2026-02-20 04:37:23,27.062
2026-02-20 04:37:34,26.562
2026-02-20 04:37:56,25.875
2026-02-20 04:38:17,25.375
2026-02-20 04:39:01,24.875
2026-02-20 04:39:55,26.562
2026-02-20 04:40:06,28.375
2026-02-20 04:40:17,29.875
2026-02-20 04:40:28,31.062
2026-02-20 04:40:39,31.937
2026-02-20 04:40:50,32.5
2026-02-20 04:41:01,33.0
2026-02-20 04:41:22,33.625
2026-02-20 04:41:55,34.187
2026-02-20 04:43:00,34.687
2026-02-20 04:45:11,35.25
2026-02-20 04:46:16,35.812
2026-02-20 06:52:51,36.312
2026-02-20 08:20:16,35.812
2026-02-20 08:21:32,35.312
2026-02-20 08:22:38,38.875
2026-02-20 08:22:49,43.312
2026-02-20 08:22:59,42.687
2026-02-20 08:23:10,39.625
2026-02-20 08:23:21,36.562
2026-02-20 08:23:32,34.125
2026-02-20 08:23:43,32.25
2026-02-20 08:23:54,30.875
2026-02-20 08:24:05,29.812
2026-02-20 08:24:16,29.0
2026-02-20 08:24:27,28.375
2026-02-20 08:24:48,27.5
2026-02-20 08:25:10,26.937
2026-02-20 08:25:43,26.437
2026-02-20 08:26:37,25.937
2026-02-20 08:26:59,27.875
2026-02-20 08:27:10,29.687
2026-02-20 08:27:21,31.0
2026-02-20 08:27:31,31.937
2026-02-20 08:27:42,32.562
2026-02-20 08:28:04,33.312
2026-02-20 08:28:37,33.937
2026-02-20 08:29:42,34.437
2026-02-20 08:32:14,34.937
2026-02-20 08:33:09,35.437
2026-02-20 08:33:41,35.937
2026-02-20 08:36:57,36.437
2026-02-20 09:36:05,36.937
2026-02-20 11:18:22,36.062
2026-02-20 11:18:33,34.875
2026-02-20 11:18:44,33.312
2026-02-20 11:18:55,31.875
2026-02-20 11:19:06,30.812
2026-02-20 11:19:17,29.937
2026-02-20 11:19:28,29.25
2026-02-20 11:19:49,28.375
2026-02-20 11:20:11,27.875
2026-02-20 11:20:44,27.375
2026-02-20 11:21:49,26.875
2026-02-20 11:22:33,27.937
2026-02-20 11:22:43,29.75
2026-02-20 11:22:54,31.062
2026-02-20 11:23:05,32.0
2026-02-20 11:23:16,32.625
2026-02-20 11:23:27,33.125
2026-02-20 11:23:49,33.687
2026-02-20 11:24:21,34.312
2026-02-20 11:25:16,34.812
2026-02-20 11:27:48,35.312
2026-02-20 11:28:32,35.875
2026-02-20 11:29:04,36.5
2026-02-20 11:29:37,37.0
2026-02-20 12:02:48,36.5
2026-02-20 12:04:05,36.0
2026-02-20 12:05:32,37.812
2026-02-20 12:05:42,42.812
2026-02-20 12:05:53,43.625
2026-02-20 12:06:04,40.875
2026-02-20 12:06:15,37.812
2026-02-20 12:06:26,35.25
2026-02-20 12:06:37,33.25
2026-02-20 12:06:48,31.812
2026-02-20 12:06:59,30.687
2026-02-20 12:07:09,29.812
2026-02-20 12:07:20,29.187
2026-02-20 12:07:31,28.687
2026-02-20 12:07:53,28.0
2026-02-20 12:08:15,27.5
2026-02-20 12:08:58,26.937
2026-02-20 12:09:53,28.187
2026-02-20 12:10:04,30.0
2026-02-20 12:10:15,31.25
2026-02-20 12:10:25,32.125
2026-02-20 12:10:36,32.75
2026-02-20 12:10:58,32.0
2026-02-20 12:11:09,31.125
2026-02-20 12:11:20,30.5
2026-02-20 12:11:42,29.812
2026-02-20 12:12:14,29.187
2026-02-20 12:13:09,28.687
2026-02-20 12:14:25,28.187
2026-02-20 12:15:52,27.687
2026-02-20 12:17:30,27.187
2026-02-20 12:19:08,26.687
2026-02-20 12:20:46,26.187
2026-02-20 12:22:35,25.687
2026-02-20 12:24:34,25.187
2026-02-20 12:26:23,24.687
2026-02-20 12:28:34,24.187
2026-02-20 12:30:55,23.687
2026-02-20 12:33:16,23.187
2026-02-20 12:35:49,22.687
2026-02-20 12:38:21,22.187
2026-02-20 12:41:15,21.687
2026-02-20 12:44:20,21.187
2026-02-20 12:47:25,20.687
2026-02-20 12:50:52,20.187
2026-02-20 12:54:30,19.687
2026-02-20 12:58:51,19.187
2026-02-20 13:04:07,18.687
2026-02-20 13:09:22,18.187
2026-02-20 13:15:43,17.687
2026-02-20 13:22:15,17.187
2026-02-20 13:30:57,16.687
2026-02-20 13:41:39,16.187
2026-02-20 13:50:54,16.687
2026-02-20 14:28:48,16.187
2026-02-20 14:50:01,15.687
2026-02-20 15:09:58,15.187
2026-02-20 15:49:19,14.687
2026-02-20 16:13:16,15.187
2026-02-20 16:18:21,15.687
2026-02-20 16:24:52,16.187
2026-02-20 17:21:28,15.687
2026-02-20 17:48:19,15.187
2026-02-20 18:27:41,14.687
2026-02-20 18:38:23,15.187
2026-02-20 18:42:00,15.687
2026-02-20 18:46:43,16.187
2026-02-20 19:39:40,15.687
2026-02-20 20:05:26,15.187
2026-02-20 20:46:47,14.687
2026-02-20 21:02:33,15.187
2026-02-20 21:06:22,15.687
2026-02-20 21:11:37,16.187
2026-02-20 21:56:58,15.687
2026-02-20 22:22:01,15.187
2026-02-20 22:51:34,14.687
2026-02-20 23:27:18,15.187
2026-02-20 23:31:39,15.687
2026-02-20 23:37:06,16.187
2026-02-21 00:21:10,15.687
2026-02-21 00:46:01,15.187
2026-02-21 01:19:34,14.687
2026-02-21 01:50:34,15.187
2026-02-21 01:56:01,15.687
2026-02-21 02:06:43,16.187
2026-02-21 02:36:06,15.687
2026-02-21 03:09:17,15.187
2026-02-21 03:41:23,16.687
2026-02-21 03:41:34,20.437
2026-02-21 03:41:45,22.187
2026-02-21 03:41:56,23.187
2026-02-21 03:42:07,24.375
2026-02-21 03:42:18,25.875
2026-02-21 03:42:29,27.625
2026-02-21 03:42:39,29.062
2026-02-21 03:42:50,30.125
2026-02-21 03:43:01,30.937
2026-02-21 03:43:12,31.562
2026-02-21 03:43:34,32.437
2026-02-21 03:43:56,33.125
2026-02-21 03:44:17,33.625
2026-02-21 03:45:12,34.187
2026-02-21 03:47:22,34.75
2026-02-21 04:45:03,34.25
2026-02-21 04:46:19,33.687
2026-02-21 04:47:46,39.062
2026-02-21 04:47:57,42.25
2026-02-21 04:48:08,40.25
2026-02-21 04:48:19,36.875
2026-02-21 04:48:30,33.875
2026-02-21 04:48:41,31.625
2026-02-21 04:48:52,29.875
2026-02-21 04:49:03,28.562
2026-02-21 04:49:13,27.562
2026-02-21 04:49:24,26.812
2026-02-21 04:49:35,26.187
2026-02-21 04:49:57,25.5
2026-02-21 04:50:19,24.937
2026-02-21 04:50:51,24.375
2026-02-21 04:51:24,23.875
2026-02-21 04:52:08,26.0
2026-02-21 04:52:18,27.625
2026-02-21 04:52:29,29.062
2026-02-21 04:52:40,30.25
2026-02-21 04:52:51,31.125
2026-02-21 04:53:02,31.75
2026-02-21 04:53:24,32.562
2026-02-21 04:53:45,33.125
2026-02-21 04:54:18,33.625
2026-02-21 04:55:13,34.187
2026-02-21 04:57:23,34.687
2026-02-21 04:58:39,35.187
2026-02-21 05:02:28,34.687
2026-02-21 05:02:39,33.812
2026-02-21 05:02:50,32.875
2026-02-21 05:03:01,31.25
2026-02-21 05:03:11,29.687
2026-02-21 05:03:22,28.437
2026-02-21 05:03:33,27.5
2026-02-21 05:03:44,26.812
2026-02-21 05:03:55,26.25
2026-02-21 05:04:17,25.5
2026-02-21 05:04:38,25.0
2026-02-21 05:05:11,24.5
2026-02-21 05:05:55,23.937
2026-02-21 05:06:49,24.625
2026-02-21 05:07:00,26.437
2026-02-21 05:07:11,28.0
2026-02-21 05:07:22,29.375
2026-02-21 05:07:33,30.437
2026-02-21 05:07:43,31.187
2026-02-21 05:07:54,31.75
2026-02-21 05:08:16,32.562
2026-02-21 05:08:49,33.25
2026-02-21 05:09:32,33.812
2026-02-21 05:10:38,34.312
2026-02-21 05:12:37,34.812
2026-02-21 07:09:25,35.312
2026-02-21 08:19:04,35.875
2026-02-21 08:26:52,35.375
2026-02-21 08:27:57,34.875
2026-02-21 08:29:13,34.375
2026-02-21 08:30:18,34.937
2026-02-21 08:30:29,40.125
2026-02-21 08:30:40,43.0
2026-02-21 08:30:51,40.937
2026-02-21 08:31:02,37.687
2026-02-21 08:31:13,34.812
2026-02-21 08:31:24,32.5
2026-02-21 08:31:35,30.812
2026-02-21 08:31:45,29.5
2026-02-21 08:31:56,28.5
2026-02-21 08:32:07,27.75
2026-02-21 08:32:18,27.187
2026-02-21 08:32:40,26.375
2026-02-21 08:33:02,25.875
2026-02-21 08:33:34,25.375
2026-02-21 08:34:50,27.5
2026-02-21 08:35:01,29.187
2026-02-21 08:35:12,30.437
2026-02-21 08:35:23,31.375
2026-02-21 08:35:34,32.062
2026-02-21 08:35:45,32.625
2026-02-21 08:36:07,33.375
2026-02-21 08:36:39,33.875
2026-02-21 08:40:49,34.437
2026-02-21 08:41:22,35.062
2026-02-21 08:49:43,35.562
2026-02-21 09:43:02,36.062
2026-02-21 09:51:33,35.5
2026-02-21 09:51:44,34.312
2026-02-21 09:51:55,33.125
2026-02-21 09:52:06,32.312
2026-02-21 09:52:17,31.687
2026-02-21 09:52:39,30.937
2026-02-21 09:53:00,30.375
2026-02-21 09:53:33,29.875
2026-02-21 09:54:27,29.375
2026-02-21 09:55:44,28.812
2026-02-21 09:57:11,28.312
2026-02-21 09:58:38,27.812
2026-02-21 10:00:16,27.312
2026-02-21 10:01:54,26.812
2026-02-21 10:03:43,26.25
2026-02-21 10:05:31,25.75
2026-02-21 10:07:31,25.25
2026-02-21 10:09:42,24.687
2026-02-21 10:11:52,24.187
2026-02-21 10:14:03,23.687
2026-02-21 10:16:24,23.187
2026-02-21 10:18:57,22.687
2026-02-21 10:21:40,22.187
2026-02-21 10:24:34,21.687
2026-02-21 10:27:39,21.187
2026-02-21 10:30:55,20.687
2026-02-21 10:34:33,20.187
2026-02-21 10:38:43,19.687
2026-02-21 10:43:04,19.187
2026-02-21 10:47:58,18.687
2026-02-21 10:53:35,18.187
2026-02-21 11:30:24,17.687
2026-02-21 11:41:28,17.187
2026-02-21 11:54:10,16.687
2026-02-21 12:09:57,16.187
2026-02-21 12:29:21,15.687
2026-02-21 12:56:45,15.187
2026-02-21 13:22:52,15.687
2026-02-21 13:29:45,16.187
2026-02-21 14:35:14,15.687
2026-02-21 15:04:15,15.187
2026-02-21 15:46:41,15.687
2026-02-21 15:52:07,16.187
2026-02-21 17:08:40,15.687
2026-02-21 17:59:05,15.187
2026-02-21 18:12:30,15.687
2026-02-21 18:17:13,16.187
2026-02-21 18:24:17,16.687
2026-02-21 19:17:26,16.187
2026-02-21 19:51:53,15.687
2026-02-21 20:42:40,16.187
2026-02-21 20:47:56,16.687
2026-02-21 21:44:09,16.187
2026-02-21 22:10:05,15.687
2026-02-21 22:59:36,15.187
2026-02-21 23:04:52,15.687
2026-02-21 23:08:40,16.187
2026-02-21 23:15:01,16.687
2026-02-22 00:05:48,16.187
2026-02-22 00:31:33,15.687
2026-02-22 01:10:11,15.187
2026-02-22 01:30:52,15.687
2026-02-22 01:35:56,16.187
2026-02-22 01:44:28,16.687
2026-02-22 02:26:33,16.187
2026-02-22 02:51:57,15.687
2026-02-22 03:38:12,15.187
2026-02-22 03:55:47,17.312
2026-02-22 03:55:58,26.062
2026-02-22 03:56:09,30.937
2026-02-22 03:56:20,29.687
2026-02-22 03:56:30,27.062
2026-02-22 03:56:41,24.875
2026-02-22 03:56:52,23.562
2026-02-22 03:57:03,22.687
2026-02-22 03:57:14,22.125
2026-02-22 03:57:36,21.5
2026-02-22 03:58:19,21.0
2026-02-22 03:59:57,20.5
2026-02-22 04:00:08,21.375
2026-02-22 04:00:19,23.187
2026-02-22 04:00:30,24.937
2026-02-22 04:00:41,26.437
2026-02-22 04:00:52,27.812
2026-02-22 04:01:03,28.812
2026-02-22 04:01:13,29.562
2026-02-22 04:01:24,30.125
2026-02-22 04:01:46,30.875
2026-02-22 04:02:08,31.375
2026-02-22 04:02:41,31.875
2026-02-22 04:03:35,32.437
2026-02-22 04:05:13,32.937
2026-02-22 04:06:18,33.5
2026-02-22 05:05:58,34.0
2026-02-22 05:43:09,34.5
2026-02-22 06:32:40,35.0
2026-02-22 07:16:55,34.5
2026-02-22 07:50:06,34.0
2026-02-22 07:51:44,33.5
2026-02-22 07:52:28,38.5
2026-02-22 07:52:39,42.312
2026-02-22 07:52:49,40.875
2026-02-22 07:53:00,37.625
2026-02-22 07:53:11,34.562
2026-02-22 07:53:22,32.125
2026-02-22 07:53:33,30.375
2026-02-22 07:53:44,29.0
2026-02-22 07:53:55,28.0
2026-02-22 07:54:06,27.187
2026-02-22 07:54:17,26.625
2026-02-22 07:54:27,26.125
2026-02-22 07:54:49,25.437
2026-02-22 07:55:22,24.812
2026-02-22 07:56:16,24.25
2026-02-22 07:56:49,26.312
2026-02-22 07:57:00,28.062
2026-02-22 07:57:11,29.375
2026-02-22 07:57:21,30.312
2026-02-22 07:57:32,31.062
2026-02-22 07:57:43,31.562
2026-02-22 07:58:05,32.312
2026-02-22 07:58:38,32.875
2026-02-22 08:02:48,33.5
2026-02-22 08:03:21,34.062
2026-02-22 08:04:04,34.562
2026-02-22 08:30:33,35.062
2026-02-22 09:24:36,35.562
2026-02-22 09:56:31,35.0
2026-02-22 09:56:42,33.687
2026-02-22 09:56:53,32.562
2026-02-22 09:57:04,31.812
2026-02-22 09:57:15,31.25
2026-02-22 09:57:36,30.5
2026-02-22 09:58:09,29.875
2026-02-22 09:58:53,29.312
2026-02-22 10:00:09,28.75
2026-02-22 10:01:36,28.25
2026-02-22 10:03:03,27.75
2026-02-22 10:04:41,27.25
2026-02-22 10:06:19,26.75
2026-02-22 10:08:08,26.25
2026-02-22 10:10:07,25.75
2026-02-22 10:12:07,25.25
2026-02-22 10:14:07,24.75
2026-02-22 10:16:28,24.25
2026-02-22 10:18:50,23.75
2026-02-22 10:21:22,23.25
2026-02-22 10:24:05,22.75
2026-02-22 10:26:59,22.25
2026-02-22 10:30:04,21.75
2026-02-22 10:33:20,21.25
2026-02-22 10:36:58,20.75
2026-02-22 10:41:08,20.25
2026-02-22 11:02:43,19.75
2026-02-22 11:10:53,19.25
2026-02-22 11:19:03,18.75
2026-02-22 11:28:07,18.25
2026-02-22 11:37:22,17.75
2026-02-22 11:49:20,17.25
2026-02-22 12:05:18,16.75
2026-02-22 12:27:36,16.25
2026-02-22 12:49:00,19.875
2026-02-22 12:49:11,22.25
2026-02-22 12:49:22,22.75
2026-02-22 12:49:33,23.687
2026-02-22 12:49:44,25.125
2026-02-22 12:49:55,26.625
2026-02-22 12:50:06,27.812
2026-02-22 12:50:17,28.687
2026-02-22 12:50:27,29.312
2026-02-22 12:50:38,29.812
2026-02-22 12:51:00,30.5
2026-02-22 12:51:33,31.062
2026-02-22 12:52:27,31.562
2026-02-22 12:54:16,32.125
2026-02-22 12:55:43,32.625
2026-02-22 12:56:37,33.312
2026-02-22 13:05:42,33.875
2026-02-22 13:16:56,34.437
2026-02-22 13:24:22,33.937
2026-02-22 13:25:49,33.437
2026-02-22 13:27:38,37.062
2026-02-22 13:27:49,41.75
2026-02-22 13:28:00,41.062
2026-02-22 13:28:11,37.812
2026-02-22 13:28:22,34.625
2026-02-22 13:28:33,32.062
2026-02-22 13:28:43,30.125
2026-02-22 13:28:54,28.75
2026-02-22 13:29:05,27.625
2026-02-22 13:29:16,26.875
2026-02-22 13:29:27,26.25
2026-02-22 13:29:38,25.75
2026-02-22 13:30:00,25.062
2026-02-22 13:30:21,24.562
2026-02-22 13:31:05,24.0
2026-02-22 13:31:59,25.625
2026-02-22 13:32:10,27.437
2026-02-22 13:32:21,28.812
2026-02-22 13:32:32,29.75
2026-02-22 13:32:43,30.5
2026-02-22 13:32:54,31.062
2026-02-22 13:33:16,31.75
2026-02-22 13:33:48,32.25
2026-02-22 13:38:09,32.812
2026-02-22 13:38:42,33.312
2026-02-22 13:40:20,33.812
2026-02-22 14:06:49,34.312
2026-02-22 14:41:38,34.812
2026-02-22 15:19:11,35.437
2026-02-22 15:22:16,34.937
2026-02-22 15:31:09,35.5
2026-02-22 15:41:40,35.0
2026-02-22 16:03:15,35.5
2026-02-22 16:29:22,36.0
2026-02-22 16:31:22,35.375
2026-02-22 16:31:43,34.562
2026-02-22 16:31:54,32.75
2026-02-22 16:32:05,31.062
2026-02-22 16:32:16,29.625
2026-02-22 16:32:27,28.625
2026-02-22 16:32:38,27.812
2026-02-22 16:32:49,27.187
2026-02-22 16:33:10,26.375
2026-02-22 16:33:32,25.812
2026-02-22 16:34:16,25.312
2026-02-22 16:35:32,24.812
2026-02-22 16:35:54,26.437
2026-02-22 16:36:05,28.187
2026-02-22 16:36:15,29.625
2026-02-22 16:36:26,30.812
2026-02-22 16:36:37,31.75
2026-02-22 16:36:48,32.375
2026-02-22 16:36:59,32.875
2026-02-22 16:40:48,33.375
2026-02-22 16:41:53,33.937
2026-02-22 16:42:25,34.625
2026-02-22 16:42:58,35.187
2026-02-22 16:44:25,35.687
2026-02-22 16:51:19,36.187
2026-02-22 16:52:46,35.687
2026-02-22 17:02:33,36.187
2026-02-22 17:04:44,35.687
2026-02-22 17:10:00,35.187
2026-02-22 17:11:16,34.687
2026-02-22 17:12:54,39.5
2026-02-22 17:13:05,43.062
2026-02-22 17:13:15,41.437
2026-02-22 17:13:26,38.125
2026-02-22 17:13:37,35.187
2026-02-22 17:13:48,32.812
2026-02-22 17:13:59,31.062
2026-02-22 17:14:10,29.75
2026-02-22 17:14:21,28.75
2026-02-22 17:14:32,28.0
2026-02-22 17:14:43,27.375
2026-02-22 17:15:04,26.562
2026-02-22 17:15:26,26.0
2026-02-22 17:15:59,25.437
2026-02-22 17:17:15,27.375
2026-02-22 17:17:26,29.125
2026-02-22 17:17:37,30.562
2026-02-22 17:17:48,31.437
2026-02-22 17:18:09,32.125
2026-02-22 17:18:42,32.687
2026-02-22 17:19:58,33.187
2026-02-22 17:22:52,33.812
2026-02-22 17:23:14,34.375
2026-02-22 17:23:47,34.937
2026-02-22 17:24:41,35.437
2026-02-22 17:38:17,35.937
2026-02-22 18:20:11,36.437
2026-02-22 18:40:52,35.937
2026-02-22 18:49:45,36.5
2026-02-22 18:50:07,35.562
2026-02-22 18:50:18,34.0
2026-02-22 18:50:29,32.375
2026-02-22 18:50:40,30.937
2026-02-22 18:50:50,29.812
2026-02-22 18:51:01,28.875
2026-02-22 18:51:12,28.25
2026-02-22 18:51:23,27.687
2026-02-22 18:51:45,27.0
2026-02-22 18:52:07,26.5
2026-02-22 18:52:50,26.0
2026-02-22 18:54:17,26.937
2026-02-22 18:54:28,29.125
2026-02-22 18:54:39,30.812
2026-02-22 18:54:50,31.937
2026-02-22 18:55:01,32.625
2026-02-22 18:55:12,33.187
2026-02-22 18:55:33,33.937
2026-02-22 18:55:55,34.562
2026-02-22 18:56:39,35.125
2026-02-22 18:57:44,35.625
2026-02-22 18:59:54,36.125
2026-02-22 19:05:54,34.937
2026-02-22 19:06:05,33.25
2026-02-22 19:06:16,31.625
2026-02-22 19:06:27,30.375
2026-02-22 19:06:38,29.312
2026-02-22 19:06:48,28.5
2026-02-22 19:06:59,27.875
2026-02-22 19:07:21,27.062
2026-02-22 19:07:43,26.5
2026-02-22 19:08:16,26.0
2026-02-22 19:09:21,25.5
2026-02-22 19:10:04,27.5
2026-02-22 19:10:15,29.625
2026-02-22 19:10:26,31.125
2026-02-22 19:10:37,32.125
2026-02-22 19:10:48,32.812
2026-02-22 19:10:59,33.375
2026-02-22 19:11:21,34.187
2026-02-22 19:11:42,34.687
2026-02-22 19:12:26,35.25
2026-02-22 19:15:09,35.937
2026-02-22 19:15:31,34.687
2026-02-22 19:15:42,33.062
2026-02-22 19:15:53,31.5
2026-02-22 19:16:03,30.187
2026-02-22 19:16:14,29.125
2026-02-22 19:16:25,28.375
2026-02-22 19:16:36,27.75
2026-02-22 19:16:58,26.937
2026-02-22 19:17:20,26.437
2026-02-22 19:17:52,25.937
2026-02-22 19:18:57,25.437
2026-02-22 19:19:41,27.375
2026-02-22 19:19:52,29.437
2026-02-22 19:20:03,30.937
2026-02-22 19:20:14,31.937
2026-02-22 19:20:25,32.687
2026-02-22 19:20:36,33.25
2026-02-22 19:20:46,33.75
2026-02-22 19:21:08,34.437
2026-02-22 19:21:41,35.125
2026-02-22 19:22:13,35.687
2026-02-22 19:25:29,34.875
2026-02-22 19:25:40,33.125
2026-02-22 19:25:51,31.562
2026-02-22 19:26:02,30.25
2026-02-22 19:26:13,29.187
2026-02-22 19:26:24,28.375
2026-02-22 19:26:35,27.75
2026-02-22 19:26:56,26.937
2026-02-22 19:27:18,26.375
2026-02-22 19:27:51,25.875
2026-02-22 19:28:56,25.375
2026-02-22 19:29:39,27.312
2026-02-22 19:29:50,29.437
2026-02-22 19:30:01,30.937
2026-02-22 19:30:12,32.0
2026-02-22 19:30:23,32.75
2026-02-22 19:30:34,33.312
2026-02-22 19:30:56,34.0
2026-02-22 19:31:28,34.625
2026-02-22 19:32:12,35.125
2026-02-22 19:33:28,35.625
2026-02-22 19:34:55,36.187
2026-02-22 19:35:17,34.375
2026-02-22 19:35:28,32.625
2026-02-22 19:35:39,31.125
2026-02-22 19:35:49,29.812
2026-02-22 19:36:00,28.875
2026-02-22 19:36:11,28.125
2026-02-22 19:36:22,27.562
2026-02-22 19:36:44,26.75
2026-02-22 19:37:16,26.062
2026-02-22 19:38:00,25.562
2026-02-22 19:39:27,27.812
2026-02-22 19:39:38,29.75
2026-02-22 19:39:49,31.187
2026-02-22 19:40:00,32.187
2026-02-22 19:40:11,32.937
2026-02-22 19:40:21,33.5
2026-02-22 19:40:43,34.125
2026-02-22 19:41:16,34.687
2026-02-22 19:42:21,35.187
2026-02-22 19:43:05,35.75
2026-02-22 19:44:32,36.312
2026-02-22 19:47:48,35.812
2026-02-22 19:49:04,36.375
2026-02-22 19:53:03,35.375
2026-02-22 19:53:14,33.687
2026-02-22 19:53:25,32.0
2026-02-22 19:53:36,30.625
2026-02-22 19:53:47,29.5
2026-02-22 19:53:58,28.625
2026-02-22 19:54:08,27.937
2026-02-22 19:54:19,27.437
2026-02-22 19:54:41,26.75
2026-02-22 19:55:14,26.125
2026-02-22 19:56:08,25.625
2026-02-22 19:57:13,26.937
2026-02-22 19:57:24,29.125
2026-02-22 19:57:35,30.812
2026-02-22 19:57:46,31.937
2026-02-22 19:57:57,32.687
2026-02-22 19:58:08,33.25
2026-02-22 19:58:19,33.812
2026-02-22 19:58:29,34.312
2026-02-22 19:58:51,34.937
2026-02-22 19:59:24,35.5
2026-02-22 20:00:40,36.062
2026-02-22 20:06:39,36.625
2026-02-22 20:08:17,35.25
2026-02-22 20:08:28,33.5
2026-02-22 20:08:39,31.875
2026-02-22 20:08:50,30.5
2026-02-22 20:09:01,29.437
2026-02-22 20:09:12,28.625
2026-02-22 20:09:22,27.937
2026-02-22 20:09:33,27.437
2026-02-22 20:09:55,26.75
2026-02-22 20:10:28,26.187
2026-02-22 20:11:22,25.625
2026-02-22 20:12:27,27.25
2026-02-22 20:12:38,29.562
2026-02-22 20:12:49,31.312
2026-02-22 20:13:00,32.437
2026-02-22 20:13:11,33.25
2026-02-22 20:13:22,33.812
2026-02-22 20:13:44,34.5
2026-02-22 20:14:05,35.0
2026-02-22 20:15:00,35.5
2026-02-22 20:16:05,36.0
2026-02-22 20:24:04,36.5
2026-02-22 20:26:04,35.312
2026-02-22 20:26:14,33.625
2026-02-22 20:26:25,32.0
2026-02-22 20:26:36,30.625
2026-02-22 20:26:47,29.5
2026-02-22 20:26:58,28.687
2026-02-22 20:27:09,28.0
2026-02-22 20:27:31,27.187
2026-02-22 20:27:52,26.625
2026-02-22 20:28:25,26.062
2026-02-22 20:29:30,25.562
2026-02-22 20:30:14,27.187
2026-02-22 20:30:25,29.312
2026-02-22 20:30:36,31.062
2026-02-22 20:30:47,32.5
2026-02-22 20:30:57,33.437
2026-02-22 20:31:08,34.125
2026-02-22 20:31:30,34.75
2026-02-22 20:32:03,35.312
2026-02-22 20:32:46,35.812
2026-02-22 20:40:23,36.375
2026-02-22 20:40:45,35.562
2026-02-22 20:40:56,33.937
2026-02-22 20:41:07,32.25
2026-02-22 20:41:18,30.812
2026-02-22 20:41:29,29.687
2026-02-22 20:41:39,28.75
2026-02-22 20:41:50,28.125
2026-02-22 20:42:01,27.625
2026-02-22 20:42:23,26.875
2026-02-22 20:42:56,26.187
2026-02-22 20:43:50,25.687
2026-02-22 20:44:55,26.875
2026-02-22 20:45:06,29.0
2026-02-22 20:45:17,30.875
2026-02-22 20:45:28,32.125
2026-02-22 20:45:39,32.937
2026-02-22 20:45:50,33.5
2026-02-22 20:46:01,34.0
2026-02-22 20:46:22,34.625
2026-02-22 20:46:55,35.187
2026-02-22 20:47:28,35.75
2026-02-22 20:49:38,35.0
2026-02-22 20:49:49,33.312
2026-02-22 20:50:00,31.687
2026-02-22 20:50:11,30.312
2026-02-22 20:50:22,29.25
2026-02-22 20:50:33,28.437
2026-02-22 20:50:43,27.812
2026-02-22 20:51:05,27.0
2026-02-22 20:51:27,26.5
2026-02-22 20:52:00,26.0
2026-02-22 20:53:05,25.5
2026-02-22 20:56:53,25.0
2026-02-22 20:58:10,25.562
2026-02-22 20:58:20,32.187
2026-02-22 20:58:31,37.625
2026-02-22 20:58:53,35.0
2026-02-22 20:59:04,32.625
2026-02-22 20:59:15,30.812
2026-02-22 20:59:26,29.5
2026-02-22 20:59:37,28.5
2026-02-22 20:59:47,27.75
2026-02-22 20:59:58,27.187
2026-02-22 21:00:20,26.437
2026-02-22 21:00:42,25.937
2026-02-22 21:01:26,25.437
2026-02-22 21:02:42,27.562
2026-02-22 21:02:53,29.437
2026-02-22 21:03:04,30.687
2026-02-22 21:03:15,31.375
2026-02-22 21:03:36,32.125
2026-02-22 21:04:09,32.812
2026-02-22 21:04:31,33.375
2026-02-22 21:05:36,33.875
2026-02-22 21:07:57,34.562
2026-02-22 21:08:41,35.125
2026-02-22 21:09:14,35.75
2026-02-22 21:10:08,36.25
2026-02-22 21:10:52,35.375
2026-02-22 21:11:02,33.625
2026-02-22 21:11:13,31.937
2026-02-22 21:11:24,30.5
2026-02-22 21:11:35,29.375
2026-02-22 21:11:46,28.5
2026-02-22 21:11:57,27.812
2026-02-22 21:12:08,27.312
2026-02-22 21:12:29,26.625
2026-02-22 21:13:02,26.0
2026-02-22 21:13:57,25.5
2026-02-22 21:15:02,26.875
2026-02-22 21:15:13,29.125
2026-02-22 21:15:24,30.937
2026-02-22 21:15:35,32.187
2026-02-22 21:15:45,33.125
2026-02-22 21:15:56,33.75
2026-02-22 21:16:07,34.25
2026-02-22 21:16:29,34.812
2026-02-22 21:17:34,35.312
2026-02-22 21:18:29,35.812
2026-02-22 21:19:01,34.625
2026-02-22 21:19:12,32.937
2026-02-22 21:19:23,31.312
2026-02-22 21:19:34,30.062
2026-02-22 21:19:45,29.0
2026-02-22 21:19:56,28.187
2026-02-22 21:20:07,27.625
2026-02-22 21:20:17,27.125
2026-02-22 21:20:39,26.5
2026-02-22 21:21:12,25.937
2026-02-22 21:22:06,25.437
2026-02-22 21:23:12,27.25
2026-02-22 21:23:22,29.312
2026-02-22 21:23:33,30.875
2026-02-22 21:23:44,31.937
2026-02-22 21:23:55,32.75
2026-02-22 21:24:06,33.437
2026-02-22 21:24:17,33.937
2026-02-22 21:24:39,34.5
2026-02-22 21:25:22,35.187
2026-02-22 21:25:55,35.687
2026-02-22 21:28:49,36.187
2026-02-22 21:31:10,36.687
2026-02-22 21:33:43,36.187
2026-02-22 21:37:09,36.687
2026-02-22 21:38:36,36.125
2026-02-22 21:50:24,36.625
2026-02-22 21:51:51,36.125
2026-02-22 21:56:23,36.625
2026-02-22 21:59:17,36.125
2026-02-22 22:02:55,36.687
2026-02-22 22:03:49,35.687
2026-02-22 22:04:00,34.375
2026-02-22 22:04:11,33.25
2026-02-22 22:04:22,32.5
2026-02-22 22:04:33,32.0
2026-02-22 22:04:55,31.25
2026-02-22 22:05:27,30.562
2026-02-22 22:06:11,30.062
2026-02-22 22:07:16,29.562
2026-02-22 22:08:32,29.062
2026-02-22 22:09:59,28.562
2026-02-22 22:11:26,28.062
2026-02-22 22:13:15,27.5
2026-02-22 22:15:04,27.0
2026-02-22 22:16:53,26.5
2026-02-22 22:18:41,26.0
2026-02-22 22:20:41,25.5
2026-02-22 22:22:52,25.0
2026-02-22 22:25:02,24.5
2026-02-22 22:27:24,24.0
2026-02-22 22:29:56,23.5
2026-02-22 22:32:39,22.937
2026-02-22 22:35:55,22.437
2026-02-22 22:39:00,21.937
2026-02-22 22:42:16,21.437
2026-02-22 22:45:54,20.937
2026-02-22 22:50:15,20.437
2026-02-22 22:54:47,19.937
2026-02-22 22:59:51,19.437
2026-02-22 23:05:40,18.937
2026-02-22 23:12:23,18.437
2026-02-22 23:58:38,17.937
2026-02-23 00:12:59,17.437
2026-02-23 00:26:56,16.937
2026-02-23 00:45:37,16.437
2026-02-23 01:11:23,15.937
2026-02-23 01:48:01,16.437
2026-02-23 01:53:16,16.937
2026-02-23 02:58:56,16.437
2026-02-23 03:29:35,15.937
2026-02-23 03:55:42,17.312
2026-02-23 03:55:53,20.75
2026-02-23 03:56:04,22.312
2026-02-23 03:56:14,23.312
2026-02-23 03:56:25,24.375
2026-02-23 03:56:36,25.812
2026-02-23 03:56:47,27.312
2026-02-23 03:56:58,28.562
2026-02-23 03:57:09,29.5
2026-02-23 03:57:20,30.187
2026-02-23 03:57:31,30.75
2026-02-23 03:57:52,31.437
2026-02-23 03:58:25,32.0
2026-02-23 03:59:19,32.5
2026-02-23 04:00:58,33.0
2026-02-23 04:02:14,33.5
2026-02-23 04:26:32,33.0
2026-02-23 04:27:59,35.0
2026-02-23 04:28:10,40.437
2026-02-23 04:28:21,41.312
2026-02-23 04:28:32,38.437
2026-02-23 04:28:43,35.187
2026-02-23 04:28:54,32.5
2026-02-23 04:29:04,30.5
2026-02-23 04:29:15,29.0
2026-02-23 04:29:26,27.875
2026-02-23 04:29:37,27.0
2026-02-23 04:29:48,26.375
2026-02-23 04:29:59,25.812
2026-02-23 04:30:21,25.125
2026-02-23 04:30:53,24.5
2026-02-23 04:31:37,24.0
2026-02-23 04:32:20,25.125
2026-02-23 04:32:31,26.812
2026-02-23 04:32:42,28.312
2026-02-23 04:32:53,29.437
2026-02-23 04:33:04,30.187
2026-02-23 04:33:15,30.75
2026-02-23 04:33:37,31.5
2026-02-23 04:34:09,32.125
2026-02-23 04:34:53,32.625
2026-02-23 04:36:31,33.125
2026-02-23 04:38:19,33.625
2026-02-23 04:56:06,34.125
2026-02-23 05:16:03,34.625
2026-02-23 05:32:12,34.125
2026-02-23 06:03:45,34.625
2026-02-23 06:15:33,35.125
2026-02-23 06:18:05,34.625
2026-02-23 07:02:31,35.125
2026-02-23 07:56:44,35.687
2026-02-23 08:17:47,35.125
2026-02-23 08:19:03,34.625
2026-02-23 08:20:30,34.125
2026-02-23 08:21:03,34.625
2026-02-23 08:21:14,39.687
2026-02-23 08:21:25,42.875
2026-02-23 08:21:35,41.062
2026-02-23 08:21:46,37.75
2026-02-23 08:21:57,34.937
2026-02-23 08:22:08,32.687
2026-02-23 08:22:19,31.062
2026-02-23 08:22:30,29.75
2026-02-23 08:22:41,28.812
2026-02-23 08:22:52,28.125
2026-02-23 08:23:02,27.562
2026-02-23 08:23:24,26.75
2026-02-23 08:23:46,26.25
2026-02-23 08:24:19,25.687
2026-02-23 08:25:35,27.75
2026-02-23 08:25:46,29.375
2026-02-23 08:25:57,30.625
2026-02-23 08:26:08,31.625
2026-02-23 08:26:18,32.312
2026-02-23 08:26:29,32.812
2026-02-23 08:26:51,33.375
2026-02-23 08:31:12,33.937
2026-02-23 08:31:45,34.5
2026-02-23 08:32:18,35.0
2026-02-23 08:35:56,35.562
2026-02-23 09:13:08,36.062
2026-02-23 09:17:29,35.312
2026-02-23 09:17:40,34.062
2026-02-23 09:17:51,33.0
2026-02-23 09:18:02,32.25
2026-02-23 09:18:13,31.687
2026-02-23 09:18:34,31.0
2026-02-23 09:19:07,30.375
2026-02-23 09:19:50,29.875
2026-02-23 09:20:56,29.375
2026-02-23 09:22:12,28.875
2026-02-23 09:23:39,28.375
2026-02-23 09:25:17,27.875
2026-02-23 09:27:06,27.312
2026-02-23 09:29:06,26.812
2026-02-23 09:30:54,26.312
2026-02-23 09:32:54,25.812
2026-02-23 09:34:54,25.312
2026-02-23 09:37:04,24.812
2026-02-23 09:39:26,24.312
2026-02-23 09:41:47,23.812
2026-02-23 09:44:30,23.312
2026-02-23 09:47:03,22.812
2026-02-23 09:50:19,22.312
2026-02-23 09:53:24,21.812
2026-02-23 09:57:01,21.312
2026-02-23 10:00:50,20.812
2026-02-23 10:05:00,20.312
2026-02-23 10:09:54,19.812
2026-02-23 10:14:58,19.312
2026-02-23 10:21:08,18.812
2026-02-23 10:28:02,18.312
2026-02-23 10:36:33,17.812
2026-02-23 10:41:49,18.312
2026-02-23 11:20:38,17.812
2026-02-23 11:35:08,17.312
2026-02-23 11:51:39,16.812
2026-02-23 12:14:52,16.312
2026-02-23 12:47:52,15.812
2026-02-23 13:11:05,16.312
2026-02-23 13:16:32,16.812
2026-02-23 14:26:22,16.312
2026-02-23 15:04:27,15.812
2026-02-23 15:41:27,16.312
2026-02-23 15:46:43,16.812
2026-02-23 15:54:42,17.312
2026-02-23 16:56:54,16.812
2026-02-23 17:33:11,16.312
2026-02-23 18:13:05,16.812
2026-02-23 18:18:10,17.312
2026-02-23 18:26:19,17.812
2026-02-23 19:13:18,17.312
2026-02-23 19:30:43,21.062
2026-02-23 19:30:54,24.187
2026-02-23 19:31:26,25.437
2026-02-23 19:31:37,26.625
2026-02-23 19:31:48,27.937
2026-02-23 19:31:59,29.125
2026-02-23 19:32:10,29.937
2026-02-23 19:32:21,30.437
2026-02-23 19:32:42,31.187
2026-02-23 19:33:04,31.75
2026-02-23 19:33:37,32.25
2026-02-23 19:34:31,32.75
2026-02-23 19:35:47,33.25
2026-02-23 19:37:36,33.812
2026-02-23 19:51:01,34.375
2026-02-23 19:56:50,34.875
2026-02-23 19:57:55,34.312
2026-02-23 20:10:58,34.812
2026-02-23 20:14:03,34.25
2026-02-23 20:20:03,34.875
2026-02-23 20:22:13,34.375
2026-02-23 21:24:48,34.937
2026-02-23 21:35:52,34.437
2026-02-23 21:44:12,34.937
2026-02-23 21:50:22,34.375
2026-02-23 21:51:49,33.875
2026-02-23 21:52:54,36.937
2026-02-23 21:53:05,42.0
2026-02-23 21:53:27,38.75
2026-02-23 21:53:38,35.562
2026-02-23 21:53:49,32.937
2026-02-23 21:54:00,30.937
2026-02-23 21:54:11,29.5
2026-02-23 21:54:21,28.375
2026-02-23 21:54:32,27.562
2026-02-23 21:54:43,26.875
2026-02-23 21:54:54,26.312
2026-02-23 21:55:16,25.562
2026-02-23 21:55:48,24.875
2026-02-23 21:56:43,24.312
2026-02-23 21:57:16,25.75
2026-02-23 21:57:26,27.562
2026-02-23 21:57:37,29.0
2026-02-23 21:57:48,30.187
2026-02-23 21:57:59,31.062
2026-02-23 21:58:10,31.625
2026-02-23 21:58:32,32.375
2026-02-23 21:59:04,33.0
2026-02-23 22:02:53,33.562
2026-02-23 22:03:47,34.062
2026-02-23 22:05:47,34.625
2026-02-23 23:06:55,35.125
2026-02-23 23:11:38,35.75
2026-02-23 23:11:59,36.25
2026-02-23 23:14:21,36.812
2026-02-23 23:16:31,37.375
2026-02-23 23:17:26,36.75
2026-02-23 23:18:09,36.25
2026-02-23 23:22:20,35.75
2026-02-23 23:24:52,36.25
2026-02-23 23:29:57,36.75
2026-02-23 23:31:24,36.25
2026-02-23 23:32:18,36.75
2026-02-23 23:33:23,36.25
2026-02-23 23:34:29,36.812
2026-02-23 23:36:28,36.25
2026-02-23 23:39:22,37.062
2026-02-23 23:41:44,36.437
2026-02-23 23:46:48,37.0
2026-02-23 23:47:32,36.5
2026-02-23 23:50:59,35.937
2026-02-24 00:02:03,36.5
2026-02-24 00:03:30,36.0
2026-02-24 00:53:11,36.562
2026-02-24 00:55:54,36.062
2026-02-24 00:57:00,36.562
2026-02-24 01:03:21,36.062
2026-02-24 01:09:42,36.562
2026-02-24 01:12:14,36.062
2026-02-24 01:35:38,36.562
2026-02-24 01:36:43,36.062
2026-02-24 01:37:49,35.562
2026-02-24 01:39:16,35.062
2026-02-24 01:40:10,36.0
2026-02-24 01:40:21,41.25
2026-02-24 01:40:32,43.437
2026-02-24 01:40:43,41.125
2026-02-24 01:40:54,37.875
2026-02-24 01:41:04,35.062
2026-02-24 01:41:15,32.937
2026-02-24 01:41:26,31.375
2026-02-24 01:41:37,30.187
2026-02-24 01:41:48,29.25
2026-02-24 01:41:59,28.562
2026-02-24 01:42:10,28.0
2026-02-24 01:42:31,27.25
2026-02-24 01:42:53,26.75
2026-02-24 01:43:26,26.25
2026-02-24 01:44:31,26.75
2026-02-24 01:44:42,28.562
2026-02-24 01:44:53,30.25
2026-02-24 01:45:04,31.312
2026-02-24 01:45:15,31.937
2026-02-24 01:45:36,32.75
2026-02-24 01:45:58,33.25
2026-02-24 01:46:53,33.75
2026-02-24 01:49:36,34.25
2026-02-24 01:50:19,34.812
2026-02-24 01:51:03,35.375
2026-02-24 01:52:08,35.875
2026-02-24 02:16:37,36.375
2026-02-24 02:47:16,36.875
2026-02-24 02:57:58,36.375
2026-02-24 04:00:22,35.0
2026-02-24 04:00:32,33.625
2026-02-24 04:00:43,32.125
2026-02-24 04:00:54,30.875
2026-02-24 04:01:05,29.937
2026-02-24 04:01:16,29.187
2026-02-24 04:01:27,28.625
2026-02-24 04:01:49,27.937
2026-02-24 04:02:10,27.375
2026-02-24 04:02:54,26.875
2026-02-24 04:04:32,28.562
2026-02-24 04:04:43,30.187
2026-02-24 04:04:54,31.312
2026-02-24 04:05:04,32.062
2026-02-24 04:05:15,32.687
2026-02-24 04:05:37,33.375
2026-02-24 04:06:10,33.875
2026-02-24 04:07:26,34.375
2026-02-24 04:08:42,34.875
2026-02-24 04:10:31,35.437
2026-02-24 04:11:04,36.0
2026-02-24 04:12:20,36.5
2026-02-24 04:22:29,37.0
2026-02-24 05:10:44,37.5
2026-02-24 05:12:55,37.0
2026-02-24 05:14:33,37.562
2026-02-24 05:16:11,37.062
2026-02-24 05:20:43,37.562
2026-02-24 05:21:59,37.062
2026-02-24 05:24:53,36.562
2026-02-24 05:26:09,36.062
2026-02-24 05:27:47,35.562
2026-02-24 05:27:58,37.375
2026-02-24 05:28:09,42.562
2026-02-24 05:28:20,43.812
2026-02-24 05:28:31,41.187
2026-02-24 05:28:41,38.062
2026-02-24 05:28:52,35.375
2026-02-24 05:29:03,33.437
2026-02-24 05:29:14,31.937
2026-02-24 05:29:25,30.812
2026-02-24 05:29:36,29.937
2026-02-24 05:29:47,29.25
2026-02-24 05:29:58,28.75
2026-02-24 05:30:19,28.0
2026-02-24 05:30:41,27.5
2026-02-24 05:31:25,26.937
2026-02-24 05:32:19,27.812
2026-02-24 05:32:30,29.562
2026-02-24 05:32:41,30.937
2026-02-24 05:32:52,31.875
2026-02-24 05:33:03,32.5
2026-02-24 05:33:24,33.312
2026-02-24 05:33:57,33.875
2026-02-24 05:34:41,34.5
2026-02-24 05:36:40,35.0
2026-02-24 05:37:46,35.5
2026-02-24 05:38:40,36.062
2026-02-24 05:39:13,36.562
2026-02-24 05:39:45,37.125
2026-02-24 06:18:56,35.562
2026-02-24 06:19:07,34.437
2026-02-24 06:19:18,33.625
2026-02-24 06:19:29,33.0
2026-02-24 06:19:51,32.25
2026-02-24 06:20:24,31.562
2026-02-24 06:21:07,31.0
2026-02-24 06:22:12,30.5
2026-02-24 06:23:29,30.0
2026-02-24 06:24:56,29.437
2026-02-24 06:26:34,28.937
2026-02-24 06:28:01,28.437
2026-02-24 06:29:38,27.937
2026-02-24 06:31:27,27.437
2026-02-24 06:33:16,26.937
2026-02-24 06:35:05,26.437
2026-02-24 06:37:05,25.937
2026-02-24 06:39:15,25.437
2026-02-24 06:41:37,24.937
2026-02-24 06:43:58,24.437
2026-02-24 06:46:20,23.937
2026-02-24 06:49:03,23.437
2026-02-24 06:51:57,22.937
2026-02-24 06:55:13,22.437
2026-02-24 06:58:29,21.937
2026-02-24 07:02:06,21.437
2026-02-24 07:06:06,20.937
2026-02-24 07:10:27,20.437
2026-02-24 07:14:59,19.937
2026-02-24 07:20:47,19.437
2026-02-24 07:27:19,18.937
2026-02-24 07:34:34,18.437
2026-02-24 07:42:33,17.937
2026-02-24 07:54:31,18.437
2026-02-24 08:25:21,17.937
2026-02-24 08:40:57,17.437
2026-02-24 08:58:54,16.937
2026-02-24 09:21:13,16.437
2026-02-24 09:55:40,15.937
2026-02-24 10:19:37,16.437
2026-02-24 10:24:42,16.937
2026-02-24 10:34:51,17.437
2026-02-24 11:12:13,16.937
2026-02-24 11:39:47,16.437
2026-02-24 12:16:47,15.937
2026-02-24 12:50:20,16.437
2026-02-24 12:56:08,16.937
2026-02-24 13:52:00,19.5
2026-02-24 13:52:11,24.125
2026-02-24 13:52:22,25.125
2026-02-24 13:52:54,26.625
2026-02-24 13:53:05,27.937
2026-02-24 13:53:16,29.062
2026-02-24 13:53:27,29.875
2026-02-24 13:53:38,30.5
2026-02-24 13:53:49,31.0
2026-02-24 13:54:10,31.687
2026-02-24 13:54:43,32.25
2026-02-24 13:55:59,32.812
2026-02-24 13:57:48,33.375
2026-02-24 13:59:04,33.875
2026-02-24 14:00:21,34.562
2026-02-24 14:06:20,35.062
2026-02-24 14:09:03,34.562
2026-02-24 14:10:52,35.062
2026-02-24 14:14:51,34.562
2026-02-24 14:38:47,35.062
2026-02-24 14:42:58,34.562
2026-02-24 14:57:06,35.062
2026-02-24 15:02:44,34.562
2026-02-24 15:12:20,35.125
2026-02-24 16:09:50,35.625
2026-02-24 16:44:50,35.125
2026-02-24 16:46:28,34.625
2026-02-24 16:47:01,35.187
2026-02-24 16:47:12,40.25
2026-02-24 16:47:22,43.125
2026-02-24 16:47:33,41.125
2026-02-24 16:47:44,37.875
2026-02-24 16:47:55,35.0
2026-02-24 16:48:06,32.75
2026-02-24 16:48:17,31.062
2026-02-24 16:48:28,29.812
2026-02-24 16:48:39,28.875
2026-02-24 16:48:50,28.125
2026-02-24 16:49:00,27.562
2026-02-24 16:49:22,26.812
2026-02-24 16:49:44,26.25
2026-02-24 16:50:17,25.75
2026-02-24 16:51:33,27.875
2026-02-24 16:51:44,29.437
2026-02-24 16:51:55,30.687
2026-02-24 16:52:05,31.625
2026-02-24 16:52:16,32.25
2026-02-24 16:52:27,32.812
2026-02-24 16:52:49,33.5
2026-02-24 16:57:10,34.0
2026-02-24 16:57:43,34.562
2026-02-24 16:58:15,35.062
2026-02-24 17:06:37,35.562
2026-02-24 17:41:04,36.062
2026-02-24 19:41:19,36.562
2026-02-24 20:33:33,36.0
2026-02-24 20:35:00,35.5
2026-02-24 20:36:05,39.625
2026-02-24 20:36:16,43.562
2026-02-24 20:36:27,42.5
2026-02-24 20:36:38,39.375
2026-02-24 20:36:49,36.437
2026-02-24 20:37:00,34.187
2026-02-24 20:37:11,32.437
2026-02-24 20:37:21,31.187
2026-02-24 20:37:32,30.187
2026-02-24 20:37:43,29.437
2026-02-24 20:37:54,28.875
2026-02-24 20:38:05,28.375
2026-02-24 20:38:27,27.75
2026-02-24 20:38:59,27.187
2026-02-24 20:39:43,26.687
2026-02-24 20:41:10,26.187
2026-02-24 20:42:59,25.687
2026-02-24 20:45:20,25.187
2026-02-24 20:47:52,24.687
2026-02-24 20:50:47,24.187
2026-02-24 20:53:52,23.687
2026-02-24 20:56:46,23.187
2026-02-24 21:00:02,22.687
2026-02-24 21:03:39,22.187
2026-02-24 21:07:17,21.687
2026-02-24 21:11:16,21.187
2026-02-24 21:15:38,20.687
2026-02-24 21:20:42,20.187
2026-02-24 21:26:41,19.687
2026-02-24 21:33:24,19.187
2026-02-24 21:40:18,18.687
2026-02-24 21:49:11,18.187
2026-02-24 22:00:15,17.687
2026-02-24 22:13:18,17.187
2026-02-24 22:24:00,17.687
2026-02-24 22:33:04,18.187
2026-02-24 23:02:38,17.687
2026-02-24 23:24:35,17.187
2026-02-24 23:50:42,16.687
2026-02-25 00:13:55,19.812
2026-02-25 00:14:06,23.062
2026-02-25 00:14:17,23.625
2026-02-25 00:14:28,24.375
2026-02-25 00:14:39,25.687
2026-02-25 00:14:50,27.375
2026-02-25 00:15:00,28.875
2026-02-25 00:15:11,30.062
2026-02-25 00:15:22,30.875
2026-02-25 00:15:33,31.5
2026-02-25 00:15:44,32.0
2026-02-25 00:16:06,32.687
2026-02-25 00:16:38,33.312
2026-02-25 00:17:44,33.812
2026-02-25 00:19:43,34.312
2026-02-25 00:20:49,34.812
2026-02-25 00:49:39,35.312
2026-02-25 01:26:39,34.812
2026-02-25 01:28:06,34.312
2026-02-25 01:28:27,37.812
2026-02-25 01:28:38,42.5
2026-02-25 01:29:00,39.125
2026-02-25 01:29:11,36.062
2026-02-25 01:29:22,33.562
2026-02-25 01:29:33,31.687
2026-02-25 01:29:44,30.312
2026-02-25 01:29:54,29.25
2026-02-25 01:30:05,28.375
2026-02-25 01:30:16,27.812
2026-02-25 01:30:27,27.312
2026-02-25 01:30:49,26.625
2026-02-25 01:31:22,26.0
2026-02-25 01:32:05,25.5
2026-02-25 01:32:49,27.125
2026-02-25 01:33:00,28.875
2026-02-25 01:33:10,30.25
2026-02-25 01:33:21,31.312
2026-02-25 01:33:32,32.125
2026-02-25 01:33:43,32.687
2026-02-25 01:34:05,33.437
2026-02-25 01:36:04,33.937
2026-02-25 01:38:26,34.5
2026-02-25 01:39:20,35.125
2026-02-25 01:41:53,35.625
2026-02-25 01:45:30,34.375
2026-02-25 01:45:41,33.125
2026-02-25 01:45:52,32.25
2026-02-25 01:46:03,31.562
2026-02-25 01:46:25,30.812
2026-02-25 01:46:46,30.25
2026-02-25 01:47:19,29.75
2026-02-25 01:48:14,29.25
2026-02-25 01:49:30,28.75
2026-02-25 01:51:08,28.25
2026-02-25 01:52:46,27.75
2026-02-25 01:54:34,27.25
2026-02-25 01:56:23,26.75
2026-02-25 01:58:23,26.25
2026-02-25 02:00:34,25.75
2026-02-25 02:02:55,25.25
2026-02-25 02:05:16,24.75
2026-02-25 02:07:49,24.25
2026-02-25 02:10:43,23.75
2026-02-25 02:13:26,23.25
2026-02-25 02:16:31,22.75
2026-02-25 02:19:36,22.25
2026-02-25 02:23:14,21.75
2026-02-25 02:27:24,21.25
2026-02-25 02:31:24,20.75
2026-02-25 02:36:06,20.25
2026-02-25 02:41:44,19.75
2026-02-25 02:47:43,19.25
2026-02-25 02:54:58,18.75
2026-02-25 03:03:08,18.25
2026-02-25 03:12:23,17.75
2026-02-25 03:30:09,18.25
2026-02-25 04:06:37,17.75
2026-02-25 04:24:12,17.25
2026-02-25 04:44:42,16.75
2026-02-25 05:12:38,16.25
2026-02-25 05:59:58,16.75
2026-02-25 06:00:20,22.125
2026-02-25 06:00:31,28.812
2026-02-25 06:00:41,29.562
2026-02-25 06:00:52,28.437
2026-02-25 06:01:14,29.125
2026-02-25 06:01:25,30.062
2026-02-25 06:01:36,30.875
2026-02-25 06:01:47,31.5
2026-02-25 06:01:58,32.0
2026-02-25 06:02:19,32.687
2026-02-25 06:02:52,33.25
2026-02-25 06:03:36,33.75
2026-02-25 06:05:14,34.25
2026-02-25 06:06:41,34.875
2026-02-25 06:51:50,35.375
2026-02-25 08:48:28,35.875
2026-02-25 09:06:37,34.75
2026-02-25 09:06:48,33.562
2026-02-25 09:06:58,32.625
2026-02-25 09:07:09,32.0
2026-02-25 09:07:20,31.5
2026-02-25 09:07:42,30.875
2026-02-25 09:08:15,30.312
2026-02-25 09:08:58,29.812
2026-02-25 09:10:04,29.312
2026-02-25 09:11:31,28.812
2026-02-25 09:13:08,28.25
2026-02-25 09:14:57,27.75
2026-02-25 09:16:24,27.25
2026-02-25 09:18:24,26.75
2026-02-25 09:20:24,26.25
2026-02-25 09:22:23,25.75
2026-02-25 09:24:34,25.25
2026-02-25 09:26:45,24.75
2026-02-25 09:29:06,24.25
2026-02-25 09:31:38,23.75
2026-02-25 09:38:21,23.25
2026-02-25 09:45:04,22.75
2026-02-25 09:50:08,22.25
2026-02-25 09:55:13,21.75
2026-02-25 10:00:07,21.25
2026-02-25 10:05:22,20.75
2026-02-25 10:11:11,20.25
2026-02-25 10:17:21,19.75
2026-02-25 10:24:03,19.25
2026-02-25 10:32:02,18.75
2026-02-25 10:40:55,18.25
2026-02-25 10:51:48,17.75
2026-02-25 11:05:03,17.25
2026-02-25 11:22:49,16.75
2026-02-25 11:48:34,16.25
2026-02-25 12:08:09,16.75
2026-02-25 12:14:08,17.25
2026-02-25 13:14:10,16.75
2026-02-25 13:46:17,16.25
2026-02-25 14:41:24,16.75
2026-02-25 14:47:02,17.25
2026-02-25 15:43:37,16.75
2026-02-25 16:17:32,16.25
2026-02-25 17:10:19,16.75
2026-02-25 17:15:45,17.25
2026-02-25 18:38:28,16.75
2026-02-25 19:25:37,16.25
2026-02-25 19:37:35,16.75
2026-02-25 19:42:40,17.25
2026-02-25 19:51:44,17.75
2026-02-25 20:33:38,17.25
2026-02-25 20:58:50,16.75
2026-02-25 21:31:40,16.25
2026-02-25 22:07:46,16.75
2026-02-25 22:13:01,17.25
2026-02-25 23:19:24,16.75
2026-02-25 23:52:46,16.25
2026-02-26 00:34:29,16.75
2026-02-26 00:40:39,17.25
2026-02-26 01:37:58,16.75
2026-02-26 02:19:51,16.25
2026-02-26 03:00:51,16.75
2026-02-26 03:01:13,20.187
2026-02-26 03:01:23,27.625
2026-02-26 03:01:34,29.625
2026-02-26 03:01:45,28.375
2026-02-26 03:02:29,29.75
2026-02-26 03:02:40,30.75
2026-02-26 03:02:50,31.5
2026-02-26 03:03:01,32.062
2026-02-26 03:03:23,32.875
2026-02-26 03:03:45,33.437
2026-02-26 03:04:18,34.0
2026-02-26 03:05:01,34.562
2026-02-26 03:06:28,35.062
2026-02-26 03:08:06,35.562
2026-02-26 07:06:47,35.0
2026-02-26 07:08:03,34.5
2026-02-26 07:09:41,34.0
2026-02-26 07:09:52,35.062
2026-02-26 07:10:03,40.5
2026-02-26 07:10:14,42.937
2026-02-26 07:10:25,40.625
2026-02-26 07:10:36,37.375
2026-02-26 07:10:46,34.5
2026-02-26 07:10:57,32.312
2026-02-26 07:11:08,30.625
2026-02-26 07:11:19,29.437
2026-02-26 07:11:30,28.437
2026-02-26 07:11:41,27.75
2026-02-26 07:11:52,27.187
2026-02-26 07:12:13,26.375
2026-02-26 07:12:35,25.875
2026-02-26 07:13:08,25.375
2026-02-26 07:14:24,27.562
2026-02-26 07:14:35,29.312
2026-02-26 07:14:46,30.625
2026-02-26 07:14:57,31.562
2026-02-26 07:15:08,32.25
2026-02-26 07:15:18,32.75
2026-02-26 07:15:40,33.5
2026-02-26 07:16:13,34.062
2026-02-26 07:17:07,34.562
2026-02-26 07:19:29,35.125
2026-02-26 07:20:34,35.625
2026-02-26 08:35:06,36.187
2026-02-26 09:13:23,35.25
2026-02-26 09:13:34,34.187
2026-02-26 09:13:45,32.812
2026-02-26 09:13:55,31.312
2026-02-26 09:14:06,30.062
2026-02-26 09:14:17,29.125
2026-02-26 09:14:28,28.375
2026-02-26 09:14:39,27.812
2026-02-26 09:15:01,27.062
2026-02-26 09:15:22,26.562
2026-02-26 09:16:06,26.062
2026-02-26 09:17:44,28.062
2026-02-26 09:17:55,29.75
2026-02-26 09:18:06,31.0
2026-02-26 09:18:17,31.937
2026-02-26 09:18:38,32.75
2026-02-26 09:19:11,33.375
2026-02-26 09:20:06,33.875
2026-02-26 09:22:38,34.375
2026-02-26 09:23:43,34.937
2026-02-26 09:24:16,35.437
2026-02-26 09:25:21,35.937
2026-02-26 10:24:40,36.437
2026-02-26 10:54:03,35.937
2026-02-26 10:55:19,35.375
2026-02-26 10:57:08,39.437
2026-02-26 10:57:18,43.437
2026-02-26 10:57:29,42.187
2026-02-26 10:57:40,39.062
2026-02-26 10:57:51,36.125
2026-02-26 10:58:02,33.75
2026-02-26 10:58:13,32.0
2026-02-26 10:58:24,30.75
2026-02-26 10:58:35,29.75
2026-02-26 10:58:46,29.0
2026-02-26 10:58:56,28.437
2026-02-26 10:59:07,27.937
2026-02-26 10:59:29,27.25
2026-02-26 11:00:02,26.625
2026-02-26 11:00:45,26.125
2026-02-26 11:01:29,28.125
2026-02-26 11:01:40,29.812
2026-02-26 11:01:51,31.125
2026-02-26 11:02:02,31.937
2026-02-26 11:02:23,32.812
2026-02-26 11:02:56,33.375
2026-02-26 11:04:01,33.937
2026-02-26 11:06:23,34.437
2026-02-26 11:07:17,34.937
2026-02-26 11:07:50,35.5
2026-02-26 11:08:33,36.0
2026-02-26 11:15:16,36.5
2026-02-26 11:59:31,37.0
2026-02-26 12:09:09,36.5
2026-02-26 12:25:39,37.0
2026-02-26 12:49:46,36.375
2026-02-26 12:49:57,35.375
2026-02-26 12:50:08,34.187
2026-02-26 12:50:19,33.312
2026-02-26 12:50:30,32.687
2026-02-26 12:50:51,31.937
2026-02-26 12:51:13,31.437
2026-02-26 12:51:57,30.875
2026-02-26 12:52:51,30.375
2026-02-26 12:53:56,29.875
2026-02-26 12:55:23,29.375
2026-02-26 12:57:01,28.875
2026-02-26 12:58:28,28.375
2026-02-26 13:00:17,27.875
2026-02-26 13:01:55,27.375
2026-02-26 13:03:55,26.875
2026-02-26 13:05:44,26.375
2026-02-26 13:07:43,25.875
2026-02-26 13:09:54,25.375
2026-02-26 13:12:05,24.875
2026-02-26 13:14:26,24.375
2026-02-26 13:17:09,23.875
2026-02-26 13:19:42,23.375
2026-02-26 13:22:47,22.875
2026-02-26 13:25:41,22.375
2026-02-26 13:28:57,21.875
2026-02-26 13:32:45,21.375
2026-02-26 13:36:55,20.875
2026-02-26 13:41:27,20.375
2026-02-26 14:07:13,19.875
2026-02-26 14:17:11,19.375
2026-02-26 14:27:10,18.875
2026-02-26 14:38:35,18.375
2026-02-26 14:51:06,17.875
2026-02-26 15:06:20,17.375
2026-02-26 15:25:34,16.875
2026-02-26 15:56:35,16.375
2026-02-26 16:17:59,16.875
2026-02-26 16:23:26,17.375
2026-02-26 17:49:34,16.875
2026-02-26 18:43:59,16.375
2026-02-26 18:52:19,16.875
2026-02-26 18:56:52,17.375
2026-02-26 19:04:07,17.875
2026-02-26 19:50:55,17.375
2026-02-26 20:25:44,16.875
2026-02-26 21:04:33,16.375
2026-02-26 21:22:52,16.875
2026-02-26 21:28:08,17.375
2026-02-26 21:39:55,17.875
2026-02-26 22:12:23,17.375
2026-02-26 22:37:35,16.875
2026-02-26 23:15:08,16.375
2026-02-26 23:54:18,16.875
2026-02-26 23:59:34,17.375
2026-02-27 01:06:29,16.875
2026-02-27 01:37:52,16.375
2026-02-27 02:22:07,16.875
2026-02-27 02:28:06,17.375
2026-02-27 02:39:43,18.937
2026-02-27 02:39:54,25.437
2026-02-27 02:40:04,28.812
2026-02-27 02:40:15,27.937
2026-02-27 02:40:26,27.375
2026-02-27 02:40:48,28.312
2026-02-27 02:40:59,29.312
2026-02-27 02:41:10,30.375
2026-02-27 02:41:21,31.187
2026-02-27 02:41:31,31.75
2026-02-27 02:41:53,32.562
2026-02-27 02:42:15,33.062
2026-02-27 02:42:48,33.687
2026-02-27 02:43:42,34.25
2026-02-27 02:45:20,34.75
2026-02-27 02:46:25,35.25
2026-02-27 02:57:51,33.937
2026-02-27 02:58:02,32.75
2026-02-27 02:58:12,31.062
2026-02-27 02:58:23,29.562
2026-02-27 02:58:34,28.375
2026-02-27 02:58:45,27.5
2026-02-27 02:58:56,26.875
2026-02-27 02:59:07,26.312
2026-02-27 02:59:29,25.562
2026-02-27 02:59:50,24.937
2026-02-27 03:00:12,24.437
2026-02-27 03:00:45,23.875
2026-02-27 03:01:29,23.312
2026-02-27 03:02:01,24.5
2026-02-27 03:02:12,26.25
2026-02-27 03:02:23,27.75
2026-02-27 03:02:34,29.125
2026-02-27 03:02:45,30.312
2026-02-27 03:02:56,31.187
2026-02-27 03:03:06,31.812
2026-02-27 03:03:28,32.625
2026-02-27 03:03:50,33.25
2026-02-27 03:04:23,33.875
2026-02-27 03:05:06,34.375
2026-02-27 03:07:17,34.937
2026-02-27 03:08:55,35.437
2026-02-27 03:14:00,34.937
2026-02-27 05:13:53,33.5
2026-02-27 05:14:04,32.375
2026-02-27 05:14:15,31.562
2026-02-27 05:14:26,30.937
2026-02-27 05:14:48,30.437
2026-02-27 05:14:59,31.625
2026-02-27 05:15:09,32.5
2026-02-27 05:15:31,33.25
2026-02-27 05:15:53,33.75
2026-02-27 05:16:47,34.25
2026-02-27 05:18:47,34.75
2026-02-27 05:20:47,35.312
2026-02-27 06:12:28,34.812
2026-02-27 06:13:55,34.312
2026-02-27 06:15:22,35.375
2026-02-27 06:15:33,40.875
2026-02-27 06:15:44,42.937
2026-02-27 06:15:55,40.437
2026-02-27 06:16:06,37.125
2026-02-27 06:16:16,34.312
2026-02-27 06:16:27,32.187
2026-02-27 06:16:38,30.562
2026-02-27 06:16:49,29.312
2026-02-27 06:17:00,28.375
2026-02-27 06:17:11,27.687
2026-02-27 06:17:22,27.125
2026-02-27 06:17:43,26.312
2026-02-27 06:18:05,25.812
2026-02-27 06:18:38,25.312
2026-02-27 06:19:54,27.562
2026-02-27 06:20:05,29.25
2026-02-27 06:20:16,30.625
2026-02-27 06:20:27,31.562
2026-02-27 06:20:38,32.312
2026-02-27 06:20:48,32.812
2026-02-27 06:21:10,33.562
2026-02-27 06:21:43,34.187
2026-02-27 06:22:48,34.687
2026-02-27 06:24:59,35.187
2026-02-27 06:26:04,35.687
2026-02-27 08:36:40,36.187
2026-02-27 10:05:10,35.687
2026-02-27 10:06:37,35.187
2026-02-27 10:07:31,36.75
2026-02-27 10:07:42,42.062
2026-02-27 10:07:53,43.5
2026-02-27 10:08:04,40.875
2026-02-27 10:08:15,37.75
2026-02-27 10:08:26,35.062
2026-02-27 10:08:37,33.062
2026-02-27 10:08:48,31.5
2026-02-27 10:08:59,30.375
2026-02-27 10:09:09,29.5
2026-02-27 10:09:20,28.812
2026-02-27 10:09:31,28.25
2026-02-27 10:09:53,27.5
2026-02-27 10:10:15,27.0
2026-02-27 10:10:47,26.5
2026-02-27 10:11:53,27.187
2026-02-27 10:12:04,29.0
2026-02-27 10:12:14,30.562
2026-02-27 10:12:25,31.562
2026-02-27 10:12:36,32.125
2026-02-27 10:12:58,32.875
2026-02-27 10:13:31,33.437
2026-02-27 10:14:36,33.937
2026-02-27 10:17:08,34.437
2026-02-27 10:17:52,35.0
2026-02-27 10:18:24,35.562
2026-02-27 10:19:08,36.062
2026-02-27 10:49:47,36.562
2026-02-27 12:00:31,35.562
2026-02-27 12:00:42,34.375
2026-02-27 12:00:53,33.5
2026-02-27 12:01:04,32.875
2026-02-27 12:01:25,32.125
2026-02-27 12:01:47,31.625
2026-02-27 12:02:20,31.125
2026-02-27 12:03:14,30.562
2026-02-27 12:04:30,30.062
2026-02-27 12:05:57,29.562
2026-02-27 12:07:24,29.062
2026-02-27 12:08:51,28.562
2026-02-27 12:10:40,28.062
2026-02-27 12:12:29,27.562
2026-02-27 12:14:07,27.062
2026-02-27 12:15:56,26.562
2026-02-27 12:18:06,26.062
2026-02-27 12:20:17,25.562
2026-02-27 12:22:28,25.062
2026-02-27 12:24:38,24.562
2026-02-27 12:27:00,24.062
2026-02-27 12:29:54,23.562
2026-02-27 12:32:37,23.062
2026-02-27 12:35:53,22.562
2026-02-27 12:39:09,22.062
2026-02-27 12:42:46,21.562
2026-02-27 12:46:35,21.062
2026-02-27 12:50:56,20.562
2026-02-27 13:15:47,20.062
2026-02-27 13:25:24,19.562
2026-02-27 13:34:50,19.062
2026-02-27 13:45:54,18.562
2026-02-27 13:57:30,18.062
2026-02-27 14:12:12,17.562
2026-02-27 14:30:41,17.062
2026-02-27 14:57:10,16.562
2026-02-27 15:32:33,17.062
2026-02-27 15:38:11,17.562
2026-02-27 16:24:58,20.062
2026-02-27 16:25:09,25.25
2026-02-27 16:25:20,26.687
2026-02-27 16:25:31,26.125
2026-02-27 16:25:53,27.5
2026-02-27 16:26:04,28.562
2026-02-27 16:26:15,29.437
2026-02-27 16:26:25,30.125
2026-02-27 16:26:36,30.687
2026-02-27 16:26:58,31.5
2026-02-27 16:27:20,32.0
2026-02-27 16:31:30,32.562
2026-02-27 16:32:03,33.125
2026-02-27 16:32:46,33.625
2026-02-27 16:36:35,34.125
2026-02-27 16:52:54,34.625
2026-02-27 17:34:48,35.125
2026-02-27 17:37:09,34.625
2026-02-27 17:37:20,33.437
2026-02-27 17:37:31,32.375
2026-02-27 17:37:42,31.687
2026-02-27 17:37:53,31.125
2026-02-27 17:38:15,30.437
2026-02-27 17:38:47,29.812
2026-02-27 17:39:42,29.25
2026-02-27 17:40:58,28.75
2026-02-27 17:42:25,28.25
2026-02-27 17:44:14,27.75
2026-02-27 17:46:03,27.25
2026-02-27 17:48:13,26.75
2026-02-27 17:50:24,26.25
2026-02-27 17:52:34,25.75
2026-02-27 17:54:56,25.25
2026-02-27 17:57:28,24.75
2026-02-27 18:00:12,24.25
2026-02-27 18:02:55,23.75
2026-02-27 18:06:00,23.25
2026-02-27 18:09:16,22.75
2026-02-27 18:12:32,22.25
2026-02-27 18:16:42,21.75
2026-02-27 18:35:34,21.25
2026-02-27 18:44:48,20.75
2026-02-27 18:53:53,20.25
2026-02-27 19:02:02,19.75
2026-02-27 19:11:50,19.25
2026-02-27 19:22:43,18.75
2026-02-27 19:36:30,18.25
2026-02-27 19:51:23,17.75
2026-02-27 20:09:53,17.25
2026-02-27 20:34:54,16.75
2026-02-27 20:48:09,17.25
2026-02-27 20:53:14,17.75
2026-02-27 21:06:06,20.062
2026-02-27 21:06:17,26.562
2026-02-27 21:06:28,29.312
2026-02-27 21:06:39,28.437
2026-02-27 21:07:11,29.625
2026-02-27 21:07:22,30.312
2026-02-27 21:07:33,30.812
2026-02-27 21:07:44,31.312
2026-02-27 21:08:06,31.937
2026-02-27 21:08:49,32.5
2026-02-27 21:11:33,33.0
2026-02-27 21:12:38,33.562
2026-02-27 21:13:22,34.187
2026-02-27 21:14:38,34.812
2026-02-27 21:15:21,34.25
2026-02-27 21:36:23,34.875
2026-02-27 22:30:37,35.375
2026-02-27 23:19:35,35.875
2026-02-28 00:17:59,36.375
2026-02-28 00:38:51,35.875
2026-02-28 00:40:18,35.312
2026-02-28 00:41:45,36.0
2026-02-28 00:41:56,41.187
2026-02-28 00:42:07,43.5
2026-02-28 00:42:18,41.25
2026-02-28 00:42:28,38.125
2026-02-28 00:42:39,35.375
2026-02-28 00:42:50,33.25
2026-02-28 00:43:01,31.625
2026-02-28 00:43:12,30.437
2026-02-28 00:43:23,29.562
2026-02-28 00:43:34,28.875
2026-02-28 00:43:45,28.312
2026-02-28 00:44:06,27.562
2026-02-28 00:44:28,27.062
2026-02-28 00:45:01,26.562
2026-02-28 00:46:17,28.75
2026-02-28 00:46:28,30.375
2026-02-28 00:46:39,31.437
2026-02-28 00:46:50,32.125
2026-02-28 00:47:11,32.875
2026-02-28 00:47:44,33.5
2026-02-28 00:48:49,34.0
2026-02-28 00:51:32,34.562
2026-02-28 00:52:16,35.187
2026-02-28 00:52:49,35.75
2026-02-28 00:53:54,36.25
2026-02-28 01:30:11,36.75
2026-02-28 02:44:22,37.25
2026-02-28 03:41:08,36.75
2026-02-28 03:41:19,35.5
2026-02-28 03:41:30,34.437
2026-02-28 03:41:41,33.687
2026-02-28 03:41:51,33.187
2026-02-28 03:42:13,32.437
2026-02-28 03:42:46,31.875
2026-02-28 03:43:29,31.375
2026-02-28 03:44:24,30.875
2026-02-28 03:45:40,30.375
2026-02-28 03:47:07,29.875
2026-02-28 03:48:34,29.375
2026-02-28 03:50:12,28.875
2026-02-28 03:51:50,28.375
2026-02-28 03:53:28,27.875
2026-02-28 03:55:17,27.375
2026-02-28 03:57:06,26.875
2026-02-28 03:59:49,26.375
2026-02-28 04:04:10,25.875
2026-02-28 04:08:10,25.375
2026-02-28 04:11:36,24.875
2026-02-28 04:15:14,24.375
2026-02-28 04:18:52,23.875
2026-02-28 04:22:19,23.375
2026-02-28 04:25:56,22.875
2026-02-28 04:30:06,22.375
2026-02-28 04:34:28,21.875
2026-02-28 04:39:00,21.375
2026-02-28 04:44:04,20.875
2026-02-28 04:49:42,20.375
2026-02-28 04:55:30,19.875
2026-02-28 05:02:13,19.375
2026-02-28 05:10:12,18.875
2026-02-28 05:19:37,18.375
2026-02-28 05:30:30,17.875
2026-02-28 05:44:06,17.375
2026-02-28 06:04:04,16.875
2026-02-28 06:37:27,17.375
2026-02-28 06:44:53,17.875
2026-02-28 07:25:09,17.375
2026-02-28 07:46:54,16.875
2026-02-28 08:15:01,16.375
2026-02-28 09:08:42,16.875
2026-02-28 09:14:09,17.375
2026-02-28 10:18:32,16.875
2026-02-28 11:11:40,16.375
2026-02-28 11:42:08,16.875
2026-02-28 11:46:40,17.375
2026-02-28 11:52:50,17.875
2026-02-28 13:40:56,17.375
2026-02-28 14:12:19,17.875
2026-02-28 14:18:40,18.375
2026-02-28 15:04:00,17.875
2026-02-28 15:24:30,17.375
2026-02-28 15:49:53,16.875
2026-02-28 16:29:48,16.375
2026-02-28 16:41:13,16.875
2026-02-28 16:46:29,17.375
2026-02-28 16:56:05,17.875
2026-02-28 17:36:43,17.375
2026-02-28 18:03:45,16.875
2026-02-28 18:42:55,16.375
2026-02-28 19:13:12,16.875
2026-02-28 19:19:22,17.375
2026-02-28 20:38:05,16.875
2026-02-28 21:24:42,16.375
2026-02-28 21:44:39,16.875
2026-02-28 21:49:44,17.375
2026-02-28 21:58:59,17.875
2026-02-28 22:46:09,17.375
2026-02-28 23:33:18,16.875
2026-03-01 00:16:39,17.375
2026-03-01 00:22:38,17.875
2026-03-01 01:09:59,22.312
2026-03-01 01:10:09,26.125
2026-03-01 01:10:53,27.375
2026-03-01 01:11:04,28.5
2026-03-01 01:11:15,29.5
2026-03-01 01:11:26,30.312
2026-03-01 01:11:36,30.875
2026-03-01 01:11:58,31.687
2026-03-01 01:12:31,32.375
2026-03-01 01:13:14,33.0
2026-03-01 01:14:20,33.5
2026-03-01 01:15:58,34.0
2026-03-01 01:17:14,34.5
2026-03-01 04:07:43,34.0
2026-03-01 04:09:21,35.812
2026-03-01 04:09:32,41.25
2026-03-01 04:09:42,42.312
2026-03-01 04:09:53,39.562
2026-03-01 04:10:04,36.312
2026-03-01 04:10:15,33.562
2026-03-01 04:10:26,31.5
2026-03-01 04:10:37,29.937
2026-03-01 04:10:48,28.75
2026-03-01 04:10:59,27.875
2026-03-01 04:11:10,27.187
2026-03-01 04:11:20,26.687
2026-03-01 04:11:42,25.875
2026-03-01 04:12:15,25.25
2026-03-01 04:12:58,24.687
2026-03-01 04:13:42,25.812
2026-03-01 04:13:53,27.625
2026-03-01 04:14:04,29.187
2026-03-01 04:14:15,30.375
2026-03-01 04:14:25,31.187
2026-03-01 04:14:36,31.812
2026-03-01 04:14:58,32.625
2026-03-01 04:15:20,33.125
2026-03-01 04:16:14,33.625
2026-03-01 04:18:47,34.125
2026-03-01 04:19:52,34.687
2026-03-01 04:46:42,35.187
2026-03-01 05:40:02,35.687
2026-03-01 06:51:29,36.187
2026-03-01 08:06:13,35.625
2026-03-01 08:07:51,35.125
2026-03-01 08:08:13,36.437
2026-03-01 08:08:24,41.687
2026-03-01 08:08:34,43.562
2026-03-01 08:08:45,41.187
2026-03-01 08:08:56,38.0
2026-03-01 08:09:07,35.25
2026-03-01 08:09:18,33.125
2026-03-01 08:09:29,31.562
2026-03-01 08:09:40,30.375
2026-03-01 08:09:51,29.5
2026-03-01 08:10:02,28.812
2026-03-01 08:10:12,28.25
2026-03-01 08:10:34,27.5
2026-03-01 08:11:07,26.875
2026-03-01 08:11:50,26.375
2026-03-01 08:13:17,25.875
2026-03-01 08:15:17,25.375
2026-03-01 08:17:49,24.875
2026-03-01 08:20:44,24.375
2026-03-01 08:23:27,23.875
2026-03-01 08:26:43,23.375
2026-03-01 08:29:59,22.875
2026-03-01 08:33:36,22.375
2026-03-01 08:37:47,21.875
2026-03-01 08:42:08,21.375
2026-03-01 08:46:40,20.875
2026-03-01 08:51:56,20.375
2026-03-01 08:57:44,19.875
2026-03-01 09:04:05,19.375
2026-03-01 09:11:42,18.875
2026-03-01 09:20:25,18.375
2026-03-01 09:32:12,17.875
2026-03-01 09:47:26,17.375
2026-03-01 10:01:13,17.875
2026-03-01 10:11:22,18.375
2026-03-01 10:40:34,17.875
2026-03-01 11:03:26,17.375
2026-03-01 11:30:38,16.875
2026-03-01 12:23:14,16.375
2026-03-01 12:29:34,16.875
2026-03-01 12:34:28,17.375
2026-03-01 12:42:27,17.875
2026-03-01 13:26:42,17.375
2026-03-01 13:53:55,16.875
2026-03-01 14:32:55,16.375
2026-03-01 14:58:51,16.875
2026-03-01 15:04:17,17.375
2026-03-01 15:14:38,17.875
2026-03-01 15:52:54,17.375
2026-03-01 16:21:11,16.875
2026-03-01 17:05:26,16.375
2026-03-01 17:30:07,16.875
2026-03-01 17:35:44,17.375
2026-03-01 17:47:10,18.437
2026-03-01 17:47:20,24.625
2026-03-01 17:47:31,28.875
2026-03-01 17:47:42,28.312
2026-03-01 17:47:53,27.625
2026-03-01 17:48:15,28.562
2026-03-01 17:48:26,29.437
2026-03-01 17:48:37,30.187
2026-03-01 17:48:48,30.75
2026-03-01 17:49:09,31.5
2026-03-01 17:49:31,32.0
2026-03-01 17:50:15,32.562
2026-03-01 17:51:20,33.125
2026-03-01 17:53:09,33.625
2026-03-01 17:54:14,34.125
2026-03-01 19:31:49,34.625
2026-03-01 20:18:37,35.125
2026-03-01 21:08:40,34.125
2026-03-01 21:08:51,32.937
2026-03-01 21:09:02,32.062
2026-03-01 21:09:13,31.437
2026-03-01 21:09:35,30.687
2026-03-01 21:10:07,30.0
2026-03-01 21:10:51,29.5
2026-03-01 21:11:56,29.0
2026-03-01 21:13:23,28.5
2026-03-01 21:14:50,28.0
2026-03-01 21:16:39,27.5
2026-03-01 21:18:28,27.0
2026-03-01 21:20:28,26.5
2026-03-01 21:23:54,26.0
2026-03-01 21:28:04,25.5
2026-03-01 21:31:53,25.0
2026-03-01 21:35:52,24.5
2026-03-01 21:39:30,24.0
2026-03-01 21:43:08,23.5
2026-03-01 21:46:56,23.0
2026-03-01 21:50:34,22.5
2026-03-01 21:54:55,22.0
2026-03-01 21:59:27,21.5
2026-03-01 22:04:10,21.0
2026-03-01 22:09:47,20.5
2026-03-01 22:15:25,20.0
2026-03-01 22:22:18,19.5
2026-03-01 22:30:17,19.0
2026-03-01 22:39:43,18.5
2026-03-01 22:51:41,18.0
2026-03-01 23:06:33,17.5
2026-03-01 23:26:30,17.0
2026-03-01 23:58:04,17.5
2026-03-02 00:06:35,18.0
2026-03-02 00:40:09,17.5
2026-03-02 01:01:22,17.0
2026-03-02 01:29:40,16.5
2026-03-02 01:54:41,19.312
2026-03-02 01:54:52,22.562
2026-03-02 01:55:03,23.687
2026-03-02 01:55:14,24.625
2026-03-02 01:55:25,25.25
2026-03-02 01:55:35,26.812
2026-03-02 01:55:46,28.437
2026-03-02 01:55:57,29.312
2026-03-02 01:56:08,30.187
2026-03-02 01:56:19,30.875
2026-03-02 01:56:30,31.437
2026-03-02 01:56:52,32.25
2026-03-02 01:57:13,32.812
2026-03-02 01:57:46,33.312
2026-03-02 01:58:40,33.875
2026-03-02 01:59:57,34.375
2026-03-02 02:01:13,34.937
2026-03-02 02:02:40,35.437
2026-03-02 02:42:12,34.937
2026-03-02 02:43:39,34.437
2026-03-02 02:44:55,38.312
2026-03-02 02:45:06,42.687
2026-03-02 02:45:17,41.75
2026-03-02 02:45:28,38.375
2026-03-02 02:45:39,35.125
2026-03-02 02:45:50,32.625
2026-03-02 02:46:01,30.687
2026-03-02 02:46:11,29.25
2026-03-02 02:46:22,28.125
2026-03-02 02:46:33,27.312
2026-03-02 02:46:44,26.687
2026-03-02 02:46:55,26.125
2026-03-02 02:47:17,25.437
2026-03-02 02:47:38,24.937
2026-03-02 02:48:22,24.375
2026-03-02 02:49:16,26.062
2026-03-02 02:49:27,27.812
2026-03-02 02:49:38,29.375
2026-03-02 02:49:49,30.625
2026-03-02 02:50:00,31.562
2026-03-02 02:50:11,32.25
2026-03-02 02:50:22,32.75
2026-03-02 02:50:44,33.375
2026-03-02 02:51:16,34.0
2026-03-02 02:52:11,34.5
2026-03-02 02:54:21,35.0
2026-03-02 02:55:26,35.5
2026-03-02 05:26:31,36.0
2026-03-02 06:38:43,35.5
2026-03-02 06:40:21,34.937
2026-03-02 06:40:43,37.125
2026-03-02 06:40:54,42.375
2026-03-02 06:41:05,43.25
2026-03-02 06:41:16,40.5
2026-03-02 06:41:26,37.312
2026-03-02 06:41:37,34.687
2026-03-02 06:41:48,32.687
2026-03-02 06:41:59,31.187
2026-03-02 06:42:10,30.0
2026-03-02 06:42:21,29.187
2026-03-02 06:42:32,28.5
2026-03-02 06:42:43,28.0
2026-03-02 06:43:04,27.25
2026-03-02 06:43:26,26.75
2026-03-02 06:43:59,26.25
2026-03-02 06:45:04,27.187
2026-03-02 06:45:15,29.0
2026-03-02 06:45:26,30.5
2026-03-02 06:45:37,31.625
2026-03-02 06:45:48,32.312
2026-03-02 06:45:59,32.875
2026-03-02 06:46:20,33.562
2026-03-02 06:46:53,34.187
2026-03-02 06:47:58,34.687
2026-03-02 06:50:31,35.187
2026-03-02 06:51:36,35.812
2026-03-02 06:54:41,36.312
2026-03-02 08:16:40,36.812
2026-03-02 08:43:41,35.437
2026-03-02 08:43:52,34.25
2026-03-02 08:44:03,33.375
2026-03-02 08:44:14,32.75
2026-03-02 08:44:25,32.25
2026-03-02 08:44:47,31.625
2026-03-02 08:45:19,31.062
2026-03-02 08:46:03,30.562
2026-03-02 08:47:08,30.0
2026-03-02 08:48:35,29.5
2026-03-02 08:50:02,29.0
2026-03-02 08:51:40,28.437
2026-03-02 08:53:29,27.937
2026-03-02 08:55:07,27.437
2026-03-02 08:56:56,26.937
2026-03-02 08:58:45,26.437
2026-03-02 09:00:55,25.937
2026-03-02 09:02:55,25.437
2026-03-02 09:05:06,24.937
2026-03-02 09:07:38,24.437
2026-03-02 09:09:59,23.937
2026-03-02 09:12:32,23.437
2026-03-02 09:15:26,22.937
2026-03-02 09:18:31,22.437
2026-03-02 09:21:47,21.937
2026-03-02 09:25:25,21.437
2026-03-02 09:29:13,20.937
2026-03-02 09:49:21,20.437
2026-03-02 09:57:52,19.937
2026-03-02 10:05:40,19.437
2026-03-02 10:14:55,18.937
2026-03-02 10:24:43,18.437
2026-03-02 10:35:58,17.937
2026-03-02 10:49:01,17.437
2026-03-02 11:06:26,16.937
2026-03-02 11:30:44,16.437
2026-03-02 12:07:54,16.937
2026-03-02 12:14:26,17.437
2026-03-02 13:05:02,16.937
2026-03-02 13:34:47,16.437
2026-03-02 14:15:57,18.625
2026-03-02 14:16:08,22.0
2026-03-02 14:16:19,22.937
2026-03-02 14:16:30,23.687
2026-03-02 14:16:41,24.937
2026-03-02 14:16:52,26.5
2026-03-02 14:17:03,27.937
2026-03-02 14:17:13,29.062
2026-03-02 14:17:24,29.875
2026-03-02 14:17:35,30.5
2026-03-02 14:17:46,31.0
2026-03-02 14:18:08,31.625
2026-03-02 14:18:40,32.187
2026-03-02 14:19:46,32.687
2026-03-02 14:21:46,33.187
2026-03-02 14:23:02,33.687
2026-03-02 14:29:33,34.187
2026-03-02 14:54:13,34.687
2026-03-02 15:00:45,34.187
2026-03-02 15:02:12,33.687
2026-03-02 15:02:56,34.812
2026-03-02 15:03:07,40.312
2026-03-02 15:03:18,42.437
2026-03-02 15:03:28,40.062
2026-03-02 15:03:39,36.75
2026-03-02 15:03:50,33.875
2026-03-02 15:04:01,31.687
2026-03-02 15:04:12,30.062
2026-03-02 15:04:23,28.812
2026-03-02 15:04:34,27.875
2026-03-02 15:04:45,27.187
2026-03-02 15:04:56,26.625
2026-03-02 15:05:17,25.812
2026-03-02 15:05:39,25.312
2026-03-02 15:06:12,24.812
2026-03-02 15:07:17,25.375
2026-03-02 15:07:28,27.125
2026-03-02 15:07:39,28.75
2026-03-02 15:07:50,29.937
2026-03-02 15:08:01,30.812
2026-03-02 15:08:11,31.5
2026-03-02 15:08:22,32.0
2026-03-02 15:08:44,32.687
2026-03-02 15:09:17,33.25
2026-03-02 15:13:38,33.875
2026-03-02 15:14:21,34.375
2026-03-02 15:29:46,34.875
2026-03-02 16:15:40,35.375
2026-03-02 17:19:08,35.875
2026-03-02 18:20:59,36.375
2026-03-02 18:28:58,35.062
2026-03-02 18:29:09,33.875
2026-03-02 18:29:20,33.0
2026-03-02 18:29:30,32.437
2026-03-02 18:29:52,31.625
2026-03-02 18:30:14,31.125
2026-03-02 18:30:47,30.625
2026-03-02 18:31:52,30.062
2026-03-02 18:33:19,29.562
2026-03-02 18:34:57,29.0
2026-03-02 18:36:46,28.5
2026-03-02 18:38:34,28.0
2026-03-02 18:40:23,27.5
2026-03-02 18:42:34,27.0
2026-03-02 18:47:17,26.5
2026-03-02 18:50:54,26.0
2026-03-02 18:54:43,25.5
2026-03-02 18:58:42,25.0
2026-03-02 19:02:20,24.5
2026-03-02 19:06:09,24.0
2026-03-02 19:10:19,23.5
2026-03-02 19:14:18,23.0
2026-03-02 19:18:39,22.5
2026-03-02 19:23:12,22.0
2026-03-02 19:28:05,21.5
2026-03-02 19:33:21,21.0
2026-03-02 19:39:09,20.5
2026-03-02 19:45:41,20.0
2026-03-02 19:53:07,19.5
2026-03-02 20:01:28,19.0
2026-03-02 20:11:37,18.5
2026-03-02 20:23:35,18.0
2026-03-02 20:39:00,17.5
2026-03-02 21:01:30,17.0
2026-03-02 21:19:05,17.5
2026-03-02 21:25:48,18.0
2026-03-02 22:13:08,17.5
2026-03-02 22:35:48,17.0
2026-03-02 23:11:54,16.5
2026-03-02 23:46:43,17.0
2026-03-02 23:52:42,17.5
2026-03-03 00:59:37,17.0
2026-03-03 01:31:00,16.5
2026-03-03 02:13:05,17.0
2026-03-03 02:19:15,17.5
2026-03-03 03:26:55,17.0
2026-03-03 03:32:00,17.687
2026-03-03 03:32:11,22.062
2026-03-03 03:32:22,24.687
2026-03-03 03:32:43,25.187
2026-03-03 03:32:54,26.187
2026-03-03 03:33:05,27.375
2026-03-03 03:33:16,28.75
2026-03-03 03:33:27,29.937
2026-03-03 03:33:38,30.812
2026-03-03 03:33:49,31.437
2026-03-03 03:33:59,31.937
2026-03-03 03:34:21,32.625
2026-03-03 03:34:43,33.125
2026-03-03 03:35:26,33.687
2026-03-03 03:36:32,34.187
2026-03-03 03:37:59,34.687
2026-03-03 03:39:15,35.187
2026-03-03 05:45:18,34.625
2026-03-03 05:46:45,34.062
2026-03-03 05:48:12,35.625
2026-03-03 05:48:23,41.062
2026-03-03 05:48:34,42.562
2026-03-03 05:48:45,39.875
2026-03-03 05:48:56,36.562
2026-03-03 05:49:07,33.812
2026-03-03 05:49:18,31.687
2026-03-03 05:49:29,30.062
2026-03-03 05:49:40,28.875
2026-03-03 05:49:50,28.0
2026-03-03 05:50:01,27.312
2026-03-03 05:50:12,26.75
2026-03-03 05:50:34,26.0
2026-03-03 05:50:56,25.437
2026-03-03 05:51:39,24.812
2026-03-03 05:52:34,25.75
2026-03-03 05:52:45,27.562
2026-03-03 05:52:55,29.187
2026-03-03 05:53:06,30.437
2026-03-03 05:53:17,31.312
2026-03-03 05:53:28,31.937
2026-03-03 05:53:50,32.75
2026-03-03 05:54:12,33.25
2026-03-03 05:54:44,33.75
2026-03-03 05:56:11,34.25
2026-03-03 05:58:11,34.75
2026-03-03 05:59:05,35.25
2026-03-03 07:14:33,35.75
2026-03-03 08:25:39,36.25
2026-03-03 09:38:01,35.687
2026-03-03 09:39:39,35.187
2026-03-03 09:40:34,39.812
2026-03-03 09:40:45,43.562
2026-03-03 09:40:55,42.187
2026-03-03 09:41:06,39.0
2026-03-03 09:41:17,36.062
2026-03-03 09:41:28,33.75
2026-03-03 09:41:39,32.0
2026-03-03 09:41:50,30.687
2026-03-03 09:42:01,29.687
2026-03-03 09:42:12,28.937
2026-03-03 09:42:22,28.312
2026-03-03 09:42:44,27.5
2026-03-03 09:43:06,26.937
2026-03-03 09:43:39,26.437
2026-03-03 09:44:33,25.937
2026-03-03 09:44:44,26.5
2026-03-03 09:44:55,28.187
2026-03-03 09:45:06,29.937
2026-03-03 09:45:17,31.125
2026-03-03 09:45:27,31.875
2026-03-03 09:45:38,32.375
2026-03-03 09:46:00,33.0
2026-03-03 09:46:33,33.5
2026-03-03 09:47:38,34.0
2026-03-03 09:50:10,34.5
2026-03-03 09:50:54,35.125
2026-03-03 09:51:27,35.75
2026-03-03 09:52:43,36.25
2026-03-03 10:37:42,36.75
2026-03-03 12:39:56,35.625
2026-03-03 12:40:07,34.437
2026-03-03 12:40:18,33.625
2026-03-03 12:40:29,33.0
2026-03-03 12:40:51,32.25
2026-03-03 12:41:12,31.75
2026-03-03 12:41:45,31.25
2026-03-03 12:42:39,30.75
2026-03-03 12:43:45,30.25
2026-03-03 12:45:01,29.75
2026-03-03 12:46:28,29.25
2026-03-03 12:48:06,28.75
2026-03-03 12:49:33,28.25
2026-03-03 12:51:22,27.75
2026-03-03 12:53:10,27.25
2026-03-03 12:54:59,26.75
2026-03-03 12:56:59,26.25
2026-03-03 12:59:10,25.75
2026-03-03 13:01:10,25.25
2026-03-03 13:04:04,24.75
2026-03-03 13:10:47,24.25
2026-03-03 13:15:41,23.75
2026-03-03 13:20:02,23.25
2026-03-03 13:24:34,22.75
2026-03-03 13:28:33,22.25
2026-03-03 13:33:38,21.75
2026-03-03 13:38:21,21.25
2026-03-03 13:43:58,20.75
2026-03-03 13:49:36,20.25
2026-03-03 13:56:07,19.75
2026-03-03 14:04:06,19.25
2026-03-03 14:12:38,18.75
2026-03-03 14:23:09,18.25
2026-03-03 14:36:01,17.75
2026-03-03 14:52:42,17.25
2026-03-03 15:16:28,16.75
2026-03-03 15:40:03,17.25
2026-03-03 15:46:02,17.75
2026-03-03 16:42:48,17.25
2026-03-03 17:08:33,16.75
2026-03-03 17:49:00,16.25
2026-03-03 18:10:24,16.75
2026-03-03 18:15:39,17.25
2026-03-03 18:25:49,17.75
2026-03-03 19:04:38,17.25
2026-03-03 19:43:15,16.75
2026-03-03 20:42:56,17.25
2026-03-03 20:49:38,17.75
2026-03-03 21:32:05,17.25
2026-03-03 21:54:56,16.75
2026-03-03 22:29:45,16.25
2026-03-03 23:10:23,16.75
2026-03-03 23:16:00,17.25
2026-03-04 00:20:35,16.75
2026-03-04 00:50:52,16.25
2026-03-04 01:40:12,16.75
2026-03-04 01:46:00,17.25
2026-03-04 02:52:55,16.75
2026-03-04 03:00:22,17.875
2026-03-04 03:00:32,22.375
2026-03-04 03:00:43,24.375
2026-03-04 03:01:05,25.062
2026-03-04 03:01:16,26.062
2026-03-04 03:01:27,27.25
2026-03-04 03:01:38,28.625
2026-03-04 03:01:49,29.875
2026-03-04 03:02:00,30.75
2026-03-04 03:02:10,31.5
2026-03-04 03:02:21,32.0
2026-03-04 03:02:43,32.75
2026-03-04 03:03:05,33.25
2026-03-04 03:03:48,33.875
2026-03-04 03:04:43,34.375
2026-03-04 03:06:21,34.937
2026-03-04 05:05:41,34.437
2026-03-04 05:07:08,33.937
2026-03-04 05:07:51,37.187
2026-03-04 05:08:02,42.125
2026-03-04 05:08:24,38.75
2026-03-04 05:08:35,35.437
2026-03-04 05:08:46,32.812
2026-03-04 05:08:57,30.875
2026-03-04 05:09:08,29.375
2026-03-04 05:09:18,28.25
2026-03-04 05:09:29,27.375
2026-03-04 05:09:40,26.75
2026-03-04 05:09:51,26.25
2026-03-04 05:10:13,25.437
2026-03-04 05:10:46,24.812
2026-03-04 05:11:29,24.312
2026-03-04 05:12:13,25.875
2026-03-04 05:12:24,27.687
2026-03-04 05:12:34,29.25
2026-03-04 05:12:45,30.5
2026-03-04 05:12:56,31.375
2026-03-04 05:13:07,32.062
2026-03-04 05:13:18,32.562
2026-03-04 05:13:40,33.187
2026-03-04 05:14:01,33.687
2026-03-04 05:14:56,34.25
2026-03-04 05:17:17,34.812
2026-03-04 05:18:23,35.312
2026-03-04 07:08:50,33.875
2026-03-04 07:09:01,32.562
2026-03-04 07:09:12,30.937
2026-03-04 07:09:22,29.625
2026-03-04 07:09:33,28.625
2026-03-04 07:09:44,27.875
2026-03-04 07:09:55,27.25
2026-03-04 07:10:17,26.5
2026-03-04 07:10:39,26.0
2026-03-04 07:11:22,25.437
2026-03-04 07:13:00,27.187
2026-03-04 07:13:11,28.937
2026-03-04 07:13:22,30.312
2026-03-04 07:13:33,31.312
2026-03-04 07:13:44,32.062
2026-03-04 07:13:55,32.625
2026-03-04 07:14:16,33.312
2026-03-04 07:14:49,33.875
2026-03-04 07:15:54,34.375
2026-03-04 07:18:16,34.875
2026-03-04 07:19:21,35.437
2026-03-04 08:16:40,35.937
2026-03-04 08:50:03,35.437
2026-03-04 08:51:19,34.937
2026-03-04 08:52:46,40.312
2026-03-04 08:52:57,43.437
2026-03-04 08:53:08,41.562
2026-03-04 08:53:18,38.312
2026-03-04 08:53:29,35.437
2026-03-04 08:53:40,33.187
2026-03-04 08:53:51,31.437
2026-03-04 08:54:02,30.187
2026-03-04 08:54:13,29.187
2026-03-04 08:54:24,28.437
2026-03-04 08:54:35,27.875
2026-03-04 08:54:45,27.375
2026-03-04 08:55:07,26.75
2026-03-04 08:55:40,26.125
2026-03-04 08:56:34,25.562
2026-03-04 08:56:56,26.25
2026-03-04 08:57:07,28.0
2026-03-04 08:57:18,29.687
2026-03-04 08:57:29,30.937
2026-03-04 08:57:40,31.812
2026-03-04 08:57:50,32.375
2026-03-04 08:58:12,33.0
2026-03-04 08:58:45,33.562
2026-03-04 08:59:50,34.062
2026-03-04 09:02:23,34.562
2026-03-04 09:03:17,35.187
2026-03-04 09:04:00,35.687
2026-03-04 09:18:31,36.187
2026-03-04 10:35:47,36.687
2026-03-04 12:33:51,37.187
2026-03-04 12:46:33,36.687
2026-03-04 12:47:38,36.187
2026-03-04 12:49:06,35.687
2026-03-04 12:50:00,39.5
2026-03-04 12:50:11,43.812
2026-03-04 12:50:22,43.0
2026-03-04 12:50:33,39.875
2026-03-04 12:50:43,36.875
2026-03-04 12:50:54,34.5
2026-03-04 12:51:05,32.687
2026-03-04 12:51:16,31.375
2026-03-04 12:51:27,30.375
2026-03-04 12:51:38,29.562
2026-03-04 12:51:49,28.937
2026-03-04 12:52:10,28.125
2026-03-04 12:52:32,27.562
2026-03-04 12:53:05,27.062
2026-03-04 12:53:59,26.562
2026-03-04 12:54:21,28.437
2026-03-04 12:54:32,30.125
2026-03-04 12:54:43,31.312
2026-03-04 12:54:54,32.062
2026-03-04 12:55:05,32.625
2026-03-04 12:55:26,33.312
2026-03-04 12:55:59,33.937
2026-03-04 12:56:53,34.437
2026-03-04 12:59:26,34.937
2026-03-04 13:00:09,35.437
2026-03-04 13:00:42,36.062
2026-03-04 13:01:36,36.625
2026-03-04 13:37:31,35.937
2026-03-04 13:37:42,34.687
2026-03-04 13:37:53,33.75
2026-03-04 13:38:04,33.125
2026-03-04 13:38:14,32.562
2026-03-04 13:38:36,31.937
2026-03-04 13:39:09,31.312
2026-03-04 13:40:03,30.75
2026-03-04 13:41:09,30.25
2026-03-04 13:42:36,29.687
2026-03-04 13:44:03,29.187
2026-03-04 13:45:41,28.687
2026-03-04 13:47:08,28.187
2026-03-04 13:48:57,27.687
2026-03-04 13:50:45,27.187
2026-03-04 13:52:34,26.687
2026-03-04 13:54:34,26.187
2026-03-04 13:56:34,25.687
2026-03-04 13:58:44,25.187
2026-03-04 14:01:06,24.687
2026-03-04 14:03:27,24.187
2026-03-04 14:06:00,23.687
2026-03-04 14:08:43,23.187
2026-03-04 14:11:37,22.687
2026-03-04 14:14:53,22.187
2026-03-04 14:18:30,21.687
2026-03-04 14:22:08,21.187
2026-03-04 14:26:29,20.687
2026-03-04 14:31:12,20.187
2026-03-04 14:36:17,19.687
2026-03-04 14:42:27,19.187
2026-03-04 14:49:20,18.687
2026-03-04 14:57:30,18.187
2026-03-04 15:17:38,18.687
2026-03-04 15:43:34,18.187
2026-03-04 16:00:38,17.687
2026-03-04 16:19:07,17.187
2026-03-04 16:44:31,16.687
2026-03-04 17:27:52,16.187
2026-03-04 17:41:39,16.687
2026-03-04 17:46:00,17.187
2026-03-04 17:52:53,17.687
2026-03-04 18:44:02,17.187
2026-03-04 19:13:25,16.687
2026-03-04 19:48:47,16.187
2026-03-04 20:15:38,16.687
2026-03-04 20:20:53,17.187
2026-03-04 20:29:14,17.687
2026-03-04 21:08:24,17.187
2026-03-04 21:34:31,16.687
2026-03-04 22:08:04,16.187
2026-03-04 22:45:59,16.687
2026-03-04 22:51:36,17.187
2026-03-04 23:02:51,17.687
2026-03-04 23:40:45,17.187
2026-03-05 00:12:51,16.687
2026-03-05 00:46:03,16.187
2026-03-05 01:09:59,16.687
2026-03-05 01:15:47,17.187
2026-03-05 02:29:58,16.687
2026-03-05 03:00:59,17.625
2026-03-05 03:01:10,21.5
2026-03-05 03:01:21,23.187
2026-03-05 03:01:32,23.812
2026-03-05 03:01:43,24.75
2026-03-05 03:01:54,25.875
2026-03-05 03:02:05,27.312
2026-03-05 03:02:15,28.812
2026-03-05 03:02:26,30.0
2026-03-05 03:02:37,30.937
2026-03-05 03:02:48,31.625
2026-03-05 03:02:59,32.187
2026-03-05 03:03:21,32.937
2026-03-05 03:03:42,33.437
2026-03-05 03:04:15,33.937
2026-03-05 03:04:59,34.437
2026-03-05 03:06:37,35.0
2026-03-05 03:09:20,35.562
2026-03-05 03:23:29,35.062
2026-03-05 04:06:17,34.5
2026-03-05 04:07:55,34.0
2026-03-05 04:08:16,37.125
2026-03-05 04:08:27,42.062
2026-03-05 04:08:49,38.687
2026-03-05 04:09:00,35.437
2026-03-05 04:09:11,32.812
2026-03-05 04:09:22,30.875
2026-03-05 04:09:32,29.375
2026-03-05 04:09:43,28.25
2026-03-05 04:09:54,27.437
2026-03-05 04:10:05,26.812
2026-03-05 04:10:16,26.312
2026-03-05 04:10:38,25.625
2026-03-05 04:11:00,25.125
2026-03-05 04:11:32,24.562
2026-03-05 04:12:16,24.0
2026-03-05 04:12:38,25.375
2026-03-05 04:12:48,27.125
2026-03-05 04:12:59,28.687
2026-03-05 04:13:10,30.062
2026-03-05 04:13:21,31.062
2026-03-05 04:13:32,31.875
2026-03-05 04:13:43,32.437
2026-03-05 04:14:05,33.187
2026-03-05 04:14:26,33.687
2026-03-05 04:14:59,34.25
2026-03-05 04:15:53,34.75
2026-03-05 04:18:04,35.25
2026-03-05 07:22:21,35.75
2026-03-05 07:58:04,35.187
2026-03-05 07:59:31,34.687
2026-03-05 08:00:37,38.0
2026-03-05 08:00:47,42.812
2026-03-05 08:01:09,39.312
2026-03-05 08:01:20,36.187
2026-03-05 08:01:31,33.75
2026-03-05 08:01:42,31.812
2026-03-05 08:01:53,30.375
2026-03-05 08:02:04,29.312
2026-03-05 08:02:14,28.5
2026-03-05 08:02:25,27.875
2026-03-05 08:02:36,27.375
2026-03-05 08:02:58,26.687
2026-03-05 08:03:20,26.187
2026-03-05 08:04:03,25.625
2026-03-05 08:04:58,27.125
2026-03-05 08:05:09,28.875
2026-03-05 08:05:20,30.375
2026-03-05 08:05:30,31.437
2026-03-05 08:05:41,32.187
2026-03-05 08:05:52,32.687
2026-03-05 08:06:14,33.375
2026-03-05 08:06:47,33.937
2026-03-05 08:07:41,34.437
2026-03-05 08:10:13,34.937
2026-03-05 08:11:19,35.437
2026-03-05 08:27:16,35.937
2026-03-05 10:01:46,36.437
2026-03-05 11:52:24,35.937
2026-03-05 11:54:02,35.437
2026-03-05 11:54:35,38.125
2026-03-05 11:54:46,43.062
2026-03-05 11:55:07,40.437
2026-03-05 11:55:18,37.312
2026-03-05 11:55:29,34.812
2026-03-05 11:55:40,32.875
2026-03-05 11:55:51,31.437
2026-03-05 11:56:02,30.375
2026-03-05 11:56:13,29.562
2026-03-05 11:56:24,28.875
2026-03-05 11:56:45,28.0
2026-03-05 11:57:07,27.437
2026-03-05 11:57:40,26.875
2026-03-05 11:58:56,27.812
2026-03-05 11:59:07,29.625
2026-03-05 11:59:18,30.937
2026-03-05 11:59:29,31.75
2026-03-05 11:59:39,32.312
2026-03-05 12:00:01,33.125
2026-03-05 12:00:34,33.687
2026-03-05 12:01:28,34.187
2026-03-05 12:04:12,34.687
2026-03-05 12:04:44,35.187
2026-03-05 12:05:17,35.75
2026-03-05 12:06:01,36.25
2026-03-05 12:25:25,36.75
2026-03-05 13:13:28,35.125
2026-03-05 13:13:39,34.0
2026-03-05 13:13:50,33.312
2026-03-05 13:14:01,32.75
2026-03-05 13:14:23,32.062
2026-03-05 13:14:55,31.437
2026-03-05 13:15:39,30.875
2026-03-05 13:16:44,30.375
2026-03-05 13:18:00,29.875
2026-03-05 13:19:27,29.375
2026-03-05 13:20:54,28.875
2026-03-05 13:22:32,28.375
2026-03-05 13:24:10,27.875
2026-03-05 13:25:59,27.312
2026-03-05 13:27:59,26.812
2026-03-05 13:29:48,26.312
2026-03-05 13:31:47,25.812
2026-03-05 13:33:58,25.312
2026-03-05 13:36:19,24.812
2026-03-05 13:38:30,24.312
2026-03-05 13:41:02,23.812
2026-03-05 13:43:46,23.312
2026-03-05 13:46:40,22.812
2026-03-05 13:49:45,22.312
2026-03-05 13:53:12,21.812
2026-03-05 13:57:00,21.312
2026-03-05 14:00:49,20.812
2026-03-05 14:05:10,20.312
2026-03-05 14:10:25,19.812
2026-03-05 14:16:14,19.312
2026-03-05 14:22:45,18.812
2026-03-05 14:37:38,19.312
2026-03-05 14:56:51,18.812
2026-03-05 15:09:44,18.312
2026-03-05 15:23:09,17.812
2026-03-05 15:39:50,17.312
2026-03-05 16:03:25,16.812
2026-03-05 16:39:08,16.312
2026-03-05 17:00:43,16.812
2026-03-05 17:05:59,17.312
2026-03-05 17:13:58,17.812
2026-03-05 18:06:45,17.312
2026-03-05 18:39:56,16.812
2026-03-05 19:26:43,16.312
2026-03-05 19:32:42,16.812
2026-03-05 19:37:04,17.312
2026-03-05 19:43:57,17.812
2026-03-05 20:30:01,17.312
2026-03-05 20:55:25,16.812
2026-03-05 21:27:09,16.312
2026-03-05 22:05:58,16.812
2026-03-05 22:11:35,17.312
2026-03-05 23:17:58,16.812
2026-03-05 23:56:36,16.312
2026-03-06 00:33:36,16.812
2026-03-06 00:39:35,17.312
2026-03-06 01:39:27,16.812
2026-03-06 02:22:04,16.312
2026-03-06 03:00:31,19.125
2026-03-06 03:00:42,26.75
2026-03-06 03:00:52,29.937
2026-03-06 03:01:03,28.875
2026-03-06 03:01:14,28.312
2026-03-06 03:01:36,29.187
2026-03-06 03:01:47,30.062
2026-03-06 03:01:58,30.937
2026-03-06 03:02:09,31.625
2026-03-06 03:02:30,32.5
2026-03-06 03:02:52,33.062
2026-03-06 03:03:25,33.625
2026-03-06 03:04:08,34.187
2026-03-06 03:05:14,34.687
2026-03-06 03:06:41,35.187
2026-03-06 03:09:02,35.687
2026-03-06 03:24:05,35.187
2026-03-06 06:36:54,35.687
2026-03-06 07:09:11,35.187
2026-03-06 07:10:38,34.687
2026-03-06 07:11:54,35.625
2026-03-06 07:12:05,41.0
2026-03-06 07:12:16,43.125
2026-03-06 07:12:27,40.75
2026-03-06 07:12:38,37.437
2026-03-06 07:12:48,34.625
2026-03-06 07:12:59,32.437
2026-03-06 07:13:10,30.812
2026-03-06 07:13:21,29.562
2026-03-06 07:13:32,28.625
2026-03-06 07:13:43,27.937
2026-03-06 07:13:54,27.437
2026-03-06 07:14:05,26.937
2026-03-06 07:14:26,26.312
2026-03-06 07:14:59,25.75
2026-03-06 07:15:42,25.25
2026-03-06 07:16:15,26.062
2026-03-06 07:16:26,27.937
2026-03-06 07:16:37,29.562
2026-03-06 07:16:48,30.875
2026-03-06 07:16:59,31.875
2026-03-06 07:17:10,32.562
2026-03-06 07:17:20,33.062
2026-03-06 07:17:42,33.75
2026-03-06 07:18:04,34.25
2026-03-06 07:18:48,34.75
2026-03-06 07:20:47,35.25
2026-03-06 07:22:25,35.75
2026-03-06 09:09:15,36.25
2026-03-06 11:00:26,35.75
2026-03-06 11:01:42,35.25
2026-03-06 11:02:36,36.25
2026-03-06 11:02:47,41.375
2026-03-06 11:02:58,43.562
2026-03-06 11:03:09,41.312
2026-03-06 11:03:20,38.125
2026-03-06 11:03:31,35.375
2026-03-06 11:03:42,33.312
2026-03-06 11:03:53,31.75
2026-03-06 11:04:03,30.5
2026-03-06 11:04:14,29.625
2026-03-06 11:04:25,28.937
2026-03-06 11:04:36,28.375
2026-03-06 11:04:58,27.625
2026-03-06 11:05:20,27.125
2026-03-06 11:06:03,26.5
2026-03-06 11:06:58,27.125
2026-03-06 11:07:08,28.937
2026-03-06 11:07:19,30.5
2026-03-06 11:07:30,31.5
2026-03-06 11:07:41,32.125
2026-03-06 11:08:03,32.875
2026-03-06 11:08:36,33.437
2026-03-06 11:09:30,33.937
2026-03-06 11:12:13,34.5
2026-03-06 11:12:57,35.0
2026-03-06 11:13:29,35.625
2026-03-06 11:14:24,36.125
2026-03-06 11:36:53,36.625
2026-03-06 12:21:52,36.0
2026-03-06 12:22:03,35.0
2026-03-06 12:22:13,33.625
2026-03-06 12:22:24,32.125
2026-03-06 12:22:35,30.937
2026-03-06 12:22:46,30.0
2026-03-06 12:22:57,29.312
2026-03-06 12:23:08,28.687
2026-03-06 12:23:30,28.0
2026-03-06 12:23:51,27.5
2026-03-06 12:24:35,27.0
2026-03-06 12:26:13,28.875
2026-03-06 12:26:24,30.375
2026-03-06 12:26:35,31.375
2026-03-06 12:26:46,32.062
2026-03-06 12:26:56,32.562
2026-03-06 12:27:18,33.25
2026-03-06 12:27:51,33.812
2026-03-06 12:28:56,34.312
2026-03-06 12:31:28,34.812
2026-03-06 12:32:12,35.437
2026-03-06 12:32:45,36.062
2026-03-06 12:34:01,36.562
2026-03-06 12:50:20,34.875
2026-03-06 12:50:31,33.375
2026-03-06 12:50:42,32.0
2026-03-06 12:50:53,30.875
2026-03-06 12:51:04,29.937
2026-03-06 12:51:14,29.25
2026-03-06 12:51:25,28.75
2026-03-06 12:51:47,28.0
2026-03-06 12:52:20,27.375
2026-03-06 12:53:14,26.875
2026-03-06 12:54:30,29.25
2026-03-06 12:54:41,31.0
2026-03-06 12:54:52,32.25
2026-03-06 12:55:03,33.125
2026-03-06 12:55:14,33.812
2026-03-06 12:55:25,34.312
2026-03-06 12:55:47,34.937
2026-03-06 12:56:19,35.562
2026-03-06 12:57:14,36.062
2026-03-06 12:58:52,36.562
2026-03-06 13:04:51,35.875
2026-03-06 13:05:02,34.437
2026-03-06 13:05:13,33.0
2026-03-06 13:05:24,31.937
2026-03-06 13:05:34,31.25
2026-03-06 13:05:45,30.75
2026-03-06 13:06:07,30.0
2026-03-06 13:06:40,29.437
2026-03-06 13:07:23,28.937
2026-03-06 13:08:29,28.437
2026-03-06 13:10:07,27.937
2026-03-06 13:11:44,27.437
2026-03-06 13:13:33,26.937
2026-03-06 13:15:44,26.437
2026-03-06 13:17:44,25.937
2026-03-06 13:19:54,25.437
2026-03-06 13:22:05,24.937
2026-03-06 13:24:48,24.437
2026-03-06 13:27:20,23.937
2026-03-06 13:30:04,23.437
2026-03-06 13:32:58,22.937
2026-03-06 13:36:24,22.437
2026-03-06 13:39:51,21.937
2026-03-06 13:44:12,21.437
2026-03-06 13:48:55,20.937
2026-03-06 14:17:45,20.437
2026-03-06 14:27:33,19.937
2026-03-06 14:37:32,19.437
2026-03-06 14:49:19,18.937
2026-03-06 15:01:28,18.437
2026-03-06 15:17:37,17.937
2026-03-06 15:37:45,17.437
2026-03-06 16:13:40,16.937
2026-03-06 16:29:27,17.437
2026-03-06 16:34:53,17.937
2026-03-06 16:46:51,18.437
2026-03-06 17:18:57,17.937
2026-03-06 17:44:21,17.437
2026-03-06 18:16:27,16.937
2026-03-06 19:08:30,17.437
2026-03-06 19:15:57,17.937
2026-03-06 20:04:11,17.437
2026-03-06 20:31:23,16.937
2026-03-06 21:09:51,16.437
2026-03-06 21:39:35,16.937
2026-03-06 21:45:34,17.437
2026-03-06 22:54:19,16.937
2026-03-06 23:00:07,18.125
2026-03-06 23:00:18,22.812
2026-03-06 23:00:29,24.937
2026-03-06 23:00:51,25.437
2026-03-06 23:01:02,26.437
2026-03-06 23:01:12,27.75
2026-03-06 23:01:23,29.125
2026-03-06 23:01:34,30.187
2026-03-06 23:01:45,31.0
2026-03-06 23:01:56,31.562
2026-03-06 23:02:18,32.375
2026-03-06 23:02:39,32.875
2026-03-06 23:03:12,33.375
2026-03-06 23:04:17,33.875
2026-03-06 23:05:55,34.375
2026-03-06 23:07:01,34.875
2026-03-07 01:15:14,34.375
2026-03-07 01:17:14,39.875
2026-03-07 01:17:25,42.812
2026-03-07 01:17:35,40.875
2026-03-07 01:17:46,37.562
2026-03-07 01:17:57,34.625
2026-03-07 01:18:08,32.375
2026-03-07 01:18:19,30.625
2026-03-07 01:18:30,29.375
2026-03-07 01:18:41,28.437
2026-03-07 01:18:52,27.687
2026-03-07 01:19:02,27.125
2026-03-07 01:19:24,26.312
2026-03-07 01:19:46,25.75
2026-03-07 01:20:19,25.25
2026-03-07 01:21:35,27.312
2026-03-07 01:21:46,29.0
2026-03-07 01:21:57,30.375
2026-03-07 01:22:08,31.312
2026-03-07 01:22:18,32.0
2026-03-07 01:22:29,32.5
2026-03-07 01:22:51,33.187
2026-03-07 01:23:24,33.812
2026-03-07 01:24:18,34.312
2026-03-07 01:26:40,34.812
2026-03-07 01:27:45,35.312
2026-03-07 02:30:08,35.812
2026-03-07 03:43:15,36.312
2026-03-07 05:10:18,35.812
2026-03-07 05:11:45,35.312
2026-03-07 05:12:07,37.375
2026-03-07 05:12:18,42.562
2026-03-07 05:12:29,43.625
2026-03-07 05:12:40,40.875
2026-03-07 05:12:51,37.75
2026-03-07 05:13:01,35.062
2026-03-07 05:13:12,33.125
2026-03-07 05:13:23,31.562
2026-03-07 05:13:34,30.437
2026-03-07 05:13:45,29.562
2026-03-07 05:13:56,28.875
2026-03-07 05:14:07,28.375
2026-03-07 05:14:28,27.625
2026-03-07 05:14:50,27.125
2026-03-07 05:15:34,26.562
2026-03-07 05:16:28,27.5
2026-03-07 05:16:39,29.312
2026-03-07 05:16:50,30.75
2026-03-07 05:17:01,31.812
2026-03-07 05:17:12,32.5
2026-03-07 05:17:23,33.062
2026-03-07 05:17:44,33.75
2026-03-07 05:18:17,34.312
2026-03-07 05:19:11,34.812
2026-03-07 05:22:06,35.312
2026-03-07 05:22:49,35.875
2026-03-07 05:23:33,36.375
2026-03-07 05:54:11,36.875
2026-03-07 06:06:21,35.75
2026-03-07 06:06:32,34.687
2026-03-07 06:06:42,33.125
2026-03-07 06:06:53,31.687
2026-03-07 06:07:04,30.562
2026-03-07 06:07:15,29.687
2026-03-07 06:07:26,29.062
2026-03-07 06:07:37,28.562
2026-03-07 06:07:59,27.875
2026-03-07 06:08:31,27.312
2026-03-07 06:09:26,26.75
2026-03-07 06:10:31,27.812
2026-03-07 06:10:42,29.625
2026-03-07 06:10:53,31.0
2026-03-07 06:11:04,31.937
2026-03-07 06:11:15,32.625
2026-03-07 06:11:25,33.125
2026-03-07 06:11:47,33.75
2026-03-07 06:12:20,34.312
2026-03-07 06:13:25,34.812
2026-03-07 06:16:08,35.375
2026-03-07 06:16:52,36.062
2026-03-07 06:17:35,36.625
2026-03-07 06:58:56,37.125
2026-03-07 07:22:42,36.625
2026-03-07 07:22:53,35.375
2026-03-07 07:23:04,34.312
2026-03-07 07:23:15,33.5
2026-03-07 07:23:25,32.937
2026-03-07 07:23:47,32.187
2026-03-07 07:24:20,31.562
2026-03-07 07:25:03,31.062
2026-03-07 07:26:09,30.5
2026-03-07 07:27:36,29.937
2026-03-07 07:29:03,29.437
2026-03-07 07:30:41,28.937
2026-03-07 07:32:08,28.437
2026-03-07 07:33:57,27.937
2026-03-07 07:35:35,27.437
2026-03-07 07:37:23,26.937
2026-03-07 07:39:23,26.437
2026-03-07 07:41:23,25.937
2026-03-07 07:43:22,25.437
2026-03-07 07:45:44,24.937
2026-03-07 07:47:54,24.437
2026-03-07 07:50:27,23.937
2026-03-07 07:53:21,23.437
2026-03-07 07:56:15,22.937
2026-03-07 07:59:31,22.437
2026-03-07 08:02:47,21.937
2026-03-07 08:06:35,21.437
2026-03-07 08:24:32,20.937
2026-03-07 08:32:20,20.437
2026-03-07 08:39:47,19.937
2026-03-07 08:47:35,19.437
2026-03-07 08:56:28,18.937
2026-03-07 09:06:05,18.437
2026-03-07 09:18:03,17.937
2026-03-07 09:32:23,17.437
2026-03-07 09:51:36,16.937
2026-03-07 10:19:10,16.437
2026-03-07 10:42:23,16.937
2026-03-07 10:48:01,17.437
2026-03-07 12:05:38,16.937
2026-03-07 13:04:57,16.437
2026-03-07 13:15:06,16.937
2026-03-07 13:19:17,17.437
2026-03-07 13:24:54,17.937
2026-03-07 13:45:56,18.437
2026-03-07 14:24:45,17.937
2026-03-07 15:38:45,17.437
2026-03-07 15:52:10,17.937
2026-03-07 15:58:31,18.437
2026-03-07 16:49:40,23.062
2026-03-07 16:49:51,26.812
2026-03-07 16:50:13,26.312
2026-03-07 16:50:23,26.875
2026-03-07 16:50:34,27.812
2026-03-07 16:50:45,28.625
2026-03-07 16:50:56,29.312
2026-03-07 16:51:07,29.812
2026-03-07 16:51:29,30.5
2026-03-07 16:51:50,31.0
2026-03-07 16:52:56,31.5
2026-03-07 16:55:06,32.0
2026-03-07 16:56:12,32.5
2026-03-07 16:56:55,33.0
2026-03-07 16:58:55,33.5
2026-03-07 17:05:48,34.0
2026-03-07 17:22:19,34.5
2026-03-07 18:50:17,35.0
2026-03-07 19:40:53,34.437
2026-03-07 19:42:31,39.75
2026-03-07 19:42:42,43.0
2026-03-07 19:42:52,41.187
2026-03-07 19:43:03,37.937
2026-03-07 19:43:14,35.0
2026-03-07 19:43:25,32.75
2026-03-07 19:43:36,31.062
2026-03-07 19:43:47,29.75
2026-03-07 19:43:58,28.812
2026-03-07 19:44:09,28.062
2026-03-07 19:44:20,27.5
2026-03-07 19:44:30,27.0
2026-03-07 19:44:52,26.375
2026-03-07 19:45:25,25.812
2026-03-07 19:46:08,25.312
2026-03-07 19:47:35,24.812
2026-03-07 19:49:57,24.312
2026-03-07 19:53:24,23.812
2026-03-07 19:56:40,23.312
2026-03-07 20:00:28,22.812
2026-03-07 20:04:28,22.312
2026-03-07 20:08:49,21.812
2026-03-07 20:13:10,21.312
2026-03-07 20:18:36,20.812
2026-03-07 20:23:52,20.312
2026-03-07 20:30:34,19.812
2026-03-07 20:37:39,19.312
2026-03-07 20:46:21,18.812
2026-03-07 20:56:30,18.312
2026-03-07 21:09:01,17.812
2026-03-07 21:17:33,18.312
2026-03-07 21:27:31,18.812
2026-03-07 21:55:38,18.312
2026-03-07 22:13:24,17.812
2026-03-07 22:33:54,17.312
2026-03-07 23:06:33,16.812
2026-03-07 23:52:58,17.312
2026-03-07 23:57:41,17.812
2026-03-08 00:20:22,20.312
2026-03-08 00:20:33,26.875
2026-03-08 00:20:43,29.062
2026-03-08 00:20:54,28.125
2026-03-08 00:21:27,29.437
2026-03-08 00:21:38,30.437
2026-03-08 00:21:49,31.187
2026-03-08 00:22:00,31.75
2026-03-08 00:22:10,32.25
2026-03-08 00:22:32,32.875
2026-03-08 00:23:05,33.437
2026-03-08 00:24:10,33.937
2026-03-08 00:26:10,34.5
2026-03-08 00:27:15,35.0
2026-03-08 02:16:05,35.5
2026-03-08 03:12:29,36.0
2026-03-08 03:44:25,35.5
2026-03-08 03:45:52,35.0
2026-03-08 03:46:46,37.562
2026-03-08 03:46:57,42.687
2026-03-08 03:47:19,40.125
2026-03-08 03:47:30,36.875
2026-03-08 03:47:40,34.375
2026-03-08 03:47:51,32.375
2026-03-08 03:48:02,30.875
2026-03-08 03:48:13,29.75
2026-03-08 03:48:24,28.875
2026-03-08 03:48:35,28.25
2026-03-08 03:48:46,27.75
2026-03-08 03:49:07,27.0
2026-03-08 03:49:29,26.5
2026-03-08 03:50:13,25.937
2026-03-08 03:51:07,27.125
2026-03-08 03:51:18,28.937
2026-03-08 03:51:29,30.5
2026-03-08 03:51:40,31.562
2026-03-08 03:51:51,32.312
2026-03-08 03:52:02,32.812
2026-03-08 03:52:12,33.312
2026-03-08 03:52:34,33.875
2026-03-08 03:53:07,34.375
2026-03-08 03:54:12,34.875
2026-03-08 03:56:44,35.375
2026-03-08 03:57:50,35.875
2026-03-08 04:20:52,36.375
2026-03-08 05:38:08,36.875
2026-03-08 07:17:43,37.375
2026-03-08 07:18:59,36.875
2026-03-08 07:19:10,35.625
2026-03-08 07:19:21,34.5
2026-03-08 07:19:32,33.687
2026-03-08 07:19:43,33.125
2026-03-08 07:20:05,32.312
2026-03-08 07:20:37,31.687
2026-03-08 07:21:21,31.125
2026-03-08 07:22:26,30.625
2026-03-08 07:23:42,30.125
2026-03-08 07:24:59,29.625
2026-03-08 07:26:26,29.125
2026-03-08 07:28:04,28.625
2026-03-08 07:29:41,28.125
2026-03-08 07:31:30,27.625
2026-03-08 07:33:52,27.125
2026-03-08 07:37:51,26.625
2026-03-08 07:40:56,26.125
2026-03-08 07:44:01,25.625
2026-03-08 07:47:17,25.125
2026-03-08 07:50:22,24.625
2026-03-08 07:53:38,24.125
2026-03-08 07:56:54,23.625
2026-03-08 08:00:31,23.125
2026-03-08 08:04:20,22.625
2026-03-08 08:08:20,22.125
2026-03-08 08:13:03,21.625
2026-03-08 08:17:56,21.125
2026-03-08 08:23:12,20.625
2026-03-08 08:29:11,20.125
2026-03-08 08:36:05,19.625
2026-03-08 08:44:04,19.125
2026-03-08 08:52:46,18.625
2026-03-08 09:03:06,18.125
2026-03-08 09:16:21,17.625
2026-03-08 09:32:40,17.125
2026-03-08 09:55:31,16.625
2026-03-08 10:11:19,17.125
2026-03-08 10:17:51,17.625
2026-03-08 11:18:36,17.125
2026-03-08 12:02:19,16.625
2026-03-08 12:41:08,17.125
2026-03-08 12:47:39,17.625
2026-03-08 13:54:35,17.125
2026-03-08 14:31:35,16.625
2026-03-08 15:07:40,17.125
2026-03-08 15:14:01,17.625
2026-03-08 16:27:07,17.125
2026-03-08 17:05:45,16.625
2026-03-08 17:36:45,17.125
2026-03-08 17:42:55,17.625
2026-03-08 18:55:17,17.125
2026-03-08 19:39:11,16.625
2026-03-08 20:07:28,17.125
2026-03-08 20:13:16,17.625
2026-03-08 21:22:12,17.125
2026-03-08 21:53:02,16.625
2026-03-08 22:40:44,17.125
2026-03-08 22:46:32,17.625
2026-03-08 23:59:05,17.125
2026-03-09 00:31:22,16.625
2026-03-09 00:51:08,18.562
2026-03-09 00:51:19,22.0
2026-03-09 00:51:30,23.25
2026-03-09 00:51:41,24.062
2026-03-09 00:51:52,25.062
2026-03-09 00:52:03,26.312
2026-03-09 00:52:14,27.687
2026-03-09 00:52:25,29.062
2026-03-09 00:52:36,30.062
2026-03-09 00:52:46,30.812
2026-03-09 00:52:57,31.375
2026-03-09 00:53:19,32.187
2026-03-09 00:53:41,32.687
2026-03-09 00:54:24,33.25
2026-03-09 00:55:19,33.75
2026-03-09 00:56:46,34.25
2026-03-09 00:57:51,34.75
2026-03-09 01:15:49,34.25
2026-03-09 01:17:16,33.75
2026-03-09 01:18:32,37.5
2026-03-09 01:18:43,41.875
2026-03-09 01:18:54,40.875
2026-03-09 01:19:04,37.562
2026-03-09 01:19:15,34.375
2026-03-09 01:19:26,31.875
2026-03-09 01:19:37,30.0
2026-03-09 01:19:48,28.625
2026-03-09 01:19:59,27.625
2026-03-09 01:20:10,26.875
2026-03-09 01:20:21,26.25
2026-03-09 01:20:42,25.437
2026-03-09 01:21:04,24.875
2026-03-09 01:21:26,24.375
2026-03-09 01:21:59,23.812
2026-03-09 01:22:53,25.125
2026-03-09 01:23:04,26.812
2026-03-09 01:23:15,28.312
2026-03-09 01:23:26,29.625
2026-03-09 01:23:36,30.625
2026-03-09 01:23:47,31.312
2026-03-09 01:23:58,31.875
2026-03-09 01:24:20,32.625
2026-03-09 01:24:42,33.125
2026-03-09 01:25:14,33.625
2026-03-09 01:26:09,34.125
2026-03-09 01:28:19,34.687
2026-03-09 04:16:27,35.187
2026-03-09 05:03:26,34.687
2026-03-09 05:05:04,34.187
2026-03-09 05:05:58,38.375
2026-03-09 05:06:09,42.687
2026-03-09 05:06:20,41.75
2026-03-09 05:06:31,38.562
2026-03-09 05:06:42,35.437
2026-03-09 05:06:53,33.062
2026-03-09 05:07:04,31.312
2026-03-09 05:07:14,29.937
2026-03-09 05:07:25,28.875
2026-03-09 05:07:36,28.125
2026-03-09 05:07:47,27.5
2026-03-09 05:07:58,27.0
2026-03-09 05:08:20,26.312
2026-03-09 05:08:52,25.687
2026-03-09 05:09:47,25.125
2026-03-09 05:10:19,27.0
2026-03-09 05:10:30,28.75
2026-03-09 05:10:41,30.187
2026-03-09 05:10:52,31.187
2026-03-09 05:11:03,31.937
2026-03-09 05:11:14,32.5
2026-03-09 05:11:36,33.25
2026-03-09 05:12:08,33.875
2026-03-09 05:14:30,34.375
2026-03-09 05:16:08,34.875
2026-03-09 05:17:24,35.375
2026-03-09 06:23:47,35.875
2026-03-09 08:09:53,36.375
2026-03-09 08:56:19,35.875
2026-03-09 08:57:46,35.375
2026-03-09 08:59:02,39.187
2026-03-09 08:59:13,43.437
2026-03-09 08:59:24,42.562
2026-03-09 08:59:35,39.437
2026-03-09 08:59:46,36.5
2026-03-09 08:59:57,34.125
2026-03-09 09:00:08,32.375
2026-03-09 09:00:19,31.0
2026-03-09 09:00:30,30.0
2026-03-09 09:00:41,29.187
2026-03-09 09:00:51,28.625
2026-03-09 09:01:02,28.125
2026-03-09 09:01:24,27.5
2026-03-09 09:01:57,26.875
2026-03-09 09:02:51,26.312
2026-03-09 09:03:24,28.25
2026-03-09 09:03:35,29.937
2026-03-09 09:03:46,31.187
2026-03-09 09:03:56,32.0
2026-03-09 09:04:18,32.812
2026-03-09 09:04:51,33.437
2026-03-09 09:05:45,33.937
2026-03-09 09:08:28,34.437
2026-03-09 09:09:12,34.937
2026-03-09 09:09:45,35.562
2026-03-09 09:10:28,36.062
2026-03-09 09:31:20,36.562
2026-03-09 09:58:54,35.875
2026-03-09 09:59:04,34.687
2026-03-09 09:59:15,33.687
2026-03-09 09:59:26,33.0
2026-03-09 09:59:37,32.5
2026-03-09 09:59:59,31.875
2026-03-09 10:00:32,31.25
2026-03-09 10:01:15,30.75
2026-03-09 10:02:20,30.25
2026-03-09 10:03:37,29.75
2026-03-09 10:05:15,29.187
2026-03-09 10:06:53,28.687
2026-03-09 10:08:31,28.187
2026-03-09 10:10:19,27.687
2026-03-09 10:12:08,27.187
2026-03-09 10:14:08,26.687
2026-03-09 10:16:08,26.187
2026-03-09 10:18:18,25.687
2026-03-09 10:20:29,25.187
2026-03-09 10:23:01,24.687
2026-03-09 10:25:22,24.187
2026-03-09 10:28:06,23.687
2026-03-09 10:31:00,23.187
2026-03-09 10:34:05,22.687
2026-03-09 10:37:42,22.187
2026-03-09 10:41:31,21.687
2026-03-09 10:45:30,21.187
2026-03-09 10:50:02,20.687
2026-03-09 10:55:18,20.187
2026-03-09 11:00:55,19.687
2026-03-09 11:07:49,19.187
2026-03-09 11:15:48,18.687
2026-03-09 11:32:29,19.187
2026-03-09 12:03:41,18.687
2026-03-09 12:18:44,18.187
2026-03-09 12:36:41,17.687
2026-03-09 12:59:11,17.187
2026-03-09 13:31:50,16.687
2026-03-09 14:00:51,17.187
2026-03-09 14:06:17,17.687
2026-03-09 15:17:45,17.187
2026-03-09 16:38:49,17.687
2026-03-09 16:44:27,18.187
2026-03-09 16:54:14,18.687
2026-03-09 17:33:03,18.187
2026-03-09 18:01:21,17.687
2026-03-09 18:37:16,17.187
2026-03-09 19:17:53,17.687
2026-03-09 19:23:09,18.187
2026-03-09 19:31:18,18.687
2026-03-09 20:22:27,18.187
2026-03-09 20:47:51,17.687
2026-03-09 21:18:52,17.187
2026-03-09 21:51:41,17.687
2026-03-09 21:56:57,18.187
2026-03-09 23:00:05,17.687
2026-03-09 23:38:43,17.187
2026-03-10 00:22:36,17.687
2026-03-10 00:27:52,18.187
2026-03-10 01:26:16,17.687
2026-03-10 01:55:06,17.187
2026-03-10 02:56:46,17.687
2026-03-10 03:01:40,18.187
2026-03-10 03:39:35,21.187
2026-03-10 03:39:46,26.375
2026-03-10 03:39:57,27.187
2026-03-10 03:40:07,26.562
2026-03-10 03:40:29,27.312
2026-03-10 03:40:40,28.25
2026-03-10 03:40:51,29.25
2026-03-10 03:41:02,29.937
2026-03-10 03:41:13,30.5
2026-03-10 03:41:34,31.25
2026-03-10 03:41:56,31.75
2026-03-10 03:42:40,32.312
2026-03-10 03:43:34,32.812
2026-03-10 03:45:12,33.312
2026-03-10 03:46:17,33.812
2026-03-10 05:12:27,32.562
2026-03-10 05:12:38,31.375
2026-03-10 05:12:48,29.812
2026-03-10 05:12:59,28.562
2026-03-10 05:13:10,27.562
2026-03-10 05:13:21,26.812
2026-03-10 05:13:32,26.25
2026-03-10 05:13:43,25.75
2026-03-10 05:14:05,25.25
2026-03-10 05:14:37,24.687
2026-03-10 05:15:32,24.187
2026-03-10 05:16:37,25.75
2026-03-10 05:16:48,27.437
2026-03-10 05:16:59,28.812
2026-03-10 05:17:10,29.875
2026-03-10 05:17:20,30.562
2026-03-10 05:17:31,31.125
2026-03-10 05:17:53,31.812
2026-03-10 05:18:26,32.437
2026-03-10 05:19:09,33.0
2026-03-10 05:20:36,33.5
2026-03-10 05:22:36,34.0
2026-03-10 06:24:49,34.5
2026-03-10 07:00:11,34.0
2026-03-10 07:02:10,35.25
2026-03-10 07:02:21,40.75
2026-03-10 07:02:32,42.375
2026-03-10 07:02:43,39.75
2026-03-10 07:02:54,36.437
2026-03-10 07:03:05,33.687
2026-03-10 07:03:16,31.625
2026-03-10 07:03:27,30.0
2026-03-10 07:03:37,28.875
2026-03-10 07:03:48,27.937
2026-03-10 07:03:59,27.25
2026-03-10 07:04:10,26.687
2026-03-10 07:04:32,25.937
2026-03-10 07:04:54,25.437
2026-03-10 07:05:37,24.875
2026-03-10 07:06:32,25.687
2026-03-10 07:06:43,27.5
2026-03-10 07:06:53,29.0
2026-03-10 07:07:04,30.125
2026-03-10 07:07:15,31.0
2026-03-10 07:07:26,31.625
2026-03-10 07:07:48,32.5
2026-03-10 07:08:10,33.0
2026-03-10 07:11:47,33.5
2026-03-10 07:12:42,34.0
2026-03-10 07:13:36,34.5
2026-03-10 07:26:07,35.0
2026-03-10 07:56:46,35.5
2026-03-10 09:07:41,36.062
2026-03-10 09:12:02,35.562
2026-03-10 09:26:10,36.062
2026-03-10 10:56:19,35.562
2026-03-10 10:57:46,35.062
2026-03-10 10:59:02,38.125
2026-03-10 10:59:13,42.875
2026-03-10 10:59:34,39.687
2026-03-10 10:59:45,36.562
2026-03-10 10:59:56,34.187
2026-03-10 11:00:07,32.312
2026-03-10 11:00:18,30.937
2026-03-10 11:00:29,29.875
2026-03-10 11:00:40,29.062
2026-03-10 11:00:51,28.5
2026-03-10 11:01:02,28.0
2026-03-10 11:01:23,27.312
2026-03-10 11:01:56,26.687
2026-03-10 11:02:50,26.187
2026-03-10 11:03:23,27.812
2026-03-10 11:03:34,29.5
2026-03-10 11:03:45,30.937
2026-03-10 11:03:56,31.875
2026-03-10 11:04:07,32.375
2026-03-10 11:04:28,32.875
2026-03-10 11:05:12,33.375
2026-03-10 11:06:06,33.937
2026-03-10 11:09:00,34.5
2026-03-10 11:09:44,35.187
2026-03-10 11:10:17,35.687
2026-03-10 11:15:32,36.187
2026-03-10 11:46:11,34.437
2026-03-10 11:46:22,33.437
2026-03-10 11:46:33,32.687
2026-03-10 11:46:44,32.187
2026-03-10 11:47:05,31.437
2026-03-10 11:47:38,30.812
2026-03-10 11:48:22,30.312
2026-03-10 11:49:27,29.812
2026-03-10 11:50:54,29.312
2026-03-10 11:52:32,28.812
2026-03-10 11:54:21,28.312
2026-03-10 11:56:09,27.75
2026-03-10 11:58:09,27.25
2026-03-10 12:00:20,26.75
2026-03-10 12:02:30,26.25
2026-03-10 12:04:41,25.75
2026-03-10 12:06:52,25.25
2026-03-10 12:09:35,24.75
2026-03-10 12:12:07,24.25
2026-03-10 12:15:01,23.75
2026-03-10 12:17:55,23.25
2026-03-10 12:21:22,22.75
2026-03-10 12:25:11,22.25
2026-03-10 12:28:59,21.75
2026-03-10 12:33:31,21.25
2026-03-10 12:38:36,20.75
2026-03-10 12:44:13,20.25
2026-03-10 12:50:34,19.75
2026-03-10 12:58:11,19.25
2026-03-10 13:06:43,18.75
2026-03-10 13:17:57,18.25
2026-03-10 13:22:51,18.75
2026-03-10 13:31:12,19.25
2026-03-10 14:00:13,18.75
2026-03-10 14:18:32,18.25
2026-03-10 14:40:29,17.75
2026-03-10 15:09:41,17.25
2026-03-10 16:03:22,17.75
2026-03-10 16:08:49,18.25
2026-03-10 17:34:14,17.75
2026-03-10 18:34:27,17.25
2026-03-10 18:38:04,17.75
2026-03-10 18:42:15,18.25
2026-03-10 18:49:08,18.75
2026-03-10 19:43:55,18.25
2026-03-10 20:21:06,17.75
2026-03-10 21:01:10,17.25
2026-03-10 21:14:03,17.75
2026-03-10 21:18:35,18.25
2026-03-10 21:27:18,18.75
2026-03-10 22:07:33,18.25
2026-03-10 22:32:57,17.75
2026-03-10 23:08:52,17.25
2026-03-10 23:48:24,17.75
2026-03-10 23:54:12,18.25
2026-03-11 00:58:24,17.75
2026-03-11 01:32:41,17.25
2026-03-11 02:18:56,17.75
2026-03-11 02:25:17,18.25
2026-03-11 03:31:39,22.437
2026-03-11 03:31:50,25.625
2026-03-11 03:32:23,26.375
2026-03-11 03:32:34,27.312
2026-03-11 03:32:45,28.562
2026-03-11 03:32:56,29.687
2026-03-11 03:33:06,30.437
2026-03-11 03:33:17,31.125
2026-03-11 03:33:39,31.937
2026-03-11 03:34:12,32.687
2026-03-11 03:34:44,33.187
2026-03-11 03:35:39,33.75
2026-03-11 03:37:17,34.25
2026-03-11 03:38:22,34.75
2026-03-11 06:07:05,34.25
2026-03-11 06:08:32,33.75
2026-03-11 06:09:38,38.375
2026-03-11 06:09:48,42.437
2026-03-11 06:09:59,41.187
2026-03-11 06:10:10,37.875
2026-03-11 06:10:21,34.812
2026-03-11 06:10:32,32.437
2026-03-11 06:10:43,30.625
2026-03-11 06:10:54,29.25
2026-03-11 06:11:05,28.25
2026-03-11 06:11:16,27.437
2026-03-11 06:11:26,26.812
2026-03-11 06:11:48,26.0
2026-03-11 06:12:10,25.437
2026-03-11 06:12:43,24.937
2026-03-11 06:13:37,24.437
2026-03-11 06:13:59,26.5
2026-03-11 06:14:10,28.25
2026-03-11 06:14:20,29.687
2026-03-11 06:14:31,30.812
2026-03-11 06:14:42,31.625
2026-03-11 06:14:53,32.187
2026-03-11 06:15:15,32.875
2026-03-11 06:15:37,33.437
2026-03-11 06:16:20,34.0
2026-03-11 06:17:58,34.5
2026-03-11 06:19:47,35.0
2026-03-11 08:04:48,35.5
2026-03-11 09:51:37,36.0
2026-03-11 10:04:08,35.5
2026-03-11 10:05:35,35.0
2026-03-11 10:06:41,36.375
2026-03-11 10:06:52,41.625
2026-03-11 10:07:02,43.187
2026-03-11 10:07:13,40.687
2026-03-11 10:07:24,37.5
2026-03-11 10:07:35,34.812
2026-03-11 10:07:46,32.812
2026-03-11 10:07:57,31.312
2026-03-11 10:08:08,30.125
2026-03-11 10:08:19,29.25
2026-03-11 10:08:30,28.625
2026-03-11 10:08:40,28.062
2026-03-11 10:09:02,27.312
2026-03-11 10:09:35,26.687
2026-03-11 10:10:18,26.187
2026-03-11 10:11:02,27.062
2026-03-11 10:11:13,28.812
2026-03-11 10:11:24,30.312
2026-03-11 10:11:35,31.437
2026-03-11 10:11:46,32.187
2026-03-11 10:12:07,32.75
2026-03-11 10:12:51,33.25
2026-03-11 10:14:40,33.75
2026-03-11 10:16:39,34.312
2026-03-11 10:17:12,34.812
2026-03-11 10:17:45,35.375
2026-03-11 10:20:50,35.875
2026-03-11 11:17:14,36.375
2026-03-11 11:30:17,35.75
2026-03-11 11:30:28,34.312
2026-03-11 11:30:39,32.812
2026-03-11 11:30:50,31.5
2026-03-11 11:31:01,30.437
2026-03-11 11:31:12,29.562
2026-03-11 11:31:23,28.937
2026-03-11 11:31:34,28.437
2026-03-11 11:31:55,27.75
2026-03-11 11:32:28,27.187
2026-03-11 11:33:22,26.687
2026-03-11 11:34:28,27.437
2026-03-11 11:34:38,29.375
2026-03-11 11:34:49,31.062
2026-03-11 11:35:00,32.187
2026-03-11 11:35:11,33.0
2026-03-11 11:35:22,33.562
2026-03-11 11:35:33,34.062
2026-03-11 11:35:55,34.687
2026-03-11 11:36:27,35.312
2026-03-11 11:37:22,35.812
2026-03-11 11:42:16,36.312
2026-03-11 12:00:35,35.75
2026-03-11 12:00:46,34.562
2026-03-11 12:00:56,33.562
2026-03-11 12:01:07,32.875
2026-03-11 12:01:18,32.375
2026-03-11 12:01:40,31.687
2026-03-11 12:02:13,31.125
2026-03-11 12:02:56,30.625
2026-03-11 12:04:01,30.125
2026-03-11 12:05:28,29.625
2026-03-11 12:07:06,29.125
2026-03-11 12:08:44,28.625
2026-03-11 12:10:33,28.125
2026-03-11 12:12:22,27.625
2026-03-11 12:14:22,27.125
2026-03-11 12:16:32,26.625
2026-03-11 12:18:32,26.125
2026-03-11 12:20:53,25.625
2026-03-11 12:23:15,25.125
2026-03-11 12:25:58,24.625
2026-03-11 12:28:41,24.125
2026-03-11 12:31:46,23.625
2026-03-11 12:35:02,23.125
2026-03-11 12:38:29,22.625
2026-03-11 12:42:17,22.125
2026-03-11 12:46:28,21.625
2026-03-11 12:51:11,21.125
2026-03-11 13:19:06,20.625
2026-03-11 13:29:05,20.125
2026-03-11 13:39:36,19.625
2026-03-11 13:51:23,19.125
2026-03-11 14:04:38,18.625
2026-03-11 14:20:03,18.125
2026-03-11 14:43:59,17.625
2026-03-11 15:22:26,17.125
2026-03-11 15:33:41,17.625
2026-03-11 15:38:46,18.125
2026-03-11 15:47:06,18.625
2026-03-11 16:34:05,18.125
2026-03-11 17:02:12,17.625
2026-03-11 18:13:51,18.125
2026-03-11 18:19:39,18.625
2026-03-11 19:35:06,18.125
2026-03-11 20:08:39,17.625
2026-03-11 20:52:33,18.125
2026-03-11 20:58:10,18.625
2026-03-11 22:03:06,18.125
2026-03-11 22:33:56,17.625
2026-03-11 23:31:37,18.125
2026-03-11 23:37:25,18.625
2026-03-12 00:36:01,18.125
2026-03-12 01:03:34,17.625
2026-03-12 01:46:23,17.125
2026-03-12 01:58:10,17.625
2026-03-12 02:02:31,18.125
2026-03-12 02:09:03,18.625
2026-03-12 03:04:00,18.125
2026-03-12 03:33:12,17.625
2026-03-12 04:09:50,18.75
2026-03-12 04:10:01,22.187
2026-03-12 04:10:12,23.437
2026-03-12 04:10:34,24.875
2026-03-12 04:10:44,26.062
2026-03-12 04:10:55,27.437
2026-03-12 04:11:06,28.562
2026-03-12 04:11:17,29.375
2026-03-12 04:11:28,30.0
2026-03-12 04:11:39,30.5
2026-03-12 04:12:01,31.187
2026-03-12 04:12:33,31.812
2026-03-12 04:13:28,32.437
2026-03-12 04:14:44,32.937
2026-03-12 04:16:11,33.437
2026-03-12 04:26:42,33.937
2026-03-12 04:51:44,33.437
2026-03-12 04:52:16,34.125
2026-03-12 04:52:27,39.375
2026-03-12 04:52:38,42.125
2026-03-12 04:52:49,39.937
2026-03-12 04:53:00,36.562
2026-03-12 04:53:11,33.687
2026-03-12 04:53:22,31.437
2026-03-12 04:53:33,29.75
2026-03-12 04:53:43,28.5
2026-03-12 04:53:54,27.562
2026-03-12 04:54:05,26.875
2026-03-12 04:54:16,26.375
2026-03-12 04:54:38,25.562
2026-03-12 04:55:00,25.062
2026-03-12 04:55:32,24.5
2026-03-12 04:56:05,24.0
2026-03-12 04:56:48,26.0
2026-03-12 04:56:59,27.625
2026-03-12 04:57:10,28.875
2026-03-12 04:57:21,29.812
2026-03-12 04:57:32,30.437
2026-03-12 04:57:43,30.937
2026-03-12 04:58:05,31.625
2026-03-12 04:58:37,32.25
2026-03-12 04:59:21,32.75
2026-03-12 05:00:48,33.25
2026-03-12 05:02:48,33.75
2026-03-12 05:12:35,34.25
2026-03-12 06:44:10,34.75
2026-03-12 07:32:47,35.25
2026-03-12 08:52:03,34.75
2026-03-12 08:54:02,40.062
2026-03-12 08:54:13,43.0
2026-03-12 08:54:24,41.062
2026-03-12 08:54:35,37.875
2026-03-12 08:54:46,35.0
2026-03-12 08:54:57,32.812
2026-03-12 08:55:08,31.187
2026-03-12 08:55:18,29.937
2026-03-12 08:55:29,29.0
2026-03-12 08:55:40,28.312
2026-03-12 08:55:51,27.75
2026-03-12 08:56:13,26.937
2026-03-12 08:56:35,26.437
2026-03-12 08:57:07,25.937
2026-03-12 08:58:23,28.0
2026-03-12 08:58:34,29.562
2026-03-12 08:58:45,30.812
2026-03-12 08:58:56,31.687
2026-03-12 08:59:07,32.375
2026-03-12 08:59:18,32.875
2026-03-12 08:59:40,33.437
2026-03-12 09:04:01,34.062
2026-03-12 09:04:34,34.625
2026-03-12 09:05:17,35.187
2026-03-12 09:24:09,35.687
2026-03-12 09:56:58,36.187
2026-03-12 10:25:38,35.25
2026-03-12 10:25:49,34.25
2026-03-12 10:26:00,32.812
2026-03-12 10:26:11,31.375
2026-03-12 10:26:21,30.187
2026-03-12 10:26:32,29.312
2026-03-12 10:26:43,28.687
2026-03-12 10:26:54,28.187
2026-03-12 10:27:16,27.437
2026-03-12 10:27:48,26.875
2026-03-12 10:28:43,26.375
2026-03-12 10:29:48,27.0
2026-03-12 10:29:59,28.812
2026-03-12 10:30:10,30.375
2026-03-12 10:30:21,31.5
2026-03-12 10:30:32,32.125
2026-03-12 10:30:53,32.75
2026-03-12 10:31:26,33.312
2026-03-12 10:32:31,33.812
2026-03-12 10:35:04,34.312
2026-03-12 10:35:47,34.875
2026-03-12 10:36:20,35.5
2026-03-12 10:37:14,36.0
2026-03-12 10:50:18,34.812
2026-03-12 10:50:29,33.625
2026-03-12 10:50:40,32.812
2026-03-12 10:50:51,32.25
2026-03-12 10:51:12,31.5
2026-03-12 10:51:45,30.875
2026-03-12 10:52:29,30.375
2026-03-12 10:53:34,29.875
2026-03-12 10:55:01,29.375
2026-03-12 10:56:39,28.875
2026-03-12 10:58:28,28.375
2026-03-12 11:00:17,27.875
2026-03-12 11:02:16,27.375
2026-03-12 11:04:27,26.875
2026-03-12 11:06:38,26.375
2026-03-12 11:08:59,25.875
2026-03-12 11:11:21,25.375
2026-03-12 11:14:04,24.875
2026-03-12 11:16:47,24.375
2026-03-12 11:19:41,23.875
2026-03-12 11:22:57,23.375
2026-03-12 11:26:35,22.875
2026-03-12 11:30:23,22.375
2026-03-12 11:34:33,21.875
2026-03-12 11:38:54,21.375
2026-03-12 12:07:23,20.875
2026-03-12 12:17:22,20.375
2026-03-12 12:28:04,19.875
2026-03-12 12:39:08,19.375
2026-03-12 12:53:16,18.875
2026-03-12 13:10:09,18.375
2026-03-12 13:32:05,17.875
2026-03-12 14:02:44,17.375
2026-03-12 14:21:58,17.875
2026-03-12 14:27:57,18.375
2026-03-12 15:51:55,17.875
2026-03-12 16:55:02,17.375
2026-03-12 16:59:12,17.875
2026-03-12 17:03:33,18.375
2026-03-12 17:10:49,18.875
2026-03-12 17:59:36,18.375
2026-03-12 18:30:15,17.875
2026-03-12 19:08:42,17.375
2026-03-12 19:37:33,17.875
2026-03-12 19:42:27,18.375
2026-03-12 19:52:03,18.875
2026-03-12 20:29:47,18.375
2026-03-12 20:55:32,17.875
2026-03-12 21:29:28,17.375
2026-03-12 22:16:15,17.875
2026-03-12 22:22:03,18.375
2026-03-12 23:28:48,17.875
2026-03-13 00:16:30,17.375
2026-03-13 00:44:15,17.875
2026-03-13 00:50:14,18.375
2026-03-13 01:57:21,17.875
2026-03-13 02:39:59,17.375
2026-03-13 03:15:10,17.875
2026-03-13 03:20:58,18.375
2026-03-13 03:44:33,19.437
2026-03-13 03:44:44,24.937
2026-03-13 03:44:55,28.312
2026-03-13 03:45:05,27.812
2026-03-13 03:45:38,28.437
2026-03-13 03:45:49,29.312
2026-03-13 03:46:00,30.187
2026-03-13 03:46:11,30.875
2026-03-13 03:46:22,31.375
2026-03-13 03:46:43,32.062
2026-03-13 03:47:05,32.562
2026-03-13 03:47:49,33.125
2026-03-13 03:48:43,33.687
2026-03-13 03:50:32,34.25
2026-03-13 03:51:48,34.75
2026-03-13 04:09:56,34.125
2026-03-13 04:10:07,33.125
2026-03-13 04:10:18,31.937
2026-03-13 04:10:29,30.312
2026-03-13 04:10:40,28.937
2026-03-13 04:10:51,27.812
2026-03-13 04:11:02,27.0
2026-03-13 04:11:13,26.437
2026-03-13 04:11:23,25.937
2026-03-13 04:11:45,25.25
2026-03-13 04:12:07,24.75
2026-03-13 04:12:40,24.125
2026-03-13 04:13:12,23.625
2026-03-13 04:14:18,24.75
2026-03-13 04:14:28,26.437
2026-03-13 04:14:39,27.875
2026-03-13 04:14:50,29.187
2026-03-13 04:15:01,30.25
2026-03-13 04:15:12,31.062
2026-03-13 04:15:23,31.625
2026-03-13 04:15:34,32.125
2026-03-13 04:15:56,32.75
2026-03-13 04:16:17,33.25
2026-03-13 04:16:50,33.75
2026-03-13 04:17:55,34.25
2026-03-13 04:19:55,34.75
2026-03-13 07:23:07,34.25
2026-03-13 07:24:56,38.562
2026-03-13 07:25:06,42.625
2026-03-13 07:25:17,41.375
2026-03-13 07:25:28,38.187
2026-03-13 07:25:39,35.187
2026-03-13 07:25:50,32.75
2026-03-13 07:26:01,31.0
2026-03-13 07:26:12,29.625
2026-03-13 07:26:23,28.625
2026-03-13 07:26:34,27.812
2026-03-13 07:26:44,27.25
2026-03-13 07:26:55,26.75
2026-03-13 07:27:17,26.062
2026-03-13 07:27:50,25.5
2026-03-13 07:28:33,25.0
2026-03-13 07:29:17,27.0
2026-03-13 07:29:28,28.687
2026-03-13 07:29:38,30.062
2026-03-13 07:29:49,31.062
2026-03-13 07:30:00,31.75
2026-03-13 07:30:11,32.312
2026-03-13 07:30:33,33.0
2026-03-13 07:31:06,33.625
2026-03-13 07:32:00,34.187
2026-03-13 07:34:21,34.687
2026-03-13 07:35:27,35.187
2026-03-13 08:57:15,35.687
2026-03-13 10:42:59,36.187
2026-03-13 11:03:40,36.687
2026-03-13 11:20:43,36.187
2026-03-13 11:21:59,35.625
2026-03-13 11:23:48,35.125
2026-03-13 11:23:59,35.812
2026-03-13 11:24:10,40.812
2026-03-13 11:24:20,43.625
2026-03-13 11:24:31,41.625
2026-03-13 11:24:42,38.437
2026-03-13 11:24:53,35.625
2026-03-13 11:25:04,33.5
2026-03-13 11:25:15,31.875
2026-03-13 11:25:26,30.687
2026-03-13 11:25:37,29.75
2026-03-13 11:25:48,29.062
2026-03-13 11:25:58,28.5
2026-03-13 11:26:20,27.687
2026-03-13 11:26:53,27.0
2026-03-13 11:27:36,26.5
2026-03-13 11:28:20,27.0
2026-03-13 11:28:31,28.687
2026-03-13 11:28:42,30.312
2026-03-13 11:28:52,31.437
2026-03-13 11:29:03,32.125
2026-03-13 11:29:25,32.812
2026-03-13 11:29:58,33.375
2026-03-13 11:30:41,33.937
2026-03-13 11:31:57,34.5
2026-03-13 11:34:30,35.125
2026-03-13 11:35:02,34.062
2026-03-13 11:35:13,33.062
2026-03-13 11:35:24,32.312
2026-03-13 11:35:46,31.5
2026-03-13 11:36:08,30.937
2026-03-13 11:36:40,30.437
2026-03-13 11:37:35,29.937
2026-03-13 11:38:51,29.437
2026-03-13 11:40:40,28.937
2026-03-13 11:42:18,28.437
2026-03-13 11:44:17,27.937
2026-03-13 11:46:17,27.437
2026-03-13 11:48:28,26.937
2026-03-13 11:50:38,26.437
2026-03-13 11:52:50,25.937
2026-03-13 11:55:11,25.437
2026-03-13 11:58:05,24.937
2026-03-13 12:00:38,24.437
2026-03-13 12:03:32,23.937
2026-03-13 12:06:59,23.437
2026-03-13 12:10:26,22.937
2026-03-13 12:14:14,22.437
2026-03-13 12:18:14,21.937
2026-03-13 12:23:07,21.437
2026-03-13 12:28:12,20.937
2026-03-13 12:34:11,20.437
2026-03-13 12:40:54,19.937
2026-03-13 12:48:20,19.437
2026-03-13 12:57:46,18.937
2026-03-13 13:09:55,18.437
2026-03-13 13:26:47,18.937
2026-03-13 13:36:13,19.437
2026-03-13 14:15:34,18.937
2026-03-13 14:44:14,18.437
2026-03-13 15:19:46,17.937
2026-03-13 16:05:18,18.437
2026-03-13 16:10:55,18.937
2026-03-13 17:15:51,18.437
2026-03-13 17:49:02,17.937
2026-03-13 18:38:55,17.437
2026-03-13 18:45:16,17.937
2026-03-13 18:49:48,18.437
2026-03-13 18:57:25,18.937
2026-03-13 19:46:56,18.437
2026-03-13 20:16:08,17.937
2026-03-13 21:02:01,17.437
2026-03-13 21:23:58,17.937
2026-03-13 21:29:24,18.437
2026-03-13 21:43:11,18.937
2026-03-13 22:13:30,18.437
2026-03-13 22:40:20,17.937
2026-03-13 23:04:28,20.187
2026-03-13 23:04:38,23.937
2026-03-13 23:04:49,24.75
2026-03-13 23:05:11,25.687
2026-03-13 23:05:22,26.75
2026-03-13 23:05:33,28.0
2026-03-13 23:05:44,29.062
2026-03-13 23:05:55,29.812
2026-03-13 23:06:05,30.375
2026-03-13 23:06:27,31.187
2026-03-13 23:07:00,31.875
2026-03-13 23:07:43,32.375
2026-03-13 23:08:49,32.937
2026-03-13 23:10:27,33.437
2026-03-13 23:23:52,34.0
2026-03-14 00:06:30,34.5
2026-03-14 00:48:12,34.0
2026-03-14 00:49:50,33.5
2026-03-14 00:51:06,35.562
2026-03-14 00:51:17,41.0
2026-03-14 00:51:28,41.937
2026-03-14 00:51:39,39.125
2026-03-14 00:51:50,35.937
2026-03-14 00:52:01,33.25
2026-03-14 00:52:12,31.25
2026-03-14 00:52:22,29.687
2026-03-14 00:52:33,28.562
2026-03-14 00:52:44,27.687
2026-03-14 00:52:55,27.062
2026-03-14 00:53:06,26.5
2026-03-14 00:53:28,25.75
2026-03-14 00:54:00,25.125
2026-03-14 00:54:44,24.625
2026-03-14 00:55:27,25.625
2026-03-14 00:55:38,27.375
2026-03-14 00:55:49,28.875
2026-03-14 00:56:00,30.0
2026-03-14 00:56:11,30.812
2026-03-14 00:56:22,31.375
2026-03-14 00:56:33,31.875
2026-03-14 00:56:54,32.5
2026-03-14 00:57:27,33.0
2026-03-14 01:00:43,33.562
2026-03-14 01:01:48,34.062
2026-03-14 01:14:19,34.562
2026-03-14 01:55:40,35.062
2026-03-14 02:37:02,35.562
2026-03-14 03:55:12,36.062
2026-03-14 04:43:27,35.5
2026-03-14 04:45:05,35.0
2026-03-14 04:46:21,38.562
2026-03-14 04:46:32,43.0
2026-03-14 04:46:42,42.375
2026-03-14 04:46:53,39.312
2026-03-14 04:47:04,36.375
2026-03-14 04:47:15,34.0
2026-03-14 04:47:26,32.25
2026-03-14 04:47:37,30.875
2026-03-14 04:47:48,29.875
2026-03-14 04:47:59,29.125
2026-03-14 04:48:09,28.562
2026-03-14 04:48:20,28.062
2026-03-14 04:48:42,27.375
2026-03-14 04:49:15,26.75
2026-03-14 04:50:09,26.25
2026-03-14 04:50:42,27.937
2026-03-14 04:50:53,29.625
2026-03-14 04:51:04,30.937
2026-03-14 04:51:14,31.875
2026-03-14 04:51:25,32.437
2026-03-14 04:51:47,32.937
2026-03-14 04:52:20,33.437
2026-03-14 04:54:30,33.937
2026-03-14 04:56:30,34.5
2026-03-14 04:57:03,35.25
2026-03-14 04:57:35,35.812
2026-03-14 05:18:05,34.187
2026-03-14 05:18:16,33.125
2026-03-14 05:18:27,32.5
2026-03-14 05:18:37,32.0
2026-03-14 05:18:59,31.312
2026-03-14 05:19:32,30.687
2026-03-14 05:20:26,30.125
2026-03-14 05:21:53,29.625
2026-03-14 05:23:20,29.125
2026-03-14 05:25:09,28.625
2026-03-14 05:26:58,28.125
2026-03-14 05:29:09,27.625
2026-03-14 05:31:08,27.125
2026-03-14 05:33:19,26.625
2026-03-14 05:35:40,26.125
2026-03-14 05:38:13,25.625
2026-03-14 05:40:45,25.125
2026-03-14 05:43:28,24.625
2026-03-14 05:46:22,24.125
2026-03-14 05:49:38,23.625
2026-03-14 05:53:05,23.125
2026-03-14 05:57:04,22.625
2026-03-14 06:01:26,22.125
2026-03-14 06:05:58,21.625
2026-03-14 06:11:24,21.125
2026-03-14 06:17:12,20.625
2026-03-14 06:24:17,20.125
2026-03-14 06:32:05,19.625
2026-03-14 06:41:41,19.125
2026-03-14 06:53:29,18.625
2026-03-14 07:05:27,19.125
2026-03-14 07:20:09,19.625
2026-03-14 07:39:44,19.125
2026-03-14 08:00:24,18.625
2026-03-14 08:22:10,18.125
2026-03-14 08:53:33,17.625
2026-03-14 09:41:27,18.125
2026-03-14 09:47:58,18.625
2026-03-14 10:39:29,18.125
2026-03-14 11:14:08,17.625
2026-03-14 12:15:26,18.125
2026-03-14 12:20:31,18.625
2026-03-14 12:29:24,19.125
2026-03-14 13:45:13,18.625
2026-03-14 14:16:46,18.125
2026-03-14 14:51:03,18.625
2026-03-14 14:56:51,19.125
2026-03-14 15:09:22,19.625
2026-03-14 15:45:27,19.125
2026-03-14 16:09:02,18.625
2026-03-14 16:42:57,18.125
2026-03-14 17:30:06,18.625
2026-03-14 17:36:49,19.125
2026-03-14 18:46:49,18.625
2026-03-14 19:28:22,18.125
2026-03-14 20:09:00,18.625
2026-03-14 20:15:10,19.125
2026-03-14 21:11:56,18.625
2026-03-14 21:42:03,18.125
2026-03-14 22:20:08,17.625
2026-03-14 22:44:04,18.125
2026-03-14 22:45:42,23.187
2026-03-14 22:45:53,29.875
2026-03-14 22:46:04,30.687
2026-03-14 22:46:15,29.25
2026-03-14 22:46:59,30.125
2026-03-14 22:47:20,30.75
2026-03-14 22:47:53,31.312
2026-03-14 22:48:47,31.812
2026-03-14 22:50:36,32.375
2026-03-14 22:52:03,32.875
2026-03-14 23:35:03,33.375
2026-03-15 00:01:54,33.875
2026-03-15 00:48:19,34.375
2026-03-15 01:16:59,34.875
2026-03-15 02:03:58,35.375
2026-03-15 02:33:53,34.875
2026-03-15 02:35:31,34.375
2026-03-15 02:36:37,38.0
2026-03-15 02:36:47,42.5
2026-03-15 02:36:58,41.875
2026-03-15 02:37:09,38.75
2026-03-15 02:37:20,35.687
2026-03-15 02:37:31,33.312
2026-03-15 02:37:42,31.437
2026-03-15 02:37:53,30.062
2026-03-15 02:38:04,29.062
2026-03-15 02:38:14,28.25
2026-03-15 02:38:25,27.625
2026-03-15 02:38:47,26.75
2026-03-15 02:39:09,26.25
2026-03-15 02:39:42,25.687
2026-03-15 02:40:36,25.187
2026-03-15 02:40:58,27.0
2026-03-15 02:41:09,28.687
2026-03-15 02:41:20,30.062
2026-03-15 02:41:30,31.062
2026-03-15 02:41:41,31.812
2026-03-15 02:41:52,32.375
2026-03-15 02:42:03,32.875
2026-03-15 02:42:25,33.375
2026-03-15 02:46:46,33.875
2026-03-15 02:47:19,34.375
2026-03-15 02:48:02,34.875
2026-03-15 02:49:51,35.375
2026-03-15 03:14:53,35.875
2026-03-15 03:29:45,36.375
2026-03-15 03:32:50,35.875
2026-03-15 03:44:15,36.375
2026-03-15 03:45:53,35.875
2026-03-15 03:53:41,36.375
2026-03-15 04:10:23,35.25
2026-03-15 04:10:34,34.0
2026-03-15 04:10:45,33.062
2026-03-15 04:10:55,32.312
2026-03-15 04:11:17,31.5
2026-03-15 04:11:39,30.937
2026-03-15 04:12:22,30.375
2026-03-15 04:13:17,29.875
2026-03-15 04:14:44,29.375
2026-03-15 04:16:22,28.875
2026-03-15 04:18:11,28.375
2026-03-15 04:19:59,27.875
2026-03-15 04:21:59,27.375
2026-03-15 04:24:10,26.875
2026-03-15 04:26:20,26.375
2026-03-15 04:28:42,25.875
2026-03-15 04:31:14,25.375
2026-03-15 04:33:57,24.875
2026-03-15 04:36:52,24.375
2026-03-15 04:39:57,23.875
2026-03-15 04:43:12,23.375
2026-03-15 04:46:50,22.875
2026-03-15 04:51:01,22.312
2026-03-15 04:55:43,21.812
2026-03-15 05:00:38,21.312
2026-03-15 05:06:04,20.812
2026-03-15 05:41:15,20.312
2026-03-15 05:52:51,19.812
2026-03-15 06:05:22,19.312
2026-03-15 06:20:47,18.812
2026-03-15 06:40:01,18.312
2026-03-15 07:07:13,17.812
2026-03-15 07:50:56,18.312
2026-03-15 07:57:06,18.812
2026-03-15 08:48:37,18.312
2026-03-15 09:21:48,17.812
2026-03-15 10:12:14,17.312
2026-03-15 10:27:17,17.812
2026-03-15 10:31:49,18.312
2026-03-15 10:41:15,18.812
2026-03-15 11:57:47,18.312
2026-03-15 13:03:48,17.812
2026-03-15 13:10:31,18.375
2026-03-15 13:14:52,18.875
2026-03-15 13:20:40,19.375
2026-03-15 14:35:02,18.875
2026-03-15 15:19:18,18.375
2026-03-15 15:53:56,18.875
2026-03-15 16:01:12,19.375
2026-03-15 16:47:16,18.875
2026-03-15 17:15:12,18.375
2026-03-15 17:54:11,17.875
2026-03-15 18:28:39,18.375
2026-03-15 18:34:27,18.875
2026-03-15 19:39:01,18.375
2026-03-15 20:14:02,17.875
2026-03-15 21:09:53,18.375
2026-03-15 21:16:47,18.875
2026-03-15 22:08:17,18.375
2026-03-15 22:38:46,17.875
2026-03-15 23:46:35,18.375
2026-03-15 23:52:45,18.875
2026-03-16 00:45:32,18.375
2026-03-16 01:03:40,21.062
2026-03-16 01:03:51,25.062
2026-03-16 01:04:02,25.625
2026-03-16 01:04:24,26.125
2026-03-16 01:04:35,26.937
2026-03-16 01:04:45,28.0
2026-03-16 01:04:56,29.125
2026-03-16 01:05:07,29.875
2026-03-16 01:05:18,30.5
2026-03-16 01:05:40,31.312
2026-03-16 01:06:13,32.0
2026-03-16 01:06:45,32.5
2026-03-16 01:07:40,33.062
2026-03-16 01:09:28,33.625
2026-03-16 01:10:34,34.125
2026-03-16 03:07:45,33.5
2026-03-16 03:07:56,32.562
2026-03-16 03:08:07,31.25
2026-03-16 03:08:18,29.75
2026-03-16 03:08:29,28.437
2026-03-16 03:08:39,27.437
2026-03-16 03:08:50,26.687
2026-03-16 03:09:01,26.125
2026-03-16 03:09:23,25.312
2026-03-16 03:09:56,24.687
2026-03-16 03:10:50,24.187
2026-03-16 03:12:06,25.687
2026-03-16 03:12:17,27.375
2026-03-16 03:12:28,28.812
2026-03-16 03:12:39,29.875
2026-03-16 03:12:50,30.562
2026-03-16 03:13:01,31.125
2026-03-16 03:13:22,31.875
2026-03-16 03:13:55,32.562
2026-03-16 03:14:50,33.062
2026-03-16 03:16:49,33.562
2026-03-16 03:18:05,34.125
2026-03-16 03:26:37,33.625
2026-03-16 03:28:15,33.125
2026-03-16 03:29:42,35.437
2026-03-16 03:29:53,40.937
2026-03-16 03:30:04,41.625
2026-03-16 03:30:15,38.687
2026-03-16 03:30:25,35.375
2026-03-16 03:30:36,32.687
2026-03-16 03:30:47,30.687
2026-03-16 03:30:58,29.187
2026-03-16 03:31:09,28.0
2026-03-16 03:31:20,27.125
2026-03-16 03:31:31,26.5
2026-03-16 03:31:42,26.0
2026-03-16 03:32:03,25.187
2026-03-16 03:32:36,24.562
2026-03-16 03:33:20,24.062
2026-03-16 03:34:03,25.125
2026-03-16 03:34:14,26.875
2026-03-16 03:34:25,28.437
2026-03-16 03:34:36,29.625
2026-03-16 03:34:47,30.5
2026-03-16 03:34:57,31.125
2026-03-16 03:35:19,31.937
2026-03-16 03:35:52,32.625
2026-03-16 03:36:35,33.125
2026-03-16 03:38:35,33.625
2026-03-16 03:40:02,34.125
2026-03-16 04:48:57,34.625
2026-03-16 05:43:00,35.125
2026-03-16 05:59:41,35.625
2026-03-16 06:47:34,36.125
2026-03-16 07:26:45,35.625
2026-03-16 07:28:12,35.062
2026-03-16 07:29:39,36.375
2026-03-16 07:29:50,41.687
2026-03-16 07:30:01,43.25
2026-03-16 07:30:12,40.687
2026-03-16 07:30:23,37.437
2026-03-16 07:30:34,34.687
2026-03-16 07:30:45,32.625
2026-03-16 07:30:56,31.062
2026-03-16 07:31:06,29.937
2026-03-16 07:31:17,29.0
2026-03-16 07:31:28,28.312
2026-03-16 07:31:39,27.812
2026-03-16 07:32:01,27.062
2026-03-16 07:32:23,26.562
2026-03-16 07:32:55,26.062
2026-03-16 07:34:00,26.75
2026-03-16 07:34:11,28.5
2026-03-16 07:34:22,30.062
2026-03-16 07:34:33,31.187
2026-03-16 07:34:44,32.062
2026-03-16 07:34:55,32.687
2026-03-16 07:35:17,33.187
2026-03-16 07:37:16,33.687
2026-03-16 07:39:38,34.187
2026-03-16 07:40:10,34.812
2026-03-16 07:40:43,35.437
2026-03-16 07:43:04,35.937
2026-03-16 07:46:10,36.437
2026-03-16 08:18:59,35.937
2026-03-16 08:35:51,36.437
2026-03-16 09:00:31,36.937
2026-03-16 09:07:58,36.437
2026-03-16 09:11:24,36.937
2026-03-16 09:35:54,35.937
2026-03-16 09:36:04,34.625
2026-03-16 09:36:15,33.625
2026-03-16 09:36:26,32.875
2026-03-16 09:36:37,32.375
2026-03-16 09:36:59,31.625
2026-03-16 09:37:31,31.062
2026-03-16 09:38:15,30.562
2026-03-16 09:39:20,30.062
2026-03-16 09:40:47,29.562
2026-03-16 09:42:25,29.062
2026-03-16 09:44:03,28.562
2026-03-16 09:46:03,28.062
2026-03-16 09:48:02,27.562
2026-03-16 09:50:02,27.062
2026-03-16 09:52:13,26.562
2026-03-16 09:54:34,26.062
2026-03-16 09:57:07,25.562
2026-03-16 09:59:39,25.062
2026-03-16 10:02:33,24.562
2026-03-16 10:05:17,24.062
2026-03-16 10:08:43,23.562
2026-03-16 10:12:10,23.062
2026-03-16 10:15:59,22.562
2026-03-16 10:20:20,22.062
2026-03-16 10:24:30,21.562
2026-03-16 10:52:26,21.062
2026-03-16 11:01:52,20.562
2026-03-16 11:12:12,20.062
2026-03-16 11:23:16,19.562
2026-03-16 11:36:41,19.062
2026-03-16 11:53:00,18.562
2026-03-16 12:13:52,18.062
2026-03-16 12:44:31,17.562
2026-03-16 13:10:49,18.062
2026-03-16 13:16:26,18.562
2026-03-16 14:23:00,18.062
2026-03-16 14:58:33,17.562
2026-03-16 15:51:31,18.062
2026-03-16 15:56:14,18.562
2026-03-16 16:08:55,19.062
2026-03-16 16:43:45,18.562
2026-03-16 17:14:57,18.062
2026-03-16 18:00:28,17.562
2026-03-16 18:29:07,18.062
2026-03-16 18:34:01,18.562
2026-03-16 18:44:00,19.062
2026-03-16 19:21:54,18.562
2026-03-16 19:50:34,18.062
2026-03-16 20:36:38,17.562
2026-03-16 21:08:44,18.062
2026-03-16 21:15:27,18.562
2026-03-16 21:27:57,20.625
2026-03-16 21:28:08,26.937
2026-03-16 21:28:19,29.5
2026-03-16 21:28:30,28.5
2026-03-16 21:29:03,29.187
2026-03-16 21:29:14,30.062
2026-03-16 21:29:24,30.75
2026-03-16 21:29:35,31.25
2026-03-16 21:29:57,31.937
2026-03-16 21:30:30,32.562
2026-03-16 21:31:24,33.125
2026-03-16 21:32:29,33.625
2026-03-16 21:34:07,34.125
2026-03-16 21:56:47,34.812
2026-03-16 21:58:15,34.312
2026-03-16 22:01:31,33.25
2026-03-16 22:01:42,31.875
2026-03-16 22:01:53,30.812
2026-03-16 22:02:04,30.125
2026-03-16 22:02:15,29.625
2026-03-16 22:02:37,28.937
2026-03-16 22:03:09,28.312
2026-03-16 22:04:04,27.812
2026-03-16 22:05:31,27.312
2026-03-16 22:07:20,26.812
2026-03-16 22:09:19,26.312
2026-03-16 22:11:41,25.812
2026-03-16 22:14:13,25.312
2026-03-16 22:16:45,24.812
2026-03-16 22:19:39,24.312
2026-03-16 22:22:44,23.812
2026-03-16 22:26:11,23.312
2026-03-16 22:29:49,22.812
2026-03-16 22:33:48,22.312
2026-03-16 22:37:59,21.812
2026-03-16 22:42:52,21.312
2026-03-16 22:48:08,20.812
2026-03-16 22:54:18,20.312
2026-03-16 23:01:23,19.812
2026-03-16 23:09:54,19.312
2026-03-16 23:20:15,18.812
2026-03-16 23:41:28,19.312
2026-03-17 00:22:27,18.812
2026-03-17 00:41:52,18.312
2026-03-17 01:06:32,17.812
2026-03-17 01:43:43,17.312
2026-03-17 02:08:12,17.875
2026-03-17 02:12:44,18.375
2026-03-17 02:20:54,18.875
2026-03-17 03:05:09,18.375
2026-03-17 03:06:58,22.562
2026-03-17 03:07:09,26.25
2026-03-17 03:07:42,26.875
2026-03-17 03:07:53,27.812
2026-03-17 03:08:04,28.937
2026-03-17 03:08:14,30.0
2026-03-17 03:08:25,30.812
2026-03-17 03:08:36,31.375
2026-03-17 03:08:58,32.125
2026-03-17 03:09:20,32.625
2026-03-17 03:09:52,33.187
2026-03-17 03:10:36,33.687
2026-03-17 03:11:52,34.187
2026-03-17 03:13:08,34.687
2026-03-17 06:06:42,34.187
2026-03-17 06:08:20,36.125
2026-03-17 06:08:31,41.562
2026-03-17 06:08:42,42.437
2026-03-17 06:08:53,39.562
2026-03-17 06:09:04,36.312
2026-03-17 06:09:15,33.562
2026-03-17 06:09:26,31.5
2026-03-17 06:09:36,30.0
2026-03-17 06:09:47,28.812
2026-03-17 06:09:58,27.937
2026-03-17 06:10:09,27.25
2026-03-17 06:10:20,26.75
2026-03-17 06:10:42,25.937
2026-03-17 06:11:14,25.312
2026-03-17 06:11:58,24.812
2026-03-17 06:12:41,25.812
2026-03-17 06:12:52,27.625
2026-03-17 06:13:03,29.187
2026-03-17 06:13:14,30.5
2026-03-17 06:13:25,31.437
2026-03-17 06:13:36,32.062
2026-03-17 06:13:47,32.625
2026-03-17 06:14:09,33.25
2026-03-17 06:14:30,33.75
2026-03-17 06:15:25,34.25
2026-03-17 06:17:14,34.75
2026-03-17 06:18:41,35.25
2026-03-17 07:51:21,35.75
2026-03-17 08:22:44,36.25
2026-03-17 10:04:29,35.687
2026-03-17 10:06:07,35.187
2026-03-17 10:06:51,38.125
2026-03-17 10:07:02,43.062
2026-03-17 10:07:24,40.125
2026-03-17 10:07:34,37.0
2026-03-17 10:07:45,34.5
2026-03-17 10:07:56,32.562
2026-03-17 10:08:07,31.125
2026-03-17 10:08:18,30.062
2026-03-17 10:08:29,29.25
2026-03-17 10:08:40,28.625
2026-03-17 10:08:51,28.062
2026-03-17 10:09:12,27.375
2026-03-17 10:09:45,26.75
2026-03-17 10:10:28,26.25
2026-03-17 10:11:12,27.625
2026-03-17 10:11:23,29.437
2026-03-17 10:11:34,30.875
2026-03-17 10:11:45,31.687
2026-03-17 10:11:56,32.25
2026-03-17 10:12:17,32.937
2026-03-17 10:12:50,33.5
2026-03-17 10:14:06,34.0
2026-03-17 10:16:38,34.5
2026-03-17 10:17:22,35.187
2026-03-17 10:17:55,35.75
2026-03-17 10:19:43,36.25
2026-03-17 10:34:14,36.75
2026-03-17 11:01:59,35.062
2026-03-17 11:02:10,33.375
2026-03-17 11:02:21,31.937
2026-03-17 11:02:32,30.75
2026-03-17 11:02:42,29.812
2026-03-17 11:02:53,29.125
2026-03-17 11:03:04,28.562
2026-03-17 11:03:26,27.812
2026-03-17 11:03:59,27.187
2026-03-17 11:04:42,26.687
2026-03-17 11:05:58,27.25
2026-03-17 11:06:09,29.187
2026-03-17 11:06:20,31.0
2026-03-17 11:06:31,32.25
2026-03-17 11:06:42,33.125
2026-03-17 11:06:53,33.812
2026-03-17 11:07:04,34.312
2026-03-17 11:07:26,35.062
2026-03-17 11:07:58,35.562
2026-03-17 11:08:31,36.062
2026-03-17 11:12:41,36.562
2026-03-17 11:21:23,37.187
2026-03-17 11:23:01,36.687
2026-03-17 11:24:07,36.0
2026-03-17 11:24:18,34.687
2026-03-17 11:24:28,33.625
2026-03-17 11:24:39,32.875
2026-03-17 11:24:50,32.375
2026-03-17 11:25:12,31.625
2026-03-17 11:25:45,31.0
2026-03-17 11:26:28,30.5
2026-03-17 11:27:44,29.937
2026-03-17 11:29:22,29.437
2026-03-17 11:30:49,28.937
2026-03-17 11:32:27,28.437
2026-03-17 11:34:16,27.937
2026-03-17 11:36:16,27.437
2026-03-17 11:38:16,26.937
2026-03-17 11:40:15,26.437
2026-03-17 11:42:37,25.937
2026-03-17 11:44:58,25.437
2026-03-17 11:47:30,24.937
2026-03-17 11:50:03,24.437
2026-03-17 11:52:57,23.937
2026-03-17 11:56:13,23.437
2026-03-17 11:59:29,22.937
2026-03-17 12:03:06,22.437
2026-03-17 12:07:06,21.937
2026-03-17 12:11:38,21.437
2026-03-17 12:16:32,20.937
2026-03-17 12:21:58,20.437
2026-03-17 12:28:19,19.937
2026-03-17 12:35:45,19.437
2026-03-17 12:52:26,19.937
2026-03-17 13:15:07,19.437
2026-03-17 13:29:04,18.937
2026-03-17 13:45:02,18.437
2026-03-17 14:04:37,17.937
2026-03-17 14:32:22,17.437
2026-03-17 15:25:09,17.937
2026-03-17 15:31:30,18.437
2026-03-17 16:38:47,17.937
2026-03-17 17:19:57,17.437
2026-03-17 17:58:56,17.937
2026-03-17 18:04:12,18.437
2026-03-17 18:14:22,18.937
2026-03-17 18:52:05,18.437
2026-03-17 19:16:13,17.937
2026-03-17 19:46:08,17.437
2026-03-17 20:38:34,17.937
2026-03-17 20:45:49,18.437
2026-03-17 21:34:14,17.937
2026-03-17 22:03:48,17.437
2026-03-17 22:50:14,16.937
2026-03-17 23:10:33,17.437
2026-03-17 23:14:43,17.937
2026-03-17 23:21:48,18.437
2026-03-18 00:13:30,17.937
2026-03-18 00:41:15,17.437
2026-03-18 01:19:09,16.937
2026-03-18 01:46:54,17.437
2026-03-18 01:52:10,17.937
2026-03-18 02:00:30,18.437
2026-03-18 02:53:28,17.937
2026-03-18 03:01:05,20.812
2026-03-18 03:01:16,24.937
2026-03-18 03:01:27,25.562
2026-03-18 03:01:49,26.25
2026-03-18 03:02:00,27.125
2026-03-18 03:02:10,28.25
2026-03-18 03:02:21,29.5
2026-03-18 03:02:32,30.562
2026-03-18 03:02:43,31.25
2026-03-18 03:02:54,31.812
2026-03-18 03:03:16,32.562
2026-03-18 03:03:37,33.062
2026-03-18 03:04:10,33.562
2026-03-18 03:04:54,34.062
2026-03-18 03:06:10,34.562
2026-03-18 03:07:26,35.062
2026-03-18 05:24:00,34.562
2026-03-18 05:25:38,34.062
2026-03-18 05:26:32,36.625
2026-03-18 05:26:43,41.812
2026-03-18 05:27:05,39.187
2026-03-18 05:27:16,35.812
2026-03-18 05:27:27,33.125
2026-03-18 05:27:38,31.125
2026-03-18 05:27:48,29.625
2026-03-18 05:27:59,28.437
2026-03-18 05:28:10,27.562
2026-03-18 05:28:21,26.937
2026-03-18 05:28:32,26.375
2026-03-18 05:28:54,25.625
2026-03-18 05:29:16,25.125
2026-03-18 05:29:59,24.562
2026-03-18 05:30:53,25.687
2026-03-18 05:31:04,27.5
2026-03-18 05:31:15,29.062
2026-03-18 05:31:26,30.375
2026-03-18 05:31:37,31.312
2026-03-18 05:31:48,32.0
2026-03-18 05:31:59,32.5
2026-03-18 05:32:20,33.187
2026-03-18 05:32:53,33.75
2026-03-18 05:33:37,34.25
2026-03-18 05:35:15,34.75
2026-03-18 05:36:42,35.25
2026-03-18 08:03:03,35.75
2026-03-18 08:21:12,34.437
2026-03-18 08:21:23,33.187
2026-03-18 08:21:33,31.687
2026-03-18 08:21:44,30.312
2026-03-18 08:21:55,29.25
2026-03-18 08:22:06,28.437
2026-03-18 08:22:17,27.875
2026-03-18 08:22:28,27.375
2026-03-18 08:22:50,26.75
2026-03-18 08:23:22,26.187
2026-03-18 08:24:27,25.687
2026-03-18 08:25:22,27.187
2026-03-18 08:25:33,28.937
2026-03-18 08:25:44,30.312
2026-03-18 08:25:54,31.375
2026-03-18 08:26:05,32.187
2026-03-18 08:26:27,32.875
2026-03-18 08:27:00,33.375
2026-03-18 08:28:16,33.937
2026-03-18 08:30:59,34.5
2026-03-18 08:31:43,35.062
2026-03-18 08:32:26,35.562
2026-03-18 09:06:21,36.062
2026-03-18 09:15:47,35.562
2026-03-18 09:17:14,35.0
2026-03-18 09:19:03,38.312
2026-03-18 09:19:14,43.0
2026-03-18 09:19:25,42.437
2026-03-18 09:19:36,39.375
2026-03-18 09:19:47,36.312
2026-03-18 09:19:58,33.812
2026-03-18 09:20:08,32.0
2026-03-18 09:20:19,30.625
2026-03-18 09:20:30,29.562
2026-03-18 09:20:41,28.75
2026-03-18 09:20:52,28.187
2026-03-18 09:21:03,27.687
2026-03-18 09:21:25,27.0
2026-03-18 09:21:46,26.5
2026-03-18 09:22:30,25.937
2026-03-18 09:23:24,27.312
2026-03-18 09:23:35,29.062
2026-03-18 09:23:46,30.5
2026-03-18 09:23:57,31.562
2026-03-18 09:24:08,32.312
2026-03-18 09:24:30,32.937
2026-03-18 09:25:46,33.437
2026-03-18 09:28:40,33.937
2026-03-18 09:29:23,34.562
2026-03-18 09:29:56,35.125
2026-03-18 09:30:50,35.625
2026-03-18 10:01:51,36.125
2026-03-18 10:51:44,36.625
2026-03-18 11:27:39,35.187
2026-03-18 11:27:50,33.625
2026-03-18 11:28:00,32.125
2026-03-18 11:28:11,30.937
2026-03-18 11:28:22,29.937
2026-03-18 11:28:33,29.25
2026-03-18 11:28:44,28.625
2026-03-18 11:29:06,27.875
2026-03-18 11:29:38,27.25
2026-03-18 11:30:22,26.75
2026-03-18 11:31:49,28.5
2026-03-18 11:32:00,30.437
2026-03-18 11:32:11,31.75
2026-03-18 11:32:22,32.687
2026-03-18 11:32:32,33.375
2026-03-18 11:32:43,33.875
2026-03-18 11:33:05,34.625
2026-03-18 11:33:27,35.125
2026-03-18 11:34:10,35.625
2026-03-18 11:35:27,36.125
2026-03-18 11:36:32,35.562
2026-03-18 11:36:43,34.375
2026-03-18 11:36:54,33.312
2026-03-18 11:37:04,32.562
2026-03-18 11:37:15,32.062
2026-03-18 11:37:37,31.312
2026-03-18 11:38:10,30.75
2026-03-18 11:38:53,30.25
2026-03-18 11:40:09,29.75
2026-03-18 11:41:36,29.25
2026-03-18 11:43:14,28.75
2026-03-18 11:45:03,28.25
2026-03-18 11:46:52,27.75
2026-03-18 11:48:52,27.25
2026-03-18 11:50:51,26.75
2026-03-18 11:52:51,26.25
2026-03-18 11:55:13,25.75
2026-03-18 11:57:45,25.25
2026-03-18 12:00:06,24.75
2026-03-18 12:02:50,24.25
2026-03-18 12:05:55,23.75
2026-03-18 12:09:00,23.25
2026-03-18 12:12:26,22.75
2026-03-18 12:16:04,22.25
2026-03-18 12:20:14,21.75
2026-03-18 12:43:05,21.25
2026-03-18 12:51:26,20.75
2026-03-18 12:59:57,20.25
2026-03-18 13:09:12,19.75
2026-03-18 13:19:54,19.25
2026-03-18 13:32:25,18.75
2026-03-18 13:48:01,18.25
2026-03-18 14:08:53,17.75
2026-03-18 14:41:53,17.25
2026-03-18 15:03:17,17.75
2026-03-18 15:08:44,18.25
2026-03-18 16:30:31,17.75
2026-03-18 17:43:04,18.25
2026-03-18 17:48:53,18.75
2026-03-18 18:50:54,18.25
2026-03-18 19:21:55,17.75
2026-03-18 19:59:17,17.25
2026-03-18 20:16:41,17.75
2026-03-18 20:22:08,18.25
2026-03-18 20:35:33,18.75
2026-03-18 21:08:01,18.25
2026-03-18 21:34:19,17.75
2026-03-18 22:08:25,17.25
2026-03-18 22:55:45,17.75
2026-03-18 23:01:23,18.25
2026-03-19 00:15:56,17.75
2026-03-19 00:50:02,17.25
2026-03-19 01:28:50,17.75
2026-03-19 01:34:49,18.25
2026-03-19 02:56:59,17.75
2026-03-19 03:31:49,19.562
2026-03-19 03:32:00,22.937
2026-03-19 03:32:11,23.937
2026-03-19 03:32:22,24.625
2026-03-19 03:32:33,25.562
2026-03-19 03:32:44,26.687
2026-03-19 03:32:54,28.0
2026-03-19 03:33:05,29.312
2026-03-19 03:33:16,30.312
2026-03-19 03:33:27,31.0
2026-03-19 03:33:38,31.625
2026-03-19 03:34:00,32.375
2026-03-19 03:34:21,32.875
2026-03-19 03:34:54,33.375
2026-03-19 03:35:38,33.937
2026-03-19 03:37:05,34.437
2026-03-19 03:38:10,34.937
2026-03-19 04:25:41,34.437
2026-03-19 04:27:19,33.937
2026-03-19 04:28:13,38.25
2026-03-19 04:28:24,42.312
2026-03-19 04:28:35,41.062
2026-03-19 04:28:46,37.75
2026-03-19 04:28:57,34.562
2026-03-19 04:29:08,32.125
2026-03-19 04:29:19,30.312
2026-03-19 04:29:29,28.937
2026-03-19 04:29:40,27.875
2026-03-19 04:29:51,27.062
2026-03-19 04:30:02,26.437
2026-03-19 04:30:24,25.625
2026-03-19 04:30:46,25.125
2026-03-19 04:31:18,24.562
2026-03-19 04:31:51,24.062
2026-03-19 04:32:35,25.625
2026-03-19 04:32:45,27.312
2026-03-19 04:32:56,28.812
2026-03-19 04:33:07,30.062
2026-03-19 04:33:18,31.062
2026-03-19 04:33:29,31.812
2026-03-19 04:33:51,32.687
2026-03-19 04:34:12,33.25
2026-03-19 04:34:45,33.812
2026-03-19 04:35:29,34.312
2026-03-19 04:37:28,34.812
2026-03-19 04:38:44,35.312
2026-03-19 08:25:05,34.812
2026-03-19 08:26:43,37.125
2026-03-19 08:26:54,42.25
2026-03-19 08:27:16,39.75
2026-03-19 08:27:27,36.625
2026-03-19 08:27:38,34.0
2026-03-19 08:27:49,32.062
2026-03-19 08:27:59,30.562
2026-03-19 08:28:10,29.5
2026-03-19 08:28:21,28.625
2026-03-19 08:28:32,28.0
2026-03-19 08:28:43,27.5
2026-03-19 08:29:05,26.75
2026-03-19 08:29:26,26.25
2026-03-19 08:30:10,25.687
2026-03-19 08:31:04,26.937
2026-03-19 08:31:15,28.687
2026-03-19 08:31:26,30.187
2026-03-19 08:31:37,31.25
2026-03-19 08:31:48,32.062
2026-03-19 08:31:59,32.687
2026-03-19 08:32:31,33.25
2026-03-19 08:33:37,33.75
2026-03-19 08:36:20,34.25
2026-03-19 08:37:14,34.75
2026-03-19 08:37:58,35.312
2026-03-19 09:03:43,35.812
2026-03-19 10:30:36,36.312
2026-03-19 11:30:49,34.937
2026-03-19 11:31:00,33.812
2026-03-19 11:31:11,33.0
2026-03-19 11:31:22,32.437
2026-03-19 11:31:43,31.687
2026-03-19 11:32:16,31.062
2026-03-19 11:32:59,30.562
2026-03-19 11:34:05,30.062
2026-03-19 11:35:32,29.562
2026-03-19 11:37:10,29.062
2026-03-19 11:38:48,28.562
2026-03-19 11:40:36,28.062
2026-03-19 11:42:36,27.562
2026-03-19 11:44:36,27.062
2026-03-19 11:46:46,26.562
2026-03-19 11:48:46,26.062
2026-03-19 11:51:19,25.562
2026-03-19 11:53:40,25.062
2026-03-19 12:00:34,24.562
2026-03-19 12:07:16,24.062
2026-03-19 12:12:21,23.562
2026-03-19 12:17:15,23.062
2026-03-19 12:21:47,22.562
2026-03-19 12:27:13,22.062
2026-03-19 12:33:02,21.562
2026-03-19 12:39:01,21.062
2026-03-19 12:45:54,20.562
2026-03-19 12:53:31,20.062
2026-03-19 13:02:03,19.562
2026-03-19 13:12:56,19.062
2026-03-19 13:25:26,18.562
2026-03-19 13:41:46,18.062
2026-03-19 14:07:21,17.562
2026-03-19 14:38:11,18.062
2026-03-19 14:44:10,18.562
2026-03-19 15:39:18,18.062
2026-03-19 16:18:17,17.562
2026-03-19 17:15:36,18.062
2026-03-19 17:21:46,18.562
2026-03-19 18:42:50,18.062
2026-03-19 19:22:44,17.562
2026-03-19 19:53:23,18.062
2026-03-19 19:59:44,18.562
2026-03-19 20:59:35,18.062
2026-03-19 21:28:04,17.562
2026-03-19 22:07:04,17.062
2026-03-19 22:25:34,17.562
2026-03-19 22:31:11,18.062
2026-03-19 22:43:09,18.562
2026-03-19 23:23:03,18.062
2026-03-19 23:54:58,17.562
2026-03-20 00:37:47,17.062
2026-03-20 00:57:33,17.562
2026-03-20 01:02:16,18.062
2026-03-20 01:10:04,18.562
2026-03-20 01:53:57,18.062
2026-03-20 02:36:34,17.562
2026-03-20 03:27:22,19.0
2026-03-20 03:27:32,27.25
2026-03-20 03:27:43,32.187
2026-03-20 03:27:54,31.125
2026-03-20 03:28:05,28.5
2026-03-20 03:28:16,26.375
2026-03-20 03:28:27,25.0
2026-03-20 03:28:38,24.062
2026-03-20 03:28:49,23.437
2026-03-20 03:29:10,22.687
2026-03-20 03:29:43,22.125
2026-03-20 03:31:10,21.625
2026-03-20 03:31:43,22.375
2026-03-20 03:31:54,24.187
2026-03-20 03:32:04,25.875
2026-03-20 03:32:15,27.437
2026-03-20 03:32:26,28.875
2026-03-20 03:32:37,30.0
2026-03-20 03:32:48,30.812
2026-03-20 03:32:59,31.437
2026-03-20 03:33:10,31.937
2026-03-20 03:33:32,32.562
2026-03-20 03:33:53,33.062
2026-03-20 03:34:26,33.562
2026-03-20 03:35:31,34.125
2026-03-20 03:37:09,34.687
2026-03-20 03:38:25,35.187
2026-03-20 07:25:09,34.687
2026-03-20 07:26:58,34.187
2026-03-20 07:27:09,35.625
2026-03-20 07:27:20,41.062
2026-03-20 07:27:30,42.937
2026-03-20 07:27:41,40.437
2026-03-20 07:27:52,37.187
2026-03-20 07:28:03,34.437
2026-03-20 07:28:14,32.312
2026-03-20 07:28:25,30.687
2026-03-20 07:28:36,29.5
2026-03-20 07:28:47,28.625
2026-03-20 07:28:57,27.937
2026-03-20 07:29:08,27.375
2026-03-20 07:29:30,26.562
2026-03-20 07:29:52,26.062
2026-03-20 07:30:35,25.5
2026-03-20 07:31:30,26.125
2026-03-20 07:31:41,27.875
2026-03-20 07:31:52,29.437
2026-03-20 07:32:02,30.687
2026-03-20 07:32:13,31.562
2026-03-20 07:32:24,32.25
2026-03-20 07:32:35,32.75
2026-03-20 07:32:57,33.437
2026-03-20 07:34:35,33.937
2026-03-20 07:37:18,34.5
2026-03-20 07:38:12,35.062
2026-03-20 07:56:10,35.562
2026-03-20 09:08:43,36.062
2026-03-20 11:01:21,36.562
2026-03-20 11:06:36,35.562
2026-03-20 11:06:47,34.375
2026-03-20 11:06:58,33.437
2026-03-20 11:07:09,32.812
2026-03-20 11:07:20,32.312
2026-03-20 11:07:42,31.687
2026-03-20 11:08:14,31.125
2026-03-20 11:09:09,30.562
2026-03-20 11:10:25,30.062
2026-03-20 11:11:52,29.562
2026-03-20 11:13:19,29.062
2026-03-20 11:15:08,28.562
2026-03-20 11:17:40,28.062
2026-03-20 11:21:29,27.562
2026-03-20 11:24:23,27.062
2026-03-20 11:27:39,26.562
2026-03-20 11:30:44,26.062
2026-03-20 11:34:00,25.562
2026-03-20 11:37:04,25.062
2026-03-20 11:40:31,24.562
2026-03-20 11:44:09,24.062
2026-03-20 11:47:46,23.562
2026-03-20 11:51:46,23.062
2026-03-20 11:55:56,22.562
2026-03-20 12:00:39,22.062
2026-03-20 12:05:55,21.562
2026-03-20 12:11:32,21.062
2026-03-20 12:17:53,20.562
2026-03-20 12:25:08,20.062
2026-03-20 12:33:29,19.562
2026-03-20 12:43:27,19.062
2026-03-20 12:55:36,18.562
2026-03-20 13:11:12,18.062
2026-03-20 13:33:41,17.562
2026-03-20 14:00:10,18.062
2026-03-20 14:06:20,18.562
2026-03-20 14:59:50,18.062
2026-03-20 15:37:55,17.562
2026-03-20 16:37:58,18.062
2026-03-20 16:43:13,18.562
2026-03-20 16:54:28,19.062
2026-03-20 17:31:50,18.562
2026-03-20 18:00:07,18.062
2026-03-20 18:40:34,17.562
2026-03-20 19:18:28,18.062
2026-03-20 19:24:28,18.562
2026-03-20 20:32:50,18.062
2026-03-20 21:14:44,17.562
2026-03-20 22:00:48,18.062
2026-03-20 22:06:26,18.562
2026-03-20 23:10:05,18.062
2026-03-20 23:29:51,19.687
2026-03-20 23:30:02,24.0
2026-03-20 23:30:13,25.25
2026-03-20 23:30:35,25.75
2026-03-20 23:30:46,26.75
2026-03-20 23:30:57,27.937
2026-03-20 23:31:08,29.062
2026-03-20 23:31:19,29.812
2026-03-20 23:31:29,30.437
2026-03-20 23:31:51,31.25
2026-03-20 23:32:13,31.812
2026-03-20 23:32:56,32.375
2026-03-20 23:34:02,32.875
2026-03-20 23:35:40,33.375
2026-03-20 23:36:56,33.875
2026-03-21 01:19:57,34.375
2026-03-21 01:26:18,33.812
2026-03-21 01:28:07,33.312
2026-03-21 01:28:39,34.25
2026-03-21 01:28:50,39.687
2026-03-21 01:29:01,42.25
2026-03-21 01:29:12,40.062
2026-03-21 01:29:23,36.812
2026-03-21 01:29:34,33.937
2026-03-21 01:29:45,31.75
2026-03-21 01:29:56,30.0
2026-03-21 01:30:07,28.75
2026-03-21 01:30:17,27.812
2026-03-21 01:30:28,27.062
2026-03-21 01:30:39,26.562
2026-03-21 01:31:01,25.75
2026-03-21 01:31:23,25.25
2026-03-21 01:31:55,24.75
2026-03-21 01:33:12,26.812
2026-03-21 01:33:22,28.437
2026-03-21 01:33:33,29.687
2026-03-21 01:33:44,30.625
2026-03-21 01:33:55,31.25
2026-03-21 01:34:06,31.75
2026-03-21 01:34:28,32.437
2026-03-21 01:35:00,33.0
2026-03-21 01:37:44,33.5
2026-03-21 01:39:11,34.0
2026-03-21 01:44:15,34.5
2026-03-21 02:33:24,35.0
2026-03-21 03:35:59,35.5
2026-03-21 04:45:05,36.0
2026-03-21 05:23:32,35.5
2026-03-21 05:24:59,35.0
2026-03-21 05:26:04,39.687
2026-03-21 05:26:15,43.375
2026-03-21 05:26:26,42.062
2026-03-21 05:26:37,38.875
2026-03-21 05:26:48,36.0
2026-03-21 05:26:59,33.687
2026-03-21 05:27:10,31.937
2026-03-21 05:27:20,30.687
2026-03-21 05:27:31,29.687
2026-03-21 05:27:42,29.0
2026-03-21 05:27:53,28.375
2026-03-21 05:28:15,27.562
2026-03-21 05:28:37,27.062
2026-03-21 05:29:09,26.5
2026-03-21 05:30:26,28.187
2026-03-21 05:30:36,29.875
2026-03-21 05:30:47,31.125
2026-03-21 05:30:58,32.0
2026-03-21 05:31:20,32.75
2026-03-21 05:31:53,33.25
2026-03-21 05:33:09,33.75
2026-03-21 05:35:41,34.25
2026-03-21 05:36:25,34.812
2026-03-21 05:36:57,35.437
2026-03-21 05:38:02,35.937
2026-03-21 06:24:39,36.437
2026-03-21 06:28:39,34.812
2026-03-21 06:28:50,33.687
2026-03-21 06:29:00,32.875
2026-03-21 06:29:11,32.375
2026-03-21 06:29:33,31.625
2026-03-21 06:29:55,31.125
2026-03-21 06:30:38,30.562
2026-03-21 06:31:44,30.062
2026-03-21 06:33:11,29.562
2026-03-21 06:34:49,29.062
2026-03-21 06:36:27,28.562
2026-03-21 06:38:15,28.062
2026-03-21 06:40:04,27.562
2026-03-21 06:42:15,27.062
2026-03-21 06:44:15,26.562
2026-03-21 06:46:47,26.062
2026-03-21 06:48:58,25.562
2026-03-21 06:51:41,25.062
2026-03-21 06:54:13,24.562
2026-03-21 06:57:18,24.062
2026-03-21 07:00:23,23.562
2026-03-21 07:03:50,23.062
2026-03-21 07:07:28,22.562
2026-03-21 07:11:49,22.062
2026-03-21 07:16:21,21.562
2026-03-21 07:21:25,21.062
2026-03-21 07:27:24,20.562
2026-03-21 07:34:18,20.062
2026-03-21 07:42:28,19.562
2026-03-21 07:51:43,19.062
2026-03-21 07:59:20,19.562
2026-03-21 08:42:08,19.062
2026-03-21 08:58:49,18.562
2026-03-21 09:20:14,18.062
2026-03-21 09:48:53,17.562
2026-03-21 10:38:13,18.062
2026-03-21 10:44:01,18.562
2026-03-21 11:44:46,18.062
2026-03-21 12:24:40,17.562
2026-03-21 13:15:27,18.062
2026-03-21 13:20:32,18.562
2026-03-21 13:29:03,19.062
2026-03-21 14:21:29,18.562
2026-03-21 15:05:33,18.062
2026-03-21 15:57:14,18.562
2026-03-21 16:03:46,19.062
2026-03-21 17:03:15,18.562
2026-03-21 17:29:55,18.062
2026-03-21 18:07:28,17.562
2026-03-21 18:32:51,18.062
2026-03-21 18:38:18,18.562
2026-03-21 18:47:33,19.062
2026-03-21 19:46:40,18.562
2026-03-21 20:15:20,18.062
2026-03-21 20:53:57,17.562
2026-03-21 21:11:33,18.062
2026-03-21 21:17:10,18.562
2026-03-21 22:23:11,18.062
2026-03-21 23:00:44,17.562
2026-03-21 23:49:20,18.062
2026-03-21 23:54:57,18.562
2026-03-22 00:10:12,19.562
2026-03-22 00:10:23,25.437
2026-03-22 00:10:34,29.062
2026-03-22 00:10:44,28.375
2026-03-22 00:10:55,27.812
2026-03-22 00:11:17,28.625
2026-03-22 00:11:28,29.562
2026-03-22 00:11:39,30.5
2026-03-22 00:11:50,31.25
2026-03-22 00:12:01,31.812
2026-03-22 00:12:22,32.5
2026-03-22 00:12:44,33.0
2026-03-22 00:13:17,33.5
2026-03-22 00:14:11,34.062
2026-03-22 00:15:49,34.562
2026-03-22 00:16:44,35.062
2026-03-22 01:11:41,33.812
2026-03-22 01:11:52,32.562
2026-03-22 01:12:03,30.937
2026-03-22 01:12:14,29.437
2026-03-22 01:12:25,28.25
2026-03-22 01:12:36,27.312
2026-03-22 01:12:47,26.625
2026-03-22 01:12:57,26.125
2026-03-22 01:13:19,25.437
2026-03-22 01:13:52,24.812
2026-03-22 01:14:46,24.25
2026-03-22 01:15:52,25.125
2026-03-22 01:16:02,26.812
2026-03-22 01:16:13,28.375
2026-03-22 01:16:24,29.75
2026-03-22 01:16:35,30.812
2026-03-22 01:16:46,31.625
2026-03-22 01:16:57,32.187
2026-03-22 01:17:19,32.937
2026-03-22 01:17:40,33.437
2026-03-22 01:18:13,33.937
2026-03-22 01:19:07,34.437
2026-03-22 01:20:56,34.937
2026-03-22 01:22:12,35.437
2026-03-22 01:35:59,34.937
2026-03-22 03:50:45,34.437
2026-03-22 03:52:23,37.937
2026-03-22 03:52:34,42.562
2026-03-22 03:52:45,41.937
2026-03-22 03:52:55,38.75
2026-03-22 03:53:06,35.687
2026-03-22 03:53:17,33.25
2026-03-22 03:53:28,31.375
2026-03-22 03:53:39,30.0
2026-03-22 03:53:50,28.937
2026-03-22 03:54:01,28.125
2026-03-22 03:54:12,27.5
2026-03-22 03:54:33,26.625
2026-03-22 03:54:55,26.062
2026-03-22 03:55:28,25.562
2026-03-22 03:56:22,25.062
2026-03-22 03:56:44,26.937
2026-03-22 03:56:55,28.687
2026-03-22 03:57:06,30.125
2026-03-22 03:57:16,31.25
2026-03-22 03:57:27,32.062
2026-03-22 03:57:38,32.625
2026-03-22 03:58:00,33.375
2026-03-22 03:58:33,34.0
2026-03-22 03:59:27,34.562
2026-03-22 04:02:00,35.125
2026-03-22 04:03:05,35.625
2026-03-22 05:45:55,36.125
2026-03-22 07:28:24,35.187
2026-03-22 07:28:35,34.0
2026-03-22 07:28:46,33.187
2026-03-22 07:28:56,32.625
2026-03-22 07:29:18,31.875
2026-03-22 07:29:40,31.375
2026-03-22 07:30:13,30.875
2026-03-22 07:31:18,30.312
2026-03-22 07:32:34,29.812
2026-03-22 07:34:12,29.312
2026-03-22 07:35:50,28.812
2026-03-22 07:37:39,28.312
2026-03-22 07:39:28,27.812
2026-03-22 07:41:38,27.312
2026-03-22 07:46:10,26.812
2026-03-22 07:49:26,26.312
2026-03-22 07:53:15,25.812
2026-03-22 07:56:42,25.312
2026-03-22 08:00:08,24.812
2026-03-22 08:03:57,24.312
2026-03-22 08:07:35,23.812
2026-03-22 08:11:23,23.312
2026-03-22 08:15:34,22.812
2026-03-22 08:20:06,22.312
2026-03-22 08:25:21,21.812
2026-03-22 08:30:48,21.312
2026-03-22 08:36:03,26.25
2026-03-22 08:36:14,29.312
2026-03-22 08:36:47,30.0
2026-03-22 08:36:58,30.937
2026-03-22 08:37:09,31.687
2026-03-22 08:37:19,32.25
2026-03-22 08:37:41,33.0
2026-03-22 08:40:14,33.5
2026-03-22 08:42:03,34.0
2026-03-22 08:42:57,34.5
2026-03-22 08:43:51,35.0
2026-03-22 08:51:50,35.5
2026-03-22 08:56:33,34.625
2026-03-22 08:56:44,33.375
2026-03-22 08:56:55,32.437
2026-03-22 08:57:06,31.75
2026-03-22 08:57:17,31.25
2026-03-22 08:57:38,30.625
2026-03-22 08:58:11,30.0
2026-03-22 08:59:05,29.437
2026-03-22 09:00:22,28.937
2026-03-22 09:02:00,28.437
2026-03-22 09:03:48,27.937
2026-03-22 09:05:37,27.437
2026-03-22 09:07:37,26.937
2026-03-22 09:09:47,26.437
2026-03-22 09:11:58,25.937
2026-03-22 09:14:19,25.437
2026-03-22 09:16:52,24.937
2026-03-22 09:19:24,24.437
2026-03-22 09:22:29,23.937
2026-03-22 09:25:34,23.437
2026-03-22 09:28:50,22.937
2026-03-22 09:32:28,22.437
2026-03-22 09:36:27,21.937
2026-03-22 09:40:59,21.437
2026-03-22 09:45:31,20.937
2026-03-22 09:50:58,20.437
2026-03-22 09:57:29,19.937
2026-03-22 10:04:56,19.437
2026-03-22 10:13:16,18.937
2026-03-22 10:21:26,19.437
2026-03-22 11:01:21,18.937
2026-03-22 11:17:07,18.437
2026-03-22 11:38:09,17.937
2026-03-22 12:08:05,17.437
2026-03-22 12:14:26,20.937
2026-03-22 12:14:37,23.937
2026-03-22 12:14:58,25.062
2026-03-22 12:15:09,26.312
2026-03-22 12:15:20,27.625
2026-03-22 12:15:31,28.75
2026-03-22 12:15:42,29.625
2026-03-22 12:15:53,30.312
2026-03-22 12:16:04,30.875
2026-03-22 12:16:26,31.562
2026-03-22 12:16:58,32.125
2026-03-22 12:21:08,32.75
2026-03-22 12:21:41,33.312
2026-03-22 12:23:08,33.812
2026-03-22 12:32:56,34.312
2026-03-22 12:56:09,34.812
2026-03-22 13:27:42,34.312
2026-03-22 13:28:58,36.0
2026-03-22 13:29:09,41.312
2026-03-22 13:29:20,42.437
2026-03-22 13:29:31,39.75
2026-03-22 13:29:42,36.5
2026-03-22 13:29:53,33.875
2026-03-22 13:30:04,31.812
2026-03-22 13:30:15,30.25
2026-03-22 13:30:25,29.125
2026-03-22 13:30:36,28.25
2026-03-22 13:30:47,27.562
2026-03-22 13:30:58,27.062
2026-03-22 13:31:20,26.312
2026-03-22 13:31:42,25.812
2026-03-22 13:32:14,25.312
2026-03-22 13:33:19,26.187
2026-03-22 13:33:30,27.937
2026-03-22 13:33:41,29.437
2026-03-22 13:33:52,30.5
2026-03-22 13:34:03,31.312
2026-03-22 13:34:14,31.937
2026-03-22 13:34:36,32.75
2026-03-22 13:34:57,33.25
2026-03-22 13:39:29,33.875
2026-03-22 13:40:02,34.437
2026-03-22 13:41:29,34.937
2026-03-22 14:21:34,33.625
2026-03-22 14:21:45,32.562
2026-03-22 14:21:56,31.812
2026-03-22 14:22:07,31.25
2026-03-22 14:22:29,30.625
2026-03-22 14:22:51,30.125
2026-03-22 14:23:34,29.625
2026-03-22 14:24:39,29.125
2026-03-22 14:26:17,28.625
2026-03-22 14:27:55,28.125
2026-03-22 14:29:55,27.625
2026-03-22 14:31:44,27.125
2026-03-22 14:33:54,26.625
2026-03-22 14:36:05,26.125
2026-03-22 14:38:26,25.625
2026-03-22 14:40:59,25.125
2026-03-22 14:43:42,24.625
2026-03-22 14:46:36,24.125
2026-03-22 14:49:52,23.625
2026-03-22 14:53:08,23.125
2026-03-22 14:56:46,22.625
2026-03-22 15:00:45,22.125
2026-03-22 15:05:28,21.625
2026-03-22 15:10:00,21.125
2026-03-22 15:15:27,20.625
2026-03-22 15:21:48,20.125
2026-03-22 15:28:41,19.625
2026-03-22 15:37:23,19.125
2026-03-22 15:49:21,19.625
2026-03-22 16:25:06,19.125
2026-03-22 16:41:14,18.625
2026-03-22 17:00:28,18.125
2026-03-22 17:28:56,17.625
2026-03-22 18:12:50,17.125
2026-03-22 18:18:16,17.625
2026-03-22 18:22:48,18.125
2026-03-22 18:30:58,18.625
2026-03-22 19:21:12,18.125
2026-03-22 19:50:24,17.625
2026-03-22 20:29:57,17.125
2026-03-22 20:52:15,17.625
2026-03-22 20:57:42,18.125
2026-03-22 21:10:14,18.625
2026-03-22 21:47:03,18.125
2026-03-22 22:15:09,17.625
2026-03-22 22:53:47,17.125
2026-03-22 23:24:15,17.625
2026-03-22 23:29:52,18.125
2026-03-22 23:42:02,18.625
2026-03-23 00:18:51,18.125
2026-03-23 00:45:09,17.625
2026-03-23 00:49:41,21.062
2026-03-23 00:49:51,24.687
2026-03-23 00:50:13,25.437
2026-03-23 00:50:24,26.187
2026-03-23 00:50:35,27.25
2026-03-23 00:50:46,28.5
2026-03-23 00:50:57,29.75
2026-03-23 00:51:08,30.625
2026-03-23 00:51:19,31.312
2026-03-23 00:51:29,31.812
2026-03-23 00:51:51,32.562
2026-03-23 00:52:24,33.187
2026-03-23 00:53:07,33.687
2026-03-23 00:54:24,34.25
2026-03-23 00:55:40,34.75
2026-03-23 02:53:22,34.25
2026-03-23 02:55:11,40.0
2026-03-23 02:55:22,42.687
2026-03-23 02:55:33,40.5
2026-03-23 02:55:44,37.062
2026-03-23 02:55:55,34.187
2026-03-23 02:56:06,31.875
2026-03-23 02:56:17,30.125
2026-03-23 02:56:27,28.812
2026-03-23 02:56:38,27.875
2026-03-23 02:56:49,27.125
2026-03-23 02:57:00,26.562
2026-03-23 02:57:11,26.062
2026-03-23 02:57:33,25.437
2026-03-23 02:57:54,24.937
2026-03-23 02:58:38,24.375
2026-03-23 02:59:22,24.875
2026-03-23 02:59:32,26.625
2026-03-23 02:59:43,28.25
2026-03-23 02:59:54,29.687
2026-03-23 03:00:05,30.875
2026-03-23 03:00:16,31.687
2026-03-23 03:00:27,32.312
2026-03-23 03:00:49,33.125
2026-03-23 03:01:10,33.625
2026-03-23 03:01:54,34.187
2026-03-23 03:03:21,34.687
2026-03-23 03:05:10,35.25
2026-03-23 06:13:14,35.75
2026-03-23 06:49:30,35.25
2026-03-23 06:51:08,34.75
2026-03-23 06:52:14,39.562
2026-03-23 06:52:25,43.25
2026-03-23 06:52:35,41.75
2026-03-23 06:52:46,38.562
2026-03-23 06:52:57,35.625
2026-03-23 06:53:08,33.312
2026-03-23 06:53:19,31.625
2026-03-23 06:53:30,30.312
2026-03-23 06:53:41,29.312
2026-03-23 06:53:52,28.562
2026-03-23 06:54:03,28.0
2026-03-23 06:54:24,27.187
2026-03-23 06:54:46,26.687
2026-03-23 06:55:19,26.125
2026-03-23 06:56:13,25.625
2026-03-23 06:56:24,26.187
2026-03-23 06:56:35,27.812
2026-03-23 06:56:46,29.5
2026-03-23 06:56:57,30.812
2026-03-23 06:57:08,31.812
2026-03-23 06:57:18,32.5
2026-03-23 06:57:29,33.0
2026-03-23 06:57:51,33.625
2026-03-23 06:58:24,34.187
2026-03-23 06:59:18,34.687
2026-03-23 07:01:40,35.187
2026-03-23 07:02:56,35.687
2026-03-23 07:42:17,35.187
2026-03-23 07:43:11,34.687
2026-03-23 07:44:17,34.187
2026-03-23 07:45:22,33.687
2026-03-23 07:46:27,33.125
2026-03-23 07:47:33,32.625
2026-03-23 07:48:49,32.125
2026-03-23 07:50:05,31.625
2026-03-23 07:51:21,31.125
2026-03-23 07:52:37,30.625
2026-03-23 07:54:04,30.125
2026-03-23 07:55:31,29.562
2026-03-23 07:56:58,29.062
2026-03-23 07:58:36,28.562
2026-03-23 08:00:15,28.062
2026-03-23 08:02:04,27.562
2026-03-23 08:03:53,27.062
2026-03-23 08:05:42,26.562
2026-03-23 08:07:41,26.062
2026-03-23 08:09:41,25.562
2026-03-23 08:12:02,25.062
2026-03-23 08:14:24,24.562
2026-03-23 08:16:45,24.062
2026-03-23 08:19:07,23.562
2026-03-23 08:21:39,23.062
2026-03-23 08:24:33,22.562
2026-03-23 08:27:27,22.062
2026-03-23 08:31:16,21.562
2026-03-23 08:34:21,21.062
2026-03-23 08:36:53,20.562
2026-03-23 08:39:26,20.062
2026-03-23 08:41:47,19.562
2026-03-23 08:45:03,19.062
2026-03-23 08:49:13,18.562
2026-03-23 08:53:13,18.062
2026-03-23 08:57:45,17.562
2026-03-23 09:03:22,17.062
2026-03-23 09:10:05,16.562
2026-03-23 09:13:36,34.687
2026-03-23 09:13:47,35.187
2026-03-23 09:21:19,35.937
2026-03-23 09:21:40,36.437
2026-03-23 09:22:24,37.0
2026-03-23 09:23:44,37.5
2026-03-23 09:24:05,38.562
2026-03-23 09:24:16,39.625
2026-03-23 09:24:27,38.625
2026-03-23 09:24:38,39.125
2026-03-23 09:24:49,39.937
2026-03-23 09:25:11,38.812
2026-03-23 09:25:22,37.562
2026-03-23 09:25:43,39.0
2026-03-23 09:25:54,38.187
2026-03-23 09:26:16,39.187
2026-03-23 09:26:27,37.75
2026-03-23 09:26:38,36.5
2026-03-23 09:26:49,35.687
2026-03-23 09:26:59,35.125
2026-03-23 09:27:21,34.375
2026-03-23 09:27:54,33.75
2026-03-23 09:30:26,33.25
2026-03-23 09:32:04,32.75
2026-03-23 09:34:26,32.25
2026-03-23 09:35:42,33.625
2026-03-23 09:35:53,39.562
2026-03-23 09:36:04,41.687
2026-03-23 09:36:15,39.312
2026-03-23 09:36:25,36.062
2026-03-23 09:36:36,33.375
2026-03-23 09:36:47,31.312
2026-03-23 09:36:58,29.875
2026-03-23 09:37:09,28.812
2026-03-23 09:37:20,28.0
2026-03-23 09:37:31,27.437
2026-03-23 09:37:42,26.937
2026-03-23 09:38:03,26.25
2026-03-23 09:38:36,25.625
2026-03-23 09:39:19,25.062
2026-03-23 09:40:03,25.75
2026-03-23 09:40:14,27.437
2026-03-23 09:40:25,29.0
2026-03-23 09:40:36,30.187
2026-03-23 09:40:47,31.062
2026-03-23 09:40:58,31.687
2026-03-23 09:41:19,32.562
2026-03-23 09:41:41,33.125
2026-03-23 09:43:19,33.625
2026-03-23 09:45:51,34.187
2026-03-23 09:46:24,34.812
2026-03-23 09:46:57,35.375
2026-03-23 09:48:35,35.875
2026-03-23 09:52:01,36.375
2026-03-23 09:56:44,35.875
2026-03-23 09:57:28,35.375
2026-03-23 11:14:00,35.875
2026-03-23 12:02:48,34.937
2026-03-23 12:02:59,33.875
2026-03-23 12:03:10,33.0
2026-03-23 12:03:21,32.437
2026-03-23 12:03:42,31.625
2026-03-23 12:04:04,31.125
2026-03-23 12:04:37,30.625
2026-03-23 12:05:42,30.062
2026-03-23 12:06:58,29.562
2026-03-23 12:08:36,29.062
2026-03-23 12:10:14,28.562
2026-03-23 12:12:03,28.062
2026-03-23 12:14:57,27.562
2026-03-23 12:17:18,27.062
2026-03-23 12:19:40,26.562
2026-03-23 12:22:56,26.062
2026-03-23 12:26:01,25.562
2026-03-23 12:29:17,25.062
2026-03-23 12:32:43,24.562
2026-03-23 12:36:21,24.062
2026-03-23 12:39:37,23.562
2026-03-23 12:43:36,23.062
2026-03-23 12:47:46,22.562
2026-03-23 12:52:18,22.062
2026-03-23 12:57:01,21.562
2026-03-23 13:02:06,21.062
2026-03-23 13:08:05,20.562
2026-03-23 13:14:37,20.062
2026-03-23 13:21:52,19.562
2026-03-23 13:30:13,19.062
2026-03-23 13:41:06,18.562
2026-03-23 13:54:53,18.062
2026-03-23 14:23:21,18.562
2026-03-23 15:09:36,18.062
2026-03-23 15:33:44,17.562
2026-03-23 16:22:53,18.062
2026-03-23 16:34:18,18.562
2026-03-23 17:34:10,18.062
2026-03-23 18:15:42,18.562
2026-03-23 18:29:51,19.062
2026-03-23 19:04:41,18.562
2026-03-23 19:28:48,18.062
2026-03-23 19:43:29,18.562
2026-03-23 19:52:34,19.062
2026-03-23 20:31:11,18.562
2026-03-23 20:49:52,18.062
2026-03-23 21:12:22,17.562
2026-03-23 21:43:12,18.062
2026-03-23 22:27:50,18.562
2026-03-23 22:37:15,19.062
2026-03-23 23:10:38,18.562
2026-03-23 23:26:03,18.062
2026-03-23 23:45:49,17.562
2026-03-24 00:14:06,18.062
2026-03-24 01:11:47,17.562
2026-03-24 01:38:38,17.062
2026-03-24 02:21:15,17.562
2026-03-24 02:31:46,18.062
2026-03-24 03:00:59,21.437
2026-03-24 03:01:10,26.437
2026-03-24 03:01:21,26.937
2026-03-24 03:01:31,26.375
2026-03-24 03:01:53,27.437
2026-03-24 03:02:04,28.375
2026-03-24 03:02:15,29.25
2026-03-24 03:02:26,29.875
2026-03-24 03:02:37,30.437
2026-03-24 03:02:59,31.125
2026-03-24 03:03:20,31.625
2026-03-24 03:04:04,32.187
2026-03-24 03:05:09,32.687
2026-03-24 03:06:58,33.25
2026-03-24 03:07:31,33.75
2026-03-24 03:08:03,34.312
2026-03-24 05:08:07,33.812
2026-03-24 05:09:45,33.312
2026-03-24 05:10:40,34.75
2026-03-24 05:10:50,40.687
2026-03-24 05:11:01,42.625
2026-03-24 05:11:12,39.937
2026-03-24 05:11:23,36.562
2026-03-24 05:11:34,33.687
2026-03-24 05:11:45,31.5
2026-03-24 05:11:56,29.812
2026-03-24 05:12:07,28.562
2026-03-24 05:12:17,27.625
2026-03-24 05:12:28,26.875
2026-03-24 05:12:39,26.312
2026-03-24 05:13:01,25.437
2026-03-24 05:13:23,24.937
2026-03-24 05:13:55,24.375
2026-03-24 05:15:01,25.0
2026-03-24 05:15:12,26.75
2026-03-24 05:15:23,28.312
2026-03-24 05:15:33,29.562
2026-03-24 05:15:44,30.375
2026-03-24 05:15:55,31.0
2026-03-24 05:16:17,31.812
2026-03-24 05:16:50,32.437
2026-03-24 05:17:44,32.937
2026-03-24 05:19:11,33.437
2026-03-24 05:20:49,34.0
2026-03-24 05:21:22,34.5
2026-03-24 06:25:01,33.187
2026-03-24 06:25:12,31.812
2026-03-24 06:25:23,30.25
2026-03-24 06:25:34,28.875
2026-03-24 06:25:45,27.875
2026-03-24 06:25:56,27.125
2026-03-24 06:26:06,26.562
2026-03-24 06:26:17,26.062
2026-03-24 06:26:39,25.437
2026-03-24 06:27:12,24.875
2026-03-24 06:28:06,24.375
2026-03-24 06:29:11,26.375
2026-03-24 06:29:22,28.062
2026-03-24 06:29:33,29.312
2026-03-24 06:29:44,30.25
2026-03-24 06:29:55,31.0
2026-03-24 06:30:06,31.562
2026-03-24 06:30:28,32.312
2026-03-24 06:31:00,32.875
2026-03-24 06:35:11,33.437
2026-03-24 06:35:43,33.937
2026-03-24 06:36:59,34.437
2026-03-24 07:30:51,34.937
2026-03-24 07:56:58,34.437
2026-03-24 07:58:36,33.937
2026-03-24 08:00:15,33.437
2026-03-24 08:00:59,38.562
2026-03-24 08:01:10,42.687
2026-03-24 08:01:20,41.312
2026-03-24 08:01:31,38.062
2026-03-24 08:01:42,35.0
2026-03-24 08:01:53,32.687
2026-03-24 08:02:04,30.875
2026-03-24 08:02:15,29.5
2026-03-24 08:02:26,28.5
2026-03-24 08:02:37,27.75
2026-03-24 08:02:47,27.125
2026-03-24 08:02:58,26.625
2026-03-24 08:03:20,25.937
2026-03-24 08:03:53,25.312
2026-03-24 08:04:36,24.812
2026-03-24 08:05:20,26.875
2026-03-24 08:05:31,28.625
2026-03-24 08:05:42,29.875
2026-03-24 08:05:53,30.812
2026-03-24 08:06:03,31.5
2026-03-24 08:06:14,32.0
2026-03-24 08:06:36,32.75
2026-03-24 08:06:58,33.25
2026-03-24 08:08:36,32.75
2026-03-24 08:10:57,33.25
2026-03-24 08:11:30,33.812
2026-03-24 08:12:03,34.375
2026-03-24 08:14:24,34.875
2026-03-24 09:40:55,35.375
2026-03-24 10:42:03,34.875
2026-03-24 10:43:41,34.375
2026-03-24 10:44:24,38.875
2026-03-24 10:44:35,43.187
2026-03-24 10:44:46,42.062
2026-03-24 10:44:57,38.937
2026-03-24 10:45:08,35.875
2026-03-24 10:45:18,33.5
2026-03-24 10:45:29,31.75
2026-03-24 10:45:40,30.375
2026-03-24 10:45:51,29.375
2026-03-24 10:46:02,28.562
2026-03-24 10:46:13,27.937
2026-03-24 10:46:35,27.125
2026-03-24 10:46:56,26.5
2026-03-24 10:47:29,26.0
2026-03-24 10:48:23,25.5
2026-03-24 10:48:45,27.5
2026-03-24 10:48:56,29.187
2026-03-24 10:49:07,30.5
2026-03-24 10:49:18,31.5
2026-03-24 10:49:29,32.187
2026-03-24 10:49:40,32.75
2026-03-24 10:51:28,33.25
2026-03-24 10:54:01,33.75
2026-03-24 10:54:44,34.312
2026-03-24 10:55:17,34.875
2026-03-24 10:56:22,35.375
2026-03-24 11:15:25,35.875
2026-03-24 12:33:03,36.375
2026-03-24 12:46:28,34.812
2026-03-24 12:46:39,33.75
2026-03-24 12:46:50,32.875
2026-03-24 12:47:01,32.312
2026-03-24 12:47:23,31.562
2026-03-24 12:47:45,31.062
2026-03-24 12:48:17,30.562
2026-03-24 12:49:22,30.0
2026-03-24 12:50:50,29.5
2026-03-24 12:52:17,29.0
2026-03-24 12:54:05,28.5
2026-03-24 12:55:54,28.0
2026-03-24 12:57:54,27.5
2026-03-24 12:59:54,27.0
2026-03-24 13:02:05,26.5
2026-03-24 13:04:48,26.0
2026-03-24 13:08:58,25.5
2026-03-24 13:12:57,25.0
2026-03-24 13:17:51,24.5
2026-03-24 13:22:34,24.0
2026-03-24 13:27:28,23.5
2026-03-24 13:32:11,23.0
2026-03-24 13:37:16,22.5
2026-03-24 13:42:42,22.0
2026-03-24 13:49:03,21.5
2026-03-24 13:55:56,21.0
2026-03-24 14:03:44,20.5
2026-03-24 14:12:48,20.0
2026-03-24 14:22:58,19.5
2026-03-24 14:35:07,19.0
2026-03-24 14:51:15,18.5
2026-03-24 15:19:22,19.0
2026-03-24 16:32:39,18.5
2026-03-24 17:20:10,19.0
2026-03-24 17:27:03,19.5
2026-03-24 18:17:50,19.0
2026-03-24 18:49:02,18.5
2026-03-24 19:26:46,19.0
2026-03-24 19:33:39,19.5
2026-03-24 20:09:12,19.0
2026-03-24 20:30:25,19.5
2026-03-24 21:19:01,19.0
2026-03-24 21:33:32,19.5
2026-03-24 21:35:53,20.0
2026-03-24 21:48:24,20.875
2026-03-24 21:48:35,27.125
2026-03-24 21:48:46,31.5
2026-03-24 21:48:57,30.687
2026-03-24 21:49:08,29.437
2026-03-24 21:49:40,30.375
2026-03-24 21:50:02,31.125
2026-03-24 21:50:24,31.625
2026-03-24 21:50:56,32.187
2026-03-24 21:55:07,32.75
2026-03-24 21:55:50,33.312
2026-03-24 22:00:33,32.25
2026-03-24 22:00:44,31.062
2026-03-24 22:00:55,30.187
2026-03-24 22:01:06,29.5
2026-03-24 22:01:28,28.687
2026-03-24 22:01:49,28.187
2026-03-24 22:02:33,27.625
2026-03-24 22:03:49,27.062
2026-03-24 22:05:38,26.562
2026-03-24 22:07:49,26.062
2026-03-24 22:10:10,25.562
2026-03-24 22:12:42,25.062
2026-03-24 22:15:36,24.562
2026-03-24 22:18:30,24.062
2026-03-24 22:21:35,23.562
2026-03-24 22:24:51,23.062
2026-03-24 22:28:40,22.562
2026-03-24 22:32:39,22.062
2026-03-24 22:37:11,21.562
2026-03-24 22:42:05,21.062
2026-03-24 22:47:53,20.562
2026-03-24 23:32:30,20.062
2026-03-24 23:46:39,19.562
2026-03-25 00:01:32,19.062
2026-03-25 00:21:29,18.562
2026-03-25 00:46:20,18.062
2026-03-25 00:52:08,18.562
2026-03-25 00:59:45,19.062
2026-03-25 02:05:14,18.562
2026-03-25 02:38:25,18.062
2026-03-25 03:02:11,18.562
2026-03-25 03:10:31,19.062
2026-03-25 03:19:46,19.937
2026-03-25 03:19:57,26.0
2026-03-25 03:20:08,30.125
2026-03-25 03:20:19,29.437
2026-03-25 03:20:30,28.5
2026-03-25 03:20:51,29.125
2026-03-25 03:21:02,29.75
2026-03-25 03:21:24,30.5
2026-03-25 03:21:57,31.062
2026-03-25 03:22:40,31.625
2026-03-25 03:24:18,32.125
2026-03-25 03:26:07,32.687
2026-03-25 03:27:01,33.187
2026-03-25 03:33:55,33.687
2026-03-25 03:48:25,34.187
2026-03-25 04:54:05,34.687
2026-03-25 05:03:42,34.187
2026-03-25 05:05:42,34.687
2026-03-25 05:42:31,35.187
2026-03-25 05:58:07,34.687
2026-03-25 06:02:07,35.187
2026-03-25 06:03:34,34.687
2026-03-25 06:11:21,35.187
2026-03-25 06:29:40,34.687
2026-03-25 06:31:08,34.187
2026-03-25 06:32:56,35.062
2026-03-25 06:33:07,40.875
2026-03-25 06:33:18,43.187
2026-03-25 06:33:29,40.75
2026-03-25 06:33:40,37.375
2026-03-25 06:33:51,34.375
2026-03-25 06:34:02,32.187
2026-03-25 06:34:13,30.437
2026-03-25 06:34:23,29.125
2026-03-25 06:34:34,28.187
2026-03-25 06:34:45,27.375
2026-03-25 06:34:56,26.812
2026-03-25 06:35:18,26.0
2026-03-25 06:35:40,25.437
2026-03-25 06:36:12,24.937
2026-03-25 06:36:56,24.437
2026-03-25 06:37:18,25.312
2026-03-25 06:37:28,27.062
2026-03-25 06:37:39,28.687
2026-03-25 06:37:50,29.937
2026-03-25 06:38:01,30.875
2026-03-25 06:38:12,31.625
2026-03-25 06:38:23,32.125
2026-03-25 06:38:45,32.75
2026-03-25 06:39:06,33.312
2026-03-25 06:40:12,32.812
2026-03-25 06:42:44,33.375
2026-03-25 06:43:38,34.0
2026-03-25 06:44:11,34.625
2026-03-25 06:51:37,35.125
2026-03-25 07:05:57,35.687
2026-03-25 07:09:57,35.187
2026-03-25 07:15:23,35.75
2026-03-25 07:18:06,35.25
2026-03-25 07:43:41,35.75
2026-03-25 09:09:39,36.25
2026-03-25 09:10:45,35.687
2026-03-25 09:12:01,35.187
2026-03-25 09:13:28,34.687
2026-03-25 09:14:55,39.875
2026-03-25 09:15:06,43.75
2026-03-25 09:15:17,42.25
2026-03-25 09:15:28,38.937
2026-03-25 09:15:38,35.937
2026-03-25 09:15:49,33.625
2026-03-25 09:16:00,31.812
2026-03-25 09:16:11,30.5
2026-03-25 09:16:22,29.437
2026-03-25 09:16:33,28.687
2026-03-25 09:16:44,28.062
2026-03-25 09:16:55,27.562
2026-03-25 09:17:16,26.875
2026-03-25 09:17:49,26.25
2026-03-25 09:18:33,25.687
2026-03-25 09:19:16,27.937
2026-03-25 09:19:27,29.687
2026-03-25 09:19:38,31.0
2026-03-25 09:19:49,31.75
2026-03-25 09:20:00,32.25
2026-03-25 09:20:21,32.75
2026-03-25 09:20:54,33.25
2026-03-25 09:21:38,33.75
2026-03-25 09:24:54,34.25
2026-03-25 09:25:15,34.812
2026-03-25 09:25:48,35.375
2026-03-25 09:27:59,35.875
2026-03-25 09:41:02,34.187
2026-03-25 09:41:13,32.562
2026-03-25 09:41:24,31.125
2026-03-25 09:41:35,29.937
2026-03-25 09:41:45,29.0
2026-03-25 09:41:56,28.312
2026-03-25 09:42:07,27.75
2026-03-25 09:42:29,27.0
2026-03-25 09:42:51,26.5
2026-03-25 09:43:34,25.937
2026-03-25 09:45:12,28.437
2026-03-25 09:45:23,30.312
2026-03-25 09:45:34,31.625
2026-03-25 09:45:45,32.5
2026-03-25 09:45:56,33.187
2026-03-25 09:46:07,33.75
2026-03-25 09:46:28,34.5
2026-03-25 09:47:01,35.062
2026-03-25 09:49:22,35.562
2026-03-25 09:52:06,36.062
2026-03-25 09:54:38,34.625
2026-03-25 09:54:49,33.0
2026-03-25 09:55:00,31.437
2026-03-25 09:55:11,30.187
2026-03-25 09:55:22,29.187
2026-03-25 09:55:32,28.375
2026-03-25 09:55:43,27.812
2026-03-25 09:56:05,27.0
2026-03-25 09:56:27,26.5
2026-03-25 09:56:59,26.0
2026-03-25 09:58:05,25.5
2026-03-25 09:58:48,27.687
2026-03-25 09:58:59,29.687
2026-03-25 09:59:10,31.25
2026-03-25 09:59:21,32.25
2026-03-25 09:59:32,33.0
2026-03-25 09:59:43,33.625
2026-03-25 09:59:54,34.25
2026-03-25 10:00:05,33.625
2026-03-25 10:00:16,32.25
2026-03-25 10:00:27,30.75
2026-03-25 10:00:38,29.5
2026-03-25 10:00:49,28.5
2026-03-25 10:01:00,27.75
2026-03-25 10:01:11,27.187
2026-03-25 10:01:32,26.437
2026-03-25 10:02:05,25.812
2026-03-25 10:03:10,25.312
2026-03-25 10:04:16,26.75
2026-03-25 10:04:27,28.937
2026-03-25 10:04:37,30.812
2026-03-25 10:04:48,32.062
2026-03-25 10:04:59,32.937
2026-03-25 10:05:10,33.562
2026-03-25 10:05:32,34.25
2026-03-25 10:06:04,34.812
2026-03-25 10:06:48,35.312
2026-03-25 10:07:21,34.5
2026-03-25 10:07:31,32.937
2026-03-25 10:07:42,31.375
2026-03-25 10:07:53,30.0
2026-03-25 10:08:04,29.0
2026-03-25 10:08:15,28.125
2026-03-25 10:08:26,27.562
2026-03-25 10:08:37,27.062
2026-03-25 10:08:59,26.437
2026-03-25 10:09:31,25.812
2026-03-25 10:10:26,25.312
2026-03-25 10:11:31,26.937
2026-03-25 10:11:42,29.187
2026-03-25 10:11:53,30.937
2026-03-25 10:12:04,32.062
2026-03-25 10:12:15,32.812
2026-03-25 10:12:25,33.437
2026-03-25 10:12:36,33.937
2026-03-25 10:12:47,34.437
2026-03-25 10:13:09,34.937
2026-03-25 10:13:42,35.437
2026-03-25 10:14:25,34.937
2026-03-25 10:14:36,33.375
2026-03-25 10:14:47,31.75
2026-03-25 10:14:58,30.312
2026-03-25 10:15:09,29.187
2026-03-25 10:15:19,28.25
2026-03-25 10:15:30,27.625
2026-03-25 10:15:41,27.062
2026-03-25 10:16:03,26.375
2026-03-25 10:16:36,25.812
2026-03-25 10:17:30,25.312
2026-03-25 10:18:35,26.125
2026-03-25 10:18:46,28.25
2026-03-25 10:18:57,30.25
2026-03-25 10:19:08,31.625
2026-03-25 10:19:19,32.75
2026-03-25 10:19:30,33.5
2026-03-25 10:19:41,34.062
2026-03-25 10:20:02,32.937
2026-03-25 10:20:13,31.375
2026-03-25 10:20:24,29.937
2026-03-25 10:20:35,28.75
2026-03-25 10:20:46,27.875
2026-03-25 10:20:57,27.187
2026-03-25 10:21:08,26.687
2026-03-25 10:21:30,26.0
2026-03-25 10:22:02,25.5
2026-03-25 10:23:18,25.0
2026-03-25 10:24:13,27.437
2026-03-25 10:24:24,29.5
2026-03-25 10:24:35,30.937
2026-03-25 10:24:45,31.937
2026-03-25 10:24:56,32.625
2026-03-25 10:25:07,33.187
2026-03-25 10:25:29,33.875
2026-03-25 10:25:51,34.375
2026-03-25 10:26:34,35.0
2026-03-25 10:27:18,35.562
2026-03-25 10:30:45,36.062
2026-03-25 10:31:06,35.5
2026-03-25 10:31:17,33.937
2026-03-25 10:31:28,32.25
2026-03-25 10:31:39,30.75
2026-03-25 10:31:50,29.562
2026-03-25 10:32:01,28.625
2026-03-25 10:32:12,27.875
2026-03-25 10:32:23,27.312
2026-03-25 10:32:44,26.562
2026-03-25 10:33:06,26.062
2026-03-25 10:33:50,25.5
2026-03-25 10:35:17,26.062
2026-03-25 10:35:28,28.125
2026-03-25 10:35:39,30.062
2026-03-25 10:35:49,31.312
2026-03-25 10:36:00,32.25
2026-03-25 10:36:11,32.937
2026-03-25 10:36:22,33.5
2026-03-25 10:36:33,34.0
2026-03-25 10:36:55,34.625
2026-03-25 10:37:49,35.187
2026-03-25 10:41:05,35.687
2026-03-25 10:52:20,36.187
2026-03-25 10:57:03,34.875
2026-03-25 10:57:14,33.312
2026-03-25 10:57:24,31.75
2026-03-25 10:57:35,30.437
2026-03-25 10:57:46,29.375
2026-03-25 10:57:57,28.562
2026-03-25 10:58:08,27.937
2026-03-25 10:58:19,27.437
2026-03-25 10:58:41,26.812
2026-03-25 10:59:13,26.187
2026-03-25 11:00:08,25.687
2026-03-25 11:01:13,27.187
2026-03-25 11:01:24,29.312
2026-03-25 11:01:35,30.875
2026-03-25 11:01:46,31.875
2026-03-25 11:01:57,32.625
2026-03-25 11:02:07,33.125
2026-03-25 11:02:29,33.812
2026-03-25 11:03:02,34.5
2026-03-25 11:03:45,35.0
2026-03-25 11:04:40,35.5
2026-03-25 11:06:50,36.0
2026-03-25 11:09:55,34.25
2026-03-25 11:10:06,32.562
2026-03-25 11:10:17,31.125
2026-03-25 11:10:28,29.937
2026-03-25 11:10:39,28.937
2026-03-25 11:10:50,28.25
2026-03-25 11:11:01,27.687
2026-03-25 11:11:22,26.937
2026-03-25 11:11:44,26.437
2026-03-25 11:12:17,25.937
2026-03-25 11:13:22,25.437
2026-03-25 11:13:55,26.187
2026-03-25 11:14:06,28.187
2026-03-25 11:14:16,30.062
2026-03-25 11:14:27,31.437
2026-03-25 11:14:38,32.375
2026-03-25 11:14:49,33.062
2026-03-25 11:15:00,33.562
2026-03-25 11:15:22,34.25
2026-03-25 11:16:05,34.812
2026-03-25 11:16:49,35.312
2026-03-25 11:18:05,35.812
2026-03-25 11:19:43,34.437
2026-03-25 11:19:54,32.812
2026-03-25 11:20:05,31.312
2026-03-25 11:20:16,30.062
2026-03-25 11:20:27,29.062
2026-03-25 11:20:37,28.312
2026-03-25 11:20:48,27.687
2026-03-25 11:21:10,26.937
2026-03-25 11:21:32,26.375
2026-03-25 11:22:15,25.812
2026-03-25 11:23:32,25.312
2026-03-25 11:23:42,25.875
2026-03-25 11:23:53,27.812
2026-03-25 11:24:04,29.875
2026-03-25 11:24:15,31.25
2026-03-25 11:24:26,32.25
2026-03-25 11:24:37,33.187
2026-03-25 11:24:48,33.75
2026-03-25 11:24:59,33.125
2026-03-25 11:25:09,31.75
2026-03-25 11:25:20,30.375
2026-03-25 11:25:31,29.187
2026-03-25 11:25:42,28.187
2026-03-25 11:25:53,27.5
2026-03-25 11:26:04,26.937
2026-03-25 11:26:26,26.25
2026-03-25 11:26:58,25.687
2026-03-25 11:28:03,25.187
2026-03-25 11:29:09,26.625
2026-03-25 11:29:20,28.75
2026-03-25 11:29:31,30.562
2026-03-25 11:29:41,31.875
2026-03-25 11:29:52,32.687
2026-03-25 11:30:03,33.312
2026-03-25 11:30:25,34.0
2026-03-25 11:30:47,34.562
2026-03-25 11:31:09,35.125
2026-03-25 11:32:25,35.625
2026-03-25 11:32:57,34.25
2026-03-25 11:33:08,32.562
2026-03-25 11:33:19,31.0
2026-03-25 11:33:30,29.75
2026-03-25 11:33:41,28.75
2026-03-25 11:33:52,28.0
2026-03-25 11:34:03,27.437
2026-03-25 11:34:24,26.625
2026-03-25 11:34:46,26.125
2026-03-25 11:35:30,25.562
2026-03-25 11:37:08,27.437
2026-03-25 11:37:19,29.5
2026-03-25 11:37:29,31.0
2026-03-25 11:37:40,32.0
2026-03-25 11:37:51,32.687
2026-03-25 11:38:02,33.187
2026-03-25 11:38:24,33.875
2026-03-25 11:38:46,34.562
2026-03-25 11:39:18,35.062
2026-03-25 11:40:45,35.562
2026-03-25 11:41:51,34.75
2026-03-25 11:42:02,33.125
2026-03-25 11:42:12,31.5
2026-03-25 11:42:23,30.125
2026-03-25 11:42:34,29.062
2026-03-25 11:42:45,28.25
2026-03-25 11:42:56,27.625
2026-03-25 11:43:07,27.125
2026-03-25 11:43:29,26.437
2026-03-25 11:44:01,25.875
2026-03-25 11:44:56,25.375
2026-03-25 11:46:01,26.937
2026-03-25 11:46:12,29.187
2026-03-25 11:46:23,30.812
2026-03-25 11:46:34,31.875
2026-03-25 11:46:44,32.562
2026-03-25 11:46:55,33.062
2026-03-25 11:47:17,33.75
2026-03-25 11:47:39,34.25
2026-03-25 11:48:11,34.812
2026-03-25 11:48:44,35.312
2026-03-25 11:50:55,35.812
2026-03-25 11:51:17,34.937
2026-03-25 11:51:27,33.375
2026-03-25 11:51:38,31.75
2026-03-25 11:51:49,30.375
2026-03-25 11:52:00,29.25
2026-03-25 11:52:11,28.375
2026-03-25 11:52:22,27.687
2026-03-25 11:52:44,26.875
2026-03-25 11:53:05,26.312
2026-03-25 11:53:38,25.812
2026-03-25 11:54:32,25.312
2026-03-25 11:56:43,24.812
2026-03-25 11:59:26,25.625
2026-03-25 11:59:37,32.875
2026-03-25 11:59:48,38.187
2026-03-25 11:59:59,37.562
2026-03-25 12:00:10,35.062
2026-03-25 12:00:21,32.687
2026-03-25 12:00:32,30.875
2026-03-25 12:00:43,29.5
2026-03-25 12:00:53,28.5
2026-03-25 12:01:04,27.75
2026-03-25 12:01:15,27.187
2026-03-25 12:01:37,26.375
2026-03-25 12:01:59,25.875
2026-03-25 12:02:42,25.312
2026-03-25 12:03:58,27.5
2026-03-25 12:04:09,29.187
2026-03-25 12:04:20,30.437
2026-03-25 12:04:31,31.437
2026-03-25 12:04:42,32.125
2026-03-25 12:04:53,32.625
2026-03-25 12:05:15,33.375
2026-03-25 12:09:14,33.875
2026-03-25 12:09:57,34.562
2026-03-25 12:10:41,35.125
2026-03-25 12:12:08,35.625
2026-03-25 12:17:45,34.062
2026-03-25 12:17:56,32.375
2026-03-25 12:18:07,30.937
2026-03-25 12:18:18,29.75
2026-03-25 12:18:29,28.812
2026-03-25 12:18:40,28.062
2026-03-25 12:18:51,27.5
2026-03-25 12:19:13,26.75
2026-03-25 12:19:45,26.062
2026-03-25 12:20:40,25.562
2026-03-25 12:21:45,26.125
2026-03-25 12:21:56,28.187
2026-03-25 12:22:07,30.062
2026-03-25 12:22:17,31.312
2026-03-25 12:22:28,32.187
2026-03-25 12:22:39,32.75
2026-03-25 12:23:01,33.5
2026-03-25 12:23:23,34.062
2026-03-25 12:23:55,34.562
2026-03-25 12:24:50,35.062
2026-03-25 12:26:49,35.625
2026-03-25 12:36:48,34.062
2026-03-25 12:36:59,32.437
2026-03-25 12:37:10,31.062
2026-03-25 12:37:21,29.812
2026-03-25 12:37:31,28.875
2026-03-25 12:37:42,28.187
2026-03-25 12:37:53,27.625
2026-03-25 12:38:15,26.875
2026-03-25 12:38:48,26.187
2026-03-25 12:39:42,25.687
2026-03-25 12:40:47,26.25
2026-03-25 12:40:58,28.312
2026-03-25 12:41:09,30.187
2026-03-25 12:41:20,31.437
2026-03-25 12:41:31,32.312
2026-03-25 12:41:42,32.937
2026-03-25 12:41:53,33.437
2026-03-25 12:42:14,34.062
2026-03-25 12:42:47,34.687
2026-03-25 12:43:31,35.187
2026-03-25 12:45:19,35.687
2026-03-25 12:46:03,34.75
2026-03-25 12:46:14,33.125
2026-03-25 12:46:25,31.562
2026-03-25 12:46:36,30.25
2026-03-25 12:46:46,29.187
2026-03-25 12:46:57,28.437
2026-03-25 12:47:08,27.812
2026-03-25 12:47:19,27.312
2026-03-25 12:47:41,26.687
2026-03-25 12:48:13,26.062
2026-03-25 12:49:08,25.562
2026-03-25 12:50:13,27.187
2026-03-25 12:50:24,29.25
2026-03-25 12:50:35,30.875
2026-03-25 12:50:46,32.0
2026-03-25 12:50:57,32.812
2026-03-25 12:51:08,33.437
2026-03-25 12:51:19,33.937
2026-03-25 12:51:40,34.562
2026-03-25 12:52:13,35.062
2026-03-25 12:54:56,35.562
2026-03-25 12:58:45,34.937
2026-03-25 12:58:56,33.312
2026-03-25 12:59:06,31.75
2026-03-25 12:59:17,30.437
2026-03-25 12:59:28,29.312
2026-03-25 12:59:39,28.5
2026-03-25 12:59:50,27.875
2026-03-25 13:00:01,27.375
2026-03-25 13:00:23,26.687
2026-03-25 13:00:55,26.062
2026-03-25 13:01:50,25.562
2026-03-25 13:02:55,27.125
2026-03-25 13:03:06,29.187
2026-03-25 13:03:17,30.75
2026-03-25 13:03:28,31.812
2026-03-25 13:03:39,32.5
2026-03-25 13:03:50,33.062
2026-03-25 13:04:11,33.75
2026-03-25 13:04:33,34.375
2026-03-25 13:04:55,35.0
2026-03-25 13:08:00,35.562
2026-03-25 13:09:05,36.062
2026-03-25 13:11:05,34.562
2026-03-25 13:11:16,32.937
2026-03-25 13:11:27,31.437
2026-03-25 13:11:37,30.125
2026-03-25 13:11:48,29.125
2026-03-25 13:11:59,28.375
2026-03-25 13:12:10,27.75
2026-03-25 13:12:32,26.937
2026-03-25 13:12:54,26.437
2026-03-25 13:13:26,25.937
2026-03-25 13:14:32,25.437
2026-03-25 13:15:15,27.687
2026-03-25 13:15:26,29.75
2026-03-25 13:15:37,31.25
2026-03-25 13:15:48,32.187
2026-03-25 13:15:59,32.875
2026-03-25 13:16:20,33.75
2026-03-25 13:16:42,34.562
2026-03-25 13:17:26,35.125
2026-03-25 13:18:42,35.625
2026-03-25 13:19:36,34.812
2026-03-25 13:19:47,33.187
2026-03-25 13:19:58,31.625
2026-03-25 13:20:09,30.25
2026-03-25 13:20:20,29.187
2026-03-25 13:20:31,28.375
2026-03-25 13:20:42,27.75
2026-03-25 13:20:52,27.25
2026-03-25 13:21:14,26.625
2026-03-25 13:21:47,26.062
2026-03-25 13:22:41,25.562
2026-03-25 13:23:47,27.062
2026-03-25 13:23:57,29.25
2026-03-25 13:24:08,30.937
2026-03-25 13:24:19,32.0
2026-03-25 13:24:30,32.75
2026-03-25 13:24:41,33.375
2026-03-25 13:25:03,34.25
2026-03-25 13:25:25,34.75
2026-03-25 13:25:35,33.75
2026-03-25 13:25:46,32.187
2026-03-25 13:25:57,30.687
2026-03-25 13:26:08,29.437
2026-03-25 13:26:19,28.5
2026-03-25 13:26:30,27.75
2026-03-25 13:26:41,27.187
2026-03-25 13:27:02,26.437
2026-03-25 13:27:24,25.937
2026-03-25 13:28:19,25.437
2026-03-25 13:29:46,27.25
2026-03-25 13:29:57,29.375
2026-03-25 13:30:07,30.875
2026-03-25 13:30:18,31.937
2026-03-25 13:30:29,32.75
2026-03-25 13:30:51,33.625
2026-03-25 13:31:13,34.25
2026-03-25 13:31:45,34.75
2026-03-25 13:32:51,35.375
2026-03-25 13:33:45,35.875
2026-03-25 13:48:26,35.312
2026-03-25 13:48:37,33.75
2026-03-25 13:48:48,32.125
2026-03-25 13:48:59,30.75
2026-03-25 13:49:10,29.625
2026-03-25 13:49:21,28.812
2026-03-25 13:49:32,28.125
2026-03-25 13:49:43,27.625
2026-03-25 13:50:04,26.875
2026-03-25 13:50:37,26.312
2026-03-25 13:51:21,25.812
2026-03-25 13:52:37,27.0
2026-03-25 13:52:48,29.125
2026-03-25 13:52:58,30.937
2026-03-25 13:53:09,32.187
2026-03-25 13:53:20,33.187
2026-03-25 13:53:31,33.812
2026-03-25 13:53:53,34.5
2026-03-25 13:54:25,35.187
2026-03-25 13:54:58,33.562
2026-03-25 13:55:09,32.0
2026-03-25 13:55:20,30.562
2026-03-25 13:55:31,29.375
2026-03-25 13:55:42,28.5
2026-03-25 13:55:53,27.875
2026-03-25 13:56:03,27.375
2026-03-25 13:56:25,26.625
2026-03-25 13:56:58,26.062
2026-03-25 13:57:52,25.562
2026-03-25 13:58:57,26.25
2026-03-25 13:59:08,28.437
2026-03-25 13:59:19,30.437
2026-03-25 13:59:30,31.875
2026-03-25 13:59:41,32.812
2026-03-25 13:59:52,33.375
2026-03-25 14:00:14,34.187
2026-03-25 14:00:36,34.812
2026-03-25 14:01:41,35.312
2026-03-25 14:02:25,35.812
2026-03-25 14:03:19,35.25
2026-03-25 14:03:30,33.75
2026-03-25 14:03:41,32.125
2026-03-25 14:03:52,30.687
2026-03-25 14:04:03,29.5
2026-03-25 14:04:13,28.625
2026-03-25 14:04:24,28.0
2026-03-25 14:04:35,27.437
2026-03-25 14:04:57,26.75
2026-03-25 14:05:19,26.25
2026-03-25 14:06:02,25.75
2026-03-25 14:07:29,26.437
2026-03-25 14:07:40,28.5
2026-03-25 14:07:51,30.312
2026-03-25 14:08:02,31.625
2026-03-25 14:08:13,32.562
2026-03-25 14:08:24,33.25
2026-03-25 14:08:35,33.75
2026-03-25 14:08:56,34.625
2026-03-25 14:09:29,35.125
2026-03-25 14:11:07,35.75
2026-03-25 14:11:50,34.687
2026-03-25 14:12:01,33.062
2026-03-25 14:12:12,31.5
2026-03-25 14:12:23,30.187
2026-03-25 14:12:34,29.125
2026-03-25 14:12:45,28.312
2026-03-25 14:12:56,27.687
2026-03-25 14:13:17,26.875
2026-03-25 14:13:39,26.312
2026-03-25 14:14:23,25.75
2026-03-25 14:16:01,27.062
2026-03-25 14:16:11,29.312
2026-03-25 14:16:22,31.187
2026-03-25 14:16:33,32.437
2026-03-25 14:16:44,33.25
2026-03-25 14:16:55,33.812
2026-03-25 14:17:17,34.562
2026-03-25 14:18:22,35.062
2026-03-25 14:19:38,35.562
2026-03-25 14:22:43,33.562
2026-03-25 14:22:54,31.937
2026-03-25 14:23:05,30.562
2026-03-25 14:23:16,29.437
2026-03-25 14:23:27,28.562
2026-03-25 14:23:38,27.937
2026-03-25 14:23:48,27.437
2026-03-25 14:24:10,26.75
2026-03-25 14:24:32,26.25
2026-03-25 14:25:16,25.75
2026-03-25 14:26:43,26.75
2026-03-25 14:26:53,28.875
2026-03-25 14:27:04,30.625
2026-03-25 14:27:15,31.75
2026-03-25 14:27:26,32.562
2026-03-25 14:27:37,33.125
2026-03-25 14:27:48,33.625
2026-03-25 14:28:10,34.312
2026-03-25 14:28:31,34.812
2026-03-25 14:29:04,35.312
2026-03-25 14:30:20,34.75
2026-03-25 14:30:31,33.187
2026-03-25 14:30:42,31.562
2026-03-25 14:30:53,30.187
2026-03-25 14:31:04,29.125
2026-03-25 14:31:15,28.312
2026-03-25 14:31:25,27.687
2026-03-25 14:31:36,27.187
2026-03-25 14:31:58,26.562
2026-03-25 14:32:31,26.0
2026-03-25 14:33:25,25.5
2026-03-25 14:34:30,27.0
2026-03-25 14:34:41,29.312
2026-03-25 14:34:52,31.125
2026-03-25 14:35:03,32.312
2026-03-25 14:35:14,33.062
2026-03-25 14:35:25,33.625
2026-03-25 14:35:47,34.312
2026-03-25 14:36:08,34.812
2026-03-25 14:36:52,35.437
2026-03-25 14:37:57,36.0
2026-03-25 14:42:08,34.812
2026-03-25 14:42:18,33.125
2026-03-25 14:42:29,31.562
2026-03-25 14:42:40,30.25
2026-03-25 14:42:51,29.187
2026-03-25 14:43:02,28.437
2026-03-25 14:43:13,27.812
2026-03-25 14:43:24,27.312
2026-03-25 14:43:45,26.687
2026-03-25 14:44:18,26.062
2026-03-25 14:45:13,25.562
2026-03-25 14:46:18,27.375
2026-03-25 14:46:29,29.5
2026-03-25 14:46:40,31.062
2026-03-25 14:46:50,32.125
2026-03-25 14:47:01,32.812
2026-03-25 14:47:12,33.375
2026-03-25 14:47:34,34.0
2026-03-25 14:48:07,34.562
2026-03-25 14:49:01,35.062
2026-03-25 14:51:44,35.562
2026-03-25 14:52:39,35.062
2026-03-25 14:52:50,33.562
2026-03-25 14:53:00,31.937
2026-03-25 14:53:11,30.5
2026-03-25 14:53:22,29.437
2026-03-25 14:53:33,28.562
2026-03-25 14:53:44,27.937
2026-03-25 14:53:55,27.437
2026-03-25 14:54:17,26.75
2026-03-25 14:54:49,26.125
2026-03-25 14:55:44,25.625
2026-03-25 14:57:32,25.125
2026-03-25 15:01:10,24.625
2026-03-25 15:01:21,27.125
2026-03-25 15:01:32,34.937
2026-03-25 15:01:43,38.312
2026-03-25 15:01:54,36.937
2026-03-25 15:02:05,34.437
2026-03-25 15:02:15,32.25
2026-03-25 15:02:26,30.562
2026-03-25 15:02:37,29.312
2026-03-25 15:02:48,28.375
2026-03-25 15:02:59,27.687
2026-03-25 15:03:10,27.187
2026-03-25 15:03:32,26.437
2026-03-25 15:04:04,25.812
2026-03-25 15:04:59,25.312
2026-03-25 15:05:42,26.437
2026-03-25 15:05:53,28.312
2026-03-25 15:06:04,30.0
2026-03-25 15:06:15,31.25
2026-03-25 15:06:26,32.062
2026-03-25 15:06:47,32.75
2026-03-25 15:07:31,33.25
2026-03-25 15:09:31,33.75
2026-03-25 15:11:31,34.25
2026-03-25 15:12:03,34.875
2026-03-25 15:12:36,35.437
2026-03-25 15:13:19,34.75
2026-03-25 15:13:30,33.125
2026-03-25 15:13:41,31.625
2026-03-25 15:13:52,30.25
2026-03-25 15:14:03,29.25
2026-03-25 15:14:14,28.437
2026-03-25 15:14:25,27.75
2026-03-25 15:14:46,26.937
2026-03-25 15:15:08,26.375
2026-03-25 15:15:41,25.875
2026-03-25 15:16:46,25.375
2026-03-25 15:17:30,27.0
2026-03-25 15:17:40,29.125
2026-03-25 15:17:51,30.875
2026-03-25 15:18:02,32.062
2026-03-25 15:18:13,32.812
2026-03-25 15:18:24,33.375
2026-03-25 15:18:46,34.062
2026-03-25 15:19:07,34.625
2026-03-25 15:19:51,35.187
2026-03-25 15:20:35,34.187
2026-03-25 15:20:46,32.5
2026-03-25 15:20:56,31.0
2026-03-25 15:21:07,29.75
2026-03-25 15:21:18,28.75
2026-03-25 15:21:29,28.0
2026-03-25 15:21:40,27.437
2026-03-25 15:22:02,26.687
2026-03-25 15:22:24,26.187
2026-03-25 15:23:07,25.687
2026-03-25 15:24:45,27.687
2026-03-25 15:24:56,29.812
2026-03-25 15:25:07,31.25
2026-03-25 15:25:18,32.25
2026-03-25 15:25:28,32.937
2026-03-25 15:25:39,33.5
2026-03-25 15:26:01,34.312
2026-03-25 15:26:34,34.937
2026-03-25 15:27:06,35.5
2026-03-25 15:27:17,34.75
2026-03-25 15:27:28,33.187
2026-03-25 15:27:39,31.625
2026-03-25 15:27:50,30.187
2026-03-25 15:28:01,29.062
2026-03-25 15:28:12,28.25
2026-03-25 15:28:23,27.562
2026-03-25 15:28:44,26.75
2026-03-25 15:29:06,26.187
2026-03-25 15:29:39,25.687
2026-03-25 15:31:06,25.187
2026-03-25 15:31:27,26.625
2026-03-25 15:31:38,29.0
2026-03-25 15:31:49,31.0
2026-03-25 15:32:00,32.25
2026-03-25 15:32:11,32.937
2026-03-25 15:32:22,33.5
2026-03-25 15:32:33,34.0
2026-03-25 15:32:55,34.687
2026-03-25 15:33:16,34.187
2026-03-25 15:33:27,32.687
2026-03-25 15:33:38,31.062
2026-03-25 15:33:49,29.75
2026-03-25 15:34:00,28.687
2026-03-25 15:34:11,27.875
2026-03-25 15:34:22,27.312
2026-03-25 15:34:32,26.812
2026-03-25 15:34:54,26.187
2026-03-25 15:35:27,25.625
2026-03-25 15:36:43,25.125
2026-03-25 15:37:27,26.625
2026-03-25 15:37:37,28.875
2026-03-25 15:37:48,30.687
2026-03-25 15:37:59,32.062
2026-03-25 15:38:10,33.062
2026-03-25 15:38:32,31.687
2026-03-25 15:38:43,30.25
2026-03-25 15:38:54,29.062
2026-03-25 15:39:04,28.062
2026-03-25 15:39:15,27.375
2026-03-25 15:39:26,26.812
2026-03-25 15:39:48,26.062
2026-03-25 15:40:21,25.5
2026-03-25 15:41:26,25.0
2026-03-25 15:42:31,26.125
2026-03-25 15:42:42,28.312
2026-03-25 15:42:53,30.312
2026-03-25 15:43:04,31.562
2026-03-25 15:43:15,32.437
2026-03-25 15:43:26,33.0
2026-03-25 15:43:36,33.5
2026-03-25 15:43:47,34.0
2026-03-25 15:44:09,34.562
2026-03-25 15:44:53,35.125
2026-03-25 15:45:25,35.625
2026-03-25 15:45:36,35.0
2026-03-25 15:45:47,33.5
2026-03-25 15:45:58,31.875
2026-03-25 15:46:09,30.437
2026-03-25 15:46:20,29.25
2026-03-25 15:46:31,28.312
2026-03-25 15:46:41,27.625
2026-03-25 15:46:52,27.125
2026-03-25 15:47:14,26.375
2026-03-25 15:47:47,25.75
2026-03-25 15:48:41,25.25
2026-03-25 15:49:46,25.937
2026-03-25 15:49:57,28.062
2026-03-25 15:50:08,30.062
2026-03-25 15:50:19,31.375
2026-03-25 15:50:30,32.25
2026-03-25 15:50:41,32.875
2026-03-25 15:50:52,33.375
2026-03-25 15:51:14,34.187
2026-03-25 15:51:35,34.812
2026-03-25 15:52:51,35.312
2026-03-25 15:53:13,33.812
2026-03-25 15:53:24,32.625
2026-03-25 15:53:35,31.75
2026-03-25 15:53:46,31.125
2026-03-25 15:54:08,30.312
2026-03-25 15:54:40,29.687
2026-03-25 15:55:35,29.125
2026-03-25 15:57:02,28.625
2026-03-25 15:59:01,28.125
2026-03-25 16:01:12,27.625
2026-03-25 16:03:23,27.125
2026-03-25 16:05:55,26.625
2026-03-25 16:08:27,26.125
2026-03-25 16:11:11,25.625
2026-03-25 16:13:54,25.125
2026-03-25 16:16:59,24.625
2026-03-25 16:20:15,24.125
2026-03-25 16:23:41,23.625
2026-03-25 16:27:52,23.125
2026-03-25 16:40:11,22.625
2026-03-25 16:52:20,22.125
2026-03-25 17:02:30,21.625
2026-03-25 17:12:29,21.125
2026-03-25 17:24:05,20.625
2026-03-25 17:36:58,20.125
2026-03-25 17:51:50,19.625
2026-03-25 18:08:42,19.125
2026-03-25 18:32:17,19.625
2026-03-25 19:22:10,19.125
2026-03-25 19:52:05,18.625
2026-03-25 20:09:41,19.125
2026-03-25 20:19:18,19.625
2026-03-25 21:01:45,19.125
2026-03-25 21:20:36,18.625
2026-03-25 21:44:33,18.125
2026-03-25 22:12:07,18.625
2026-03-25 22:30:59,19.125
2026-03-25 22:56:22,18.625
2026-03-25 23:15:14,19.125
2026-03-26 00:14:32,18.625
2026-03-26 00:40:28,18.125
2026-03-26 01:02:48,18.625
2026-03-26 02:18:37,18.125
2026-03-26 03:00:52,17.625
2026-03-26 03:13:56,18.125
2026-03-26 03:24:05,18.625
2026-03-26 03:57:06,22.625
2026-03-26 03:57:17,27.25
2026-03-26 03:58:00,28.062
2026-03-26 03:58:11,28.812
2026-03-26 03:58:22,29.5
2026-03-26 03:58:33,30.0
2026-03-26 03:58:54,30.75
2026-03-26 03:59:27,31.25
2026-03-26 04:01:49,31.75
2026-03-26 04:03:27,32.25
2026-03-26 04:04:10,32.75
2026-03-26 04:04:43,33.312
2026-03-26 04:09:15,33.812
2026-03-26 04:18:41,34.312
2026-03-26 05:14:22,34.812
2026-03-26 06:23:17,35.312
2026-03-26 06:28:11,34.812
2026-03-26 06:29:38,34.312
2026-03-26 06:30:54,39.937
2026-03-26 06:31:05,43.75
2026-03-26 06:31:16,42.125
2026-03-26 06:31:27,38.687
2026-03-26 06:31:37,35.5
2026-03-26 06:31:48,33.0
2026-03-26 06:31:59,31.062
2026-03-26 06:32:10,29.625
2026-03-26 06:32:21,28.562
2026-03-26 06:32:32,27.625
2026-03-26 06:32:43,27.0
2026-03-26 06:32:54,26.5
2026-03-26 06:33:15,25.812
2026-03-26 06:33:37,25.25
2026-03-26 06:34:10,24.75
2026-03-26 06:35:15,26.687
2026-03-26 06:35:26,28.375
2026-03-26 06:35:37,29.75
2026-03-26 06:35:48,30.75
2026-03-26 06:35:59,31.5
2026-03-26 06:36:09,32.187
2026-03-26 06:36:31,33.0
2026-03-26 06:40:41,33.562
2026-03-26 06:41:14,34.062
2026-03-26 06:41:36,34.625
2026-03-26 06:42:09,35.187
2026-03-26 06:47:02,35.75
2026-03-26 07:09:32,36.25
2026-03-26 07:14:26,35.75
2026-03-26 07:18:47,36.25
2026-03-26 07:23:30,35.75
2026-03-26 07:30:45,36.25
2026-03-26 07:38:11,35.25
2026-03-26 07:38:22,33.5
2026-03-26 07:38:33,31.812
2026-03-26 07:38:44,30.375
2026-03-26 07:38:55,29.187
2026-03-26 07:39:05,28.375
2026-03-26 07:39:16,27.687
2026-03-26 07:39:27,27.125
2026-03-26 07:39:49,26.375
2026-03-26 07:40:22,25.75
2026-03-26 07:41:05,25.25
2026-03-26 07:42:21,26.687
2026-03-26 07:42:32,28.812
2026-03-26 07:42:43,30.625
2026-03-26 07:42:54,31.75
2026-03-26 07:43:05,32.562
2026-03-26 07:43:16,33.187
2026-03-26 07:43:27,33.75
2026-03-26 07:43:48,34.437
2026-03-26 07:44:21,34.937
2026-03-26 07:45:15,35.437
2026-03-26 07:49:37,35.937
2026-03-26 08:10:17,36.437
2026-03-26 08:28:58,34.625
2026-03-26 08:29:09,32.937
2026-03-26 08:29:20,31.375
2026-03-26 08:29:30,30.125
2026-03-26 08:29:41,29.062
2026-03-26 08:29:52,28.312
2026-03-26 08:30:03,27.75
2026-03-26 08:30:14,27.25
2026-03-26 08:30:36,26.562
2026-03-26 08:31:08,26.0
2026-03-26 08:32:03,25.5
2026-03-26 08:32:57,26.0
2026-03-26 08:33:08,28.0
2026-03-26 08:33:19,30.062
2026-03-26 08:33:30,31.5
2026-03-26 08:33:41,32.5
2026-03-26 08:33:52,33.25
2026-03-26 08:34:03,33.812
2026-03-26 08:34:24,34.5
2026-03-26 08:34:57,35.062
2026-03-26 08:35:40,35.562
2026-03-26 08:37:18,36.062
2026-03-26 08:41:39,34.687
2026-03-26 08:41:50,33.0
2026-03-26 08:42:01,31.437
2026-03-26 08:42:12,30.125
2026-03-26 08:42:23,29.125
2026-03-26 08:42:34,28.312
2026-03-26 08:42:45,27.687
2026-03-26 08:42:56,27.187
2026-03-26 08:43:17,26.562
2026-03-26 08:43:39,26.062
2026-03-26 08:44:23,25.562
2026-03-26 08:45:50,27.812
2026-03-26 08:46:01,29.937
2026-03-26 08:46:12,31.5
2026-03-26 08:46:22,32.5
2026-03-26 08:46:33,33.25
2026-03-26 08:46:44,33.812
2026-03-26 08:46:55,34.312
2026-03-26 08:47:17,34.937
2026-03-26 08:48:11,35.5
2026-03-26 08:49:06,34.187
2026-03-26 08:49:17,32.5
2026-03-26 08:49:27,30.937
2026-03-26 08:49:38,29.687
2026-03-26 08:49:49,28.687
2026-03-26 08:50:00,27.875
2026-03-26 08:50:11,27.312
2026-03-26 08:50:33,26.562
2026-03-26 08:50:54,26.062
2026-03-26 08:51:27,25.562
2026-03-26 08:52:43,25.062
2026-03-26 08:55:16,24.562
2026-03-26 08:57:48,30.375
2026-03-26 08:57:59,37.187
2026-03-26 08:58:10,38.062
2026-03-26 08:58:21,36.0
2026-03-26 08:58:31,33.562
2026-03-26 08:58:42,31.625
2026-03-26 08:58:53,30.062
2026-03-26 08:59:04,28.937
2026-03-26 08:59:15,28.125
2026-03-26 08:59:26,27.437
2026-03-26 08:59:37,26.937
2026-03-26 08:59:59,26.25
2026-03-26 09:00:31,25.625
2026-03-26 09:01:26,25.125
2026-03-26 09:02:09,27.125
2026-03-26 09:02:20,29.062
2026-03-26 09:02:31,30.5
2026-03-26 09:02:42,31.375
2026-03-26 09:02:53,32.0
2026-03-26 09:03:15,32.625
2026-03-26 09:03:58,33.187
2026-03-26 09:04:31,33.812
2026-03-26 09:06:30,34.312
2026-03-26 09:08:08,34.875
2026-03-26 09:08:30,35.375
2026-03-26 09:08:52,35.875
2026-03-26 09:09:35,36.375
2026-03-26 09:12:08,35.0
2026-03-26 09:12:19,33.312
2026-03-26 09:12:29,31.625
2026-03-26 09:12:40,30.25
2026-03-26 09:12:51,29.187
2026-03-26 09:13:02,28.312
2026-03-26 09:13:13,27.687
2026-03-26 09:13:24,27.187
2026-03-26 09:13:46,26.5
2026-03-26 09:14:18,25.875
2026-03-26 09:15:13,25.312
2026-03-26 09:16:18,27.625
2026-03-26 09:16:29,29.875
2026-03-26 09:16:40,31.5
2026-03-26 09:16:51,32.687
2026-03-26 09:17:01,33.562
2026-03-26 09:17:12,34.25
2026-03-26 09:17:23,34.75
2026-03-26 09:17:34,34.25
2026-03-26 09:17:45,32.812
2026-03-26 09:17:56,31.25
2026-03-26 09:18:07,29.812
2026-03-26 09:18:18,28.75
2026-03-26 09:18:28,27.875
2026-03-26 09:18:39,27.187
2026-03-26 09:19:01,26.375
2026-03-26 09:19:23,25.812
2026-03-26 09:20:06,25.312
2026-03-26 09:21:44,26.062
2026-03-26 09:21:55,28.375
2026-03-26 09:22:06,30.437
2026-03-26 09:22:17,31.875
2026-03-26 09:22:28,32.812
2026-03-26 09:22:39,33.5
2026-03-26 09:22:50,34.062
2026-03-26 09:23:01,34.75
2026-03-26 09:23:23,33.312
2026-03-26 09:23:34,31.687
2026-03-26 09:23:45,30.187
2026-03-26 09:23:56,29.0
2026-03-26 09:24:07,28.062
2026-03-26 09:24:18,27.312
2026-03-26 09:24:29,26.812
2026-03-26 09:24:50,26.062
2026-03-26 09:25:23,25.5
2026-03-26 09:26:28,24.937
2026-03-26 09:27:23,25.75
2026-03-26 09:27:33,27.875
2026-03-26 09:27:44,29.937
2026-03-26 09:27:55,31.437
2026-03-26 09:28:06,32.5
2026-03-26 09:28:17,33.25
2026-03-26 09:28:28,33.812
2026-03-26 09:28:39,34.312
2026-03-26 09:28:50,34.875
2026-03-26 09:29:11,33.437
2026-03-26 09:29:22,31.75
2026-03-26 09:29:33,30.25
2026-03-26 09:29:44,29.0
2026-03-26 09:29:55,28.062
2026-03-26 09:30:06,27.312
2026-03-26 09:30:17,26.75
2026-03-26 09:30:39,26.062
2026-03-26 09:31:00,25.562
2026-03-26 09:31:44,25.062
2026-03-26 09:33:22,27.687
2026-03-26 09:33:33,30.187
2026-03-26 09:33:43,32.0
2026-03-26 09:34:05,30.937
2026-03-26 09:34:16,29.625
2026-03-26 09:34:27,28.437
2026-03-26 09:34:38,27.562
2026-03-26 09:34:49,26.812
2026-03-26 09:35:00,26.312
2026-03-26 09:35:21,25.625
2026-03-26 09:35:54,25.062
2026-03-26 09:37:32,24.562
2026-03-26 09:38:05,26.187
2026-03-26 09:38:15,28.75
2026-03-26 09:38:26,31.062
2026-03-26 09:38:37,32.25
2026-03-26 09:38:48,31.625
2026-03-26 09:38:59,30.312
2026-03-26 09:39:10,29.0
2026-03-26 09:39:21,27.937
2026-03-26 09:39:32,27.062
2026-03-26 09:39:43,26.5
2026-03-26 09:40:04,25.687
2026-03-26 09:40:37,25.062
2026-03-26 09:41:53,24.562
2026-03-26 09:42:59,26.937
2026-03-26 09:43:09,29.312
2026-03-26 09:43:20,31.125
2026-03-26 09:43:31,32.375
2026-03-26 09:43:42,33.187
2026-03-26 09:43:53,33.687
2026-03-26 09:44:15,34.5
2026-03-26 09:44:36,35.0
2026-03-26 09:45:09,35.5
2026-03-26 09:46:14,36.0
2026-03-26 09:46:36,36.5
2026-03-26 09:48:25,37.0
2026-03-26 09:48:47,35.937
2026-03-26 09:48:58,34.062
2026-03-26 09:49:08,32.25
2026-03-26 09:49:19,30.687
2026-03-26 09:49:30,29.437
2026-03-26 09:49:41,28.437
2026-03-26 09:49:52,27.687
2026-03-26 09:50:03,27.125
2026-03-26 09:50:14,26.625
2026-03-26 09:50:36,26.062
2026-03-26 09:51:08,25.5
2026-03-26 09:52:03,25.0
2026-03-26 09:52:57,26.562
2026-03-26 09:53:08,28.937
2026-03-26 09:53:19,31.062
2026-03-26 09:53:30,32.562
2026-03-26 09:53:41,33.5
2026-03-26 09:53:51,34.187
2026-03-26 09:54:13,34.875
2026-03-26 09:54:35,35.375
2026-03-26 09:55:08,36.062
2026-03-26 09:55:29,35.187
2026-03-26 09:55:40,33.5
2026-03-26 09:55:51,31.687
2026-03-26 09:56:02,30.187
2026-03-26 09:56:13,29.0
2026-03-26 09:56:24,28.062
2026-03-26 09:56:35,27.312
2026-03-26 09:56:46,26.812
2026-03-26 09:57:07,26.125
2026-03-26 09:57:29,25.625
2026-03-26 09:58:13,25.125
2026-03-26 09:59:40,26.312
2026-03-26 09:59:51,28.625
2026-03-26 10:00:02,30.625
2026-03-26 10:00:13,31.875
2026-03-26 10:00:23,32.812
2026-03-26 10:00:34,33.5
2026-03-26 10:00:45,34.062
2026-03-26 10:00:56,34.687
2026-03-26 10:01:07,35.25
2026-03-26 10:01:29,34.687
2026-03-26 10:01:40,33.0
2026-03-26 10:01:51,31.25
2026-03-26 10:02:01,29.812
2026-03-26 10:02:12,28.625
2026-03-26 10:02:23,27.75
2026-03-26 10:02:34,27.062
2026-03-26 10:02:56,26.187
2026-03-26 10:03:18,25.687
2026-03-26 10:03:50,25.187
2026-03-26 10:05:06,24.687
2026-03-26 10:05:39,26.312
2026-03-26 10:05:50,28.625
2026-03-26 10:06:01,30.562
2026-03-26 10:06:12,31.875
2026-03-26 10:06:23,32.75
2026-03-26 10:06:33,33.5
2026-03-26 10:06:44,34.062
2026-03-26 10:07:06,34.75
2026-03-26 10:07:28,35.375
2026-03-26 10:07:50,36.0
2026-03-26 10:08:33,33.875
2026-03-26 10:08:44,32.062
2026-03-26 10:08:55,30.5
2026-03-26 10:09:06,29.187
2026-03-26 10:09:17,28.25
2026-03-26 10:09:28,27.5
2026-03-26 10:09:38,26.937
2026-03-26 10:10:00,26.125
2026-03-26 10:10:33,25.5
2026-03-26 10:11:16,25.0
2026-03-26 10:12:33,26.062
2026-03-26 10:12:43,28.375
2026-03-26 10:12:54,30.625
2026-03-26 10:13:05,32.25
2026-03-26 10:13:16,33.312
2026-03-26 10:13:27,33.937
2026-03-26 10:13:38,34.437
2026-03-26 10:14:00,34.937
2026-03-26 10:14:21,35.5
2026-03-26 10:14:43,36.062
2026-03-26 10:14:54,35.062
2026-03-26 10:15:05,33.312
2026-03-26 10:15:16,31.562
2026-03-26 10:15:27,30.0
2026-03-26 10:15:37,28.812
2026-03-26 10:15:48,27.937
2026-03-26 10:15:59,27.187
2026-03-26 10:16:10,26.687
2026-03-26 10:16:32,26.0
2026-03-26 10:17:05,25.375
2026-03-26 10:17:59,24.875
2026-03-26 10:19:04,26.312
2026-03-26 10:19:15,28.75
2026-03-26 10:19:26,30.812
2026-03-26 10:19:37,32.187
2026-03-26 10:19:48,33.125
2026-03-26 10:19:59,33.75
2026-03-26 10:20:20,34.687
2026-03-26 10:20:42,35.562
2026-03-26 10:21:04,36.062
2026-03-26 10:21:15,34.937
2026-03-26 10:21:26,33.125
2026-03-26 10:21:37,31.375
2026-03-26 10:21:47,29.875
2026-03-26 10:21:58,28.687
2026-03-26 10:22:09,27.812
2026-03-26 10:22:20,27.125
2026-03-26 10:22:31,26.625
2026-03-26 10:22:53,25.875
2026-03-26 10:23:25,25.312
2026-03-26 10:24:20,24.812
2026-03-26 10:25:25,26.75
2026-03-26 10:25:36,29.187
2026-03-26 10:25:47,31.062
2026-03-26 10:25:58,32.375
2026-03-26 10:26:09,33.25
2026-03-26 10:26:19,34.062
2026-03-26 10:26:30,34.687
2026-03-26 10:26:52,35.375
2026-03-26 10:27:47,35.875
2026-03-26 10:28:08,36.375
2026-03-26 10:28:19,35.75
2026-03-26 10:28:30,34.125
2026-03-26 10:28:41,32.25
2026-03-26 10:28:52,30.625
2026-03-26 10:29:03,29.312
2026-03-26 10:29:14,28.312
2026-03-26 10:29:24,27.562
2026-03-26 10:29:35,26.937
2026-03-26 10:29:57,26.125
2026-03-26 10:30:30,25.5
2026-03-26 10:31:13,25.0
2026-03-26 10:32:30,25.75
2026-03-26 10:32:40,28.125
2026-03-26 10:32:51,30.437
2026-03-26 10:33:02,32.062
2026-03-26 10:33:13,33.312
2026-03-26 10:33:24,34.125
2026-03-26 10:33:35,34.75
2026-03-26 10:33:46,35.312
2026-03-26 10:34:07,34.437
2026-03-26 10:34:18,32.625
2026-03-26 10:34:29,30.937
2026-03-26 10:34:40,29.5
2026-03-26 10:34:51,28.375
2026-03-26 10:35:02,27.5
2026-03-26 10:35:13,26.875
2026-03-26 10:35:24,26.375
2026-03-26 10:35:45,25.75
2026-03-26 10:36:07,25.25
2026-03-26 10:37:12,24.75
2026-03-26 10:38:18,26.562
2026-03-26 10:38:29,28.875
2026-03-26 10:38:40,30.687
2026-03-26 10:38:50,31.875
2026-03-26 10:39:01,32.75
2026-03-26 10:39:12,33.562
2026-03-26 10:39:23,34.25
2026-03-26 10:39:34,34.75
2026-03-26 10:39:56,35.25
2026-03-26 10:40:39,35.75
2026-03-26 10:41:12,36.375
2026-03-26 10:41:34,34.937
2026-03-26 10:41:44,33.0
2026-03-26 10:41:55,31.312
2026-03-26 10:42:06,29.875
2026-03-26 10:42:17,28.75
2026-03-26 10:42:28,27.875
2026-03-26 10:42:39,27.187
2026-03-26 10:42:50,26.687
2026-03-26 10:43:11,26.0
2026-03-26 10:43:44,25.375
2026-03-26 10:44:39,24.875
2026-03-26 10:45:44,27.062
2026-03-26 10:45:55,29.562
2026-03-26 10:46:06,31.437
2026-03-26 10:46:16,32.75
2026-03-26 10:46:27,33.687
2026-03-26 10:46:38,34.375
2026-03-26 10:46:49,34.937
2026-03-26 10:47:11,35.437
2026-03-26 10:47:54,35.937
2026-03-26 10:49:11,36.437
2026-03-26 10:49:32,35.937
2026-03-26 10:49:43,34.25
2026-03-26 10:49:54,32.437
2026-03-26 10:50:05,30.75
2026-03-26 10:50:16,29.437
2026-03-26 10:50:27,28.437
2026-03-26 10:50:38,27.687
2026-03-26 10:50:49,27.062
2026-03-26 10:51:10,26.25
2026-03-26 10:51:32,25.75
2026-03-26 10:52:05,25.25
2026-03-26 10:53:21,24.75
2026-03-26 10:53:43,25.75
2026-03-26 10:53:54,27.937
2026-03-26 10:54:04,30.062
2026-03-26 10:54:15,31.562
2026-03-26 10:54:26,32.562
2026-03-26 10:54:37,33.25
2026-03-26 10:54:59,34.062
2026-03-26 10:55:21,34.625
2026-03-26 10:56:04,35.25
2026-03-26 10:56:26,35.812
2026-03-26 10:56:48,36.312
2026-03-26 10:58:36,36.812
2026-03-26 10:59:42,36.312
2026-03-26 10:59:53,34.75
2026-03-26 11:00:04,32.875
2026-03-26 11:00:14,31.25
2026-03-26 11:00:25,29.875
2026-03-26 11:00:36,28.812
2026-03-26 11:00:47,28.0
2026-03-26 11:00:58,27.375
2026-03-26 11:01:09,26.875
2026-03-26 11:01:31,26.187
2026-03-26 11:02:03,25.562
2026-03-26 11:02:58,25.062
2026-03-26 11:03:52,25.625
2026-03-26 11:04:03,27.812
2026-03-26 11:04:14,30.125
2026-03-26 11:04:25,31.875
2026-03-26 11:04:36,32.937
2026-03-26 11:04:46,33.687
2026-03-26 11:04:57,34.312
2026-03-26 11:05:08,34.812
2026-03-26 11:05:30,35.437
2026-03-26 11:06:24,35.937
2026-03-26 11:07:41,36.5
2026-03-26 11:08:35,37.0
2026-03-26 11:09:18,36.5
2026-03-26 11:10:24,34.562
2026-03-26 11:10:35,32.75
2026-03-26 11:10:46,31.125
2026-03-26 11:10:57,29.812
2026-03-26 11:11:07,28.812
2026-03-26 11:11:18,28.0
2026-03-26 11:11:29,27.375
2026-03-26 11:11:51,26.562
2026-03-26 11:12:13,26.062
2026-03-26 11:12:45,25.5
2026-03-26 11:13:51,25.0
2026-03-26 11:14:23,25.812
2026-03-26 11:14:34,28.062
2026-03-26 11:14:45,30.25
2026-03-26 11:14:56,31.937
2026-03-26 11:15:07,33.187
2026-03-26 11:15:29,32.187
2026-03-26 11:15:39,30.687
2026-03-26 11:15:50,29.375
2026-03-26 11:16:01,28.25
2026-03-26 11:16:12,27.437
2026-03-26 11:16:23,26.812
2026-03-26 11:16:34,26.312
2026-03-26 11:16:56,25.687
2026-03-26 11:17:28,25.125
2026-03-26 11:19:06,24.625
2026-03-26 11:19:28,25.437
2026-03-26 11:19:39,27.687
2026-03-26 11:19:50,30.062
2026-03-26 11:20:01,31.812
2026-03-26 11:20:11,33.0
2026-03-26 11:20:22,33.687
2026-03-26 11:20:33,34.187
2026-03-26 11:20:55,34.875
2026-03-26 11:21:28,35.375
2026-03-26 11:22:44,36.0
2026-03-26 11:23:05,34.687
2026-03-26 11:23:16,32.875
2026-03-26 11:23:27,31.187
2026-03-26 11:23:38,29.812
2026-03-26 11:23:49,28.687
2026-03-26 11:24:00,27.875
2026-03-26 11:24:11,27.25
2026-03-26 11:24:22,26.75
2026-03-26 11:24:43,26.062
2026-03-26 11:25:16,25.437
2026-03-26 11:26:11,24.937
2026-03-26 11:28:10,24.437
2026-03-26 11:31:48,23.937
2026-03-26 11:32:20,27.062
2026-03-26 11:32:31,35.375
2026-03-26 11:32:42,38.875
2026-03-26 11:32:53,37.375
2026-03-26 11:33:04,34.812
2026-03-26 11:33:15,32.5
2026-03-26 11:33:26,30.75
2026-03-26 11:33:37,29.375
2026-03-26 11:33:47,28.375
2026-03-26 11:33:58,27.562
2026-03-26 11:34:09,27.0
2026-03-26 11:34:31,26.187
2026-03-26 11:34:53,25.687
2026-03-26 11:35:25,25.187
2026-03-26 11:36:42,26.125
2026-03-26 11:36:53,28.187
2026-03-26 11:37:03,30.0
2026-03-26 11:37:14,31.312
2026-03-26 11:37:25,32.062
2026-03-26 11:37:47,32.812
2026-03-26 11:38:20,33.875
2026-03-26 11:38:41,32.562
2026-03-26 11:38:52,30.875
2026-03-26 11:39:03,29.312
2026-03-26 11:39:14,28.187
2026-03-26 11:39:25,27.312
2026-03-26 11:39:36,26.687
2026-03-26 11:39:47,26.187
2026-03-26 11:40:08,25.562
2026-03-26 11:40:41,25.0
2026-03-26 11:41:57,24.5
2026-03-26 11:42:41,25.437
2026-03-26 11:42:52,27.437
2026-03-26 11:43:03,29.312
2026-03-26 11:43:13,30.625
2026-03-26 11:43:24,31.375
2026-03-26 11:43:46,32.187
2026-03-26 11:44:08,32.687
2026-03-26 11:44:40,33.312
2026-03-26 11:45:35,33.812
2026-03-26 11:47:13,34.625
2026-03-26 11:47:56,35.125
2026-03-26 11:48:29,33.562
2026-03-26 11:48:40,31.875
2026-03-26 11:48:51,30.375
2026-03-26 11:49:02,29.062
2026-03-26 11:49:13,28.125
2026-03-26 11:49:23,27.437
2026-03-26 11:49:34,26.875
2026-03-26 11:49:56,26.125
2026-03-26 11:50:18,25.625
2026-03-26 11:51:01,25.062
2026-03-26 11:52:39,27.25
2026-03-26 11:52:50,29.312
2026-03-26 11:53:01,30.812
2026-03-26 11:53:12,31.875
2026-03-26 11:53:23,32.687
2026-03-26 11:53:34,33.187
2026-03-26 11:53:45,33.687
2026-03-26 11:54:17,34.187
2026-03-26 11:55:33,34.687
2026-03-26 11:56:39,35.187
2026-03-26 11:57:01,34.562
2026-03-26 11:57:11,32.937
2026-03-26 11:57:22,31.25
2026-03-26 11:57:33,29.875
2026-03-26 11:57:44,28.75
2026-03-26 11:57:55,27.875
2026-03-26 11:58:06,27.25
2026-03-26 11:58:17,26.75
2026-03-26 11:58:38,26.062
2026-03-26 11:59:11,25.5
2026-03-26 12:00:06,25.0
2026-03-26 12:01:11,26.0
2026-03-26 12:01:22,28.062
2026-03-26 12:01:33,29.812
2026-03-26 12:01:44,31.062
2026-03-26 12:01:54,31.937
2026-03-26 12:02:05,32.562
2026-03-26 12:02:16,33.125
2026-03-26 12:02:38,34.0
2026-03-26 12:03:00,34.625
2026-03-26 12:03:32,35.125
2026-03-26 12:04:38,33.687
2026-03-26 12:04:49,31.875
2026-03-26 12:04:59,30.375
2026-03-26 12:05:10,29.125
2026-03-26 12:05:21,28.187
2026-03-26 12:05:32,27.437
2026-03-26 12:05:43,26.937
2026-03-26 12:05:54,26.437
2026-03-26 12:06:16,25.875
2026-03-26 12:06:48,25.375
2026-03-26 12:07:53,24.875
2026-03-26 12:08:48,27.187
2026-03-26 12:08:59,29.062
2026-03-26 12:09:10,30.5
2026-03-26 12:09:21,31.375
2026-03-26 12:09:31,32.062
2026-03-26 12:09:42,32.562
2026-03-26 12:10:04,33.187
2026-03-26 12:10:26,33.875
2026-03-26 12:10:48,34.375
2026-03-26 12:11:20,34.875
2026-03-26 12:12:47,35.5
2026-03-26 12:13:09,34.125
2026-03-26 12:13:20,32.437
2026-03-26 12:13:31,30.812
2026-03-26 12:13:42,29.5
2026-03-26 12:13:53,28.5
2026-03-26 12:14:03,27.687
2026-03-26 12:14:14,27.062
2026-03-26 12:14:36,26.312
2026-03-26 12:14:58,25.812
2026-03-26 12:15:31,25.312
2026-03-26 12:16:47,24.812
2026-03-26 12:17:19,26.687
2026-03-26 12:17:30,28.75
2026-03-26 12:17:41,30.312
2026-03-26 12:17:52,31.437
2026-03-26 12:18:03,32.375
2026-03-26 12:18:14,33.062
2026-03-26 12:18:25,33.625
2026-03-26 12:18:46,33.125
2026-03-26 12:18:57,31.562
2026-03-26 12:19:08,30.062
2026-03-26 12:19:19,28.812
2026-03-26 12:19:30,27.812
2026-03-26 12:19:41,27.125
2026-03-26 12:19:52,26.562
2026-03-26 12:20:13,25.875
2026-03-26 12:20:35,25.375
2026-03-26 12:21:30,24.875
2026-03-26 12:22:57,26.312
2026-03-26 12:23:07,28.375
2026-03-26 12:23:18,30.062
2026-03-26 12:23:29,31.125
2026-03-26 12:23:40,31.875
2026-03-26 12:24:02,32.75
2026-03-26 12:24:24,33.312
2026-03-26 12:24:56,33.812
2026-03-26 12:25:29,34.437
2026-03-26 12:26:02,34.937
2026-03-26 12:26:34,33.687
2026-03-26 12:26:45,32.0
2026-03-26 12:26:56,30.437
2026-03-26 12:27:07,29.187
2026-03-26 12:27:18,28.187
2026-03-26 12:27:29,27.437
2026-03-26 12:27:39,26.875
2026-03-26 12:28:01,26.125
2026-03-26 12:28:23,25.625
2026-03-26 12:29:07,25.125
2026-03-26 12:30:44,27.125
2026-03-26 12:30:55,29.375
2026-03-26 12:31:06,31.0
2026-03-26 12:31:17,32.062
2026-03-26 12:31:39,30.625
2026-03-26 12:31:50,29.312
2026-03-26 12:32:01,28.187
2026-03-26 12:32:11,27.312
2026-03-26 12:32:22,26.625
2026-03-26 12:32:33,26.125
2026-03-26 12:32:55,25.437
2026-03-26 12:33:28,24.937
2026-03-26 12:35:06,24.437
2026-03-26 12:35:38,25.875
2026-03-26 12:35:49,28.187
2026-03-26 12:36:00,30.062
2026-03-26 12:36:11,31.437
2026-03-26 12:36:22,32.312
2026-03-26 12:36:33,32.875
2026-03-26 12:36:54,33.625
2026-03-26 12:37:16,34.187
2026-03-26 12:38:00,33.5
2026-03-26 12:38:11,31.812
2026-03-26 12:38:21,30.312
2026-03-26 12:38:32,29.0
2026-03-26 12:38:43,28.0
2026-03-26 12:38:54,27.25
2026-03-26 12:39:05,26.687
2026-03-26 12:39:27,25.937
2026-03-26 12:39:48,25.437
2026-03-26 12:40:32,24.937
2026-03-26 12:42:10,26.25
2026-03-26 12:42:21,28.375
2026-03-26 12:42:32,30.25
2026-03-26 12:42:43,31.5
2026-03-26 12:42:53,32.437
2026-03-26 12:43:04,33.062
2026-03-26 12:43:26,33.687
2026-03-26 12:44:10,34.187
2026-03-26 12:44:42,34.687
2026-03-26 12:45:15,35.187
2026-03-26 12:45:37,34.125
2026-03-26 12:45:48,32.437
2026-03-26 12:45:59,30.812
2026-03-26 12:46:09,29.437
2026-03-26 12:46:20,28.375
2026-03-26 12:46:31,27.562
2026-03-26 12:46:42,26.937
2026-03-26 12:46:53,26.437
2026-03-26 12:47:15,25.812
2026-03-26 12:47:47,25.25
2026-03-26 12:48:53,24.75
2026-03-26 12:49:47,26.312
2026-03-26 12:49:58,28.5
2026-03-26 12:50:09,30.187
2026-03-26 12:50:20,31.312
2026-03-26 12:50:31,32.125
2026-03-26 12:50:52,32.937
2026-03-26 12:51:03,33.437
2026-03-26 12:51:25,34.0
2026-03-26 12:51:47,34.5
2026-03-26 12:52:30,33.187
2026-03-26 12:52:41,31.5
2026-03-26 12:52:52,30.0
2026-03-26 12:53:03,28.75
2026-03-26 12:53:14,27.875
2026-03-26 12:53:25,27.125
2026-03-26 12:53:36,26.625
2026-03-26 12:53:57,25.875
2026-03-26 12:54:30,25.312
2026-03-26 12:55:24,24.812
2026-03-26 12:56:41,27.0
2026-03-26 12:56:51,29.0
2026-03-26 12:57:02,30.562
2026-03-26 12:57:13,31.812
2026-03-26 12:57:24,32.562
2026-03-26 12:57:35,31.875
2026-03-26 12:57:46,30.437
2026-03-26 12:57:57,29.125
2026-03-26 12:58:08,28.0
2026-03-26 12:58:19,27.187
2026-03-26 12:58:29,26.5
2026-03-26 12:58:51,25.687
2026-03-26 12:59:13,25.187
2026-03-26 13:00:07,24.687
2026-03-26 13:01:45,26.375
2026-03-26 13:01:56,28.562
2026-03-26 13:02:07,30.25
2026-03-26 13:02:18,31.375
2026-03-26 13:02:29,32.125
2026-03-26 13:02:40,32.75
2026-03-26 13:03:02,33.75
2026-03-26 13:03:23,33.187
2026-03-26 13:03:34,31.625
2026-03-26 13:03:45,30.062
2026-03-26 13:03:56,28.75
2026-03-26 13:04:07,27.75
2026-03-26 13:04:18,27.0
2026-03-26 13:04:29,26.437
2026-03-26 13:04:50,25.75
2026-03-26 13:05:12,25.25
2026-03-26 13:06:07,24.687
2026-03-26 13:07:34,26.062
2026-03-26 13:07:45,28.125
2026-03-26 13:07:55,29.875
2026-03-26 13:08:06,30.937
2026-03-26 13:08:17,31.687
2026-03-26 13:08:39,32.687
2026-03-26 13:09:01,33.5
2026-03-26 13:09:22,34.125
2026-03-26 13:09:44,34.625
2026-03-26 13:10:50,35.187
2026-03-26 13:11:00,34.5
2026-03-26 13:11:11,32.937
2026-03-26 13:11:22,31.25
2026-03-26 13:11:33,29.812
2026-03-26 13:11:44,28.625
2026-03-26 13:11:55,27.75
2026-03-26 13:12:06,27.062
2026-03-26 13:12:17,26.562
2026-03-26 13:12:38,25.812
2026-03-26 13:13:11,25.25
2026-03-26 13:14:05,24.75
2026-03-26 13:15:11,25.437
2026-03-26 13:15:22,27.562
2026-03-26 13:15:32,29.437
2026-03-26 13:15:43,30.687
2026-03-26 13:15:54,31.5
2026-03-26 13:16:05,32.125
2026-03-26 13:16:16,32.625
2026-03-26 13:16:38,33.25
2026-03-26 13:17:10,33.812
2026-03-26 13:17:43,34.312
2026-03-26 13:18:37,34.812
2026-03-26 13:19:10,34.062
2026-03-26 13:19:21,32.375
2026-03-26 13:19:32,30.75
2026-03-26 13:19:43,29.375
2026-03-26 13:19:54,28.375
2026-03-26 13:20:04,27.562
2026-03-26 13:20:15,26.937
2026-03-26 13:20:37,26.125
2026-03-26 13:20:59,25.562
2026-03-26 13:21:42,25.062
2026-03-26 13:23:20,26.375
2026-03-26 13:23:31,28.562
2026-03-26 13:23:42,30.375
2026-03-26 13:23:53,31.625
2026-03-26 13:24:04,32.437
2026-03-26 13:24:15,33.062
2026-03-26 13:24:37,33.875
2026-03-26 13:25:20,34.562
2026-03-26 13:25:53,33.125
2026-03-26 13:26:04,31.437
2026-03-26 13:26:14,29.937
2026-03-26 13:26:25,28.75
2026-03-26 13:26:36,27.75
2026-03-26 13:26:47,27.125
2026-03-26 13:26:58,26.562
2026-03-26 13:27:20,25.875
2026-03-26 13:27:52,25.312
2026-03-26 13:28:47,24.75
2026-03-26 13:29:52,25.25
2026-03-26 13:30:03,27.437
2026-03-26 13:30:14,29.312
2026-03-26 13:30:36,28.437
2026-03-26 13:30:46,27.562
2026-03-26 13:30:57,26.75
2026-03-26 13:31:08,26.125
2026-03-26 13:31:30,25.437
2026-03-26 13:32:03,24.875
2026-03-26 13:33:30,24.375
2026-03-26 13:34:35,26.437
2026-03-26 13:34:46,28.5
2026-03-26 13:34:57,30.125
2026-03-26 13:35:08,31.312
2026-03-26 13:35:18,32.125
2026-03-26 13:35:29,32.75
2026-03-26 13:35:51,33.375
2026-03-26 13:36:24,34.187
2026-03-26 13:36:45,34.75
2026-03-26 13:38:02,35.25
2026-03-26 13:38:13,34.625
2026-03-26 13:38:23,33.0
2026-03-26 13:38:34,31.312
2026-03-26 13:38:45,29.875
2026-03-26 13:38:56,28.687
2026-03-26 13:39:07,27.75
2026-03-26 13:39:18,27.125
2026-03-26 13:39:29,26.625
2026-03-26 13:39:50,25.875
2026-03-26 13:40:23,25.25
2026-03-26 13:41:17,24.75
2026-03-26 13:42:23,25.5
2026-03-26 13:42:34,27.5
2026-03-26 13:42:45,29.437
2026-03-26 13:42:55,30.75
2026-03-26 13:43:06,31.562
2026-03-26 13:43:17,32.187
2026-03-26 13:43:28,32.687
2026-03-26 13:43:39,33.187
2026-03-26 13:44:01,33.937
2026-03-26 13:44:22,34.437
2026-03-26 13:45:28,35.0
2026-03-26 13:46:11,34.312
2026-03-26 13:46:22,32.625
2026-03-26 13:46:33,30.937
2026-03-26 13:46:44,29.562
2026-03-26 13:46:55,28.437
2026-03-26 13:47:06,27.625
2026-03-26 13:47:17,27.0
2026-03-26 13:47:27,26.5
2026-03-26 13:47:49,25.875
2026-03-26 13:48:22,25.312
2026-03-26 13:49:16,24.812
2026-03-26 13:50:21,26.187
2026-03-26 13:50:32,28.437
2026-03-26 13:50:43,30.25
2026-03-26 13:50:55,31.5
2026-03-26 13:51:06,32.25
2026-03-26 13:51:16,32.75
2026-03-26 13:51:38,33.375
2026-03-26 13:52:00,34.0
2026-03-26 13:52:22,33.062
2026-03-26 13:52:33,31.5
2026-03-26 13:52:43,30.0
2026-03-26 13:52:54,28.75
2026-03-26 13:53:05,27.812
2026-03-26 13:53:16,27.062
2026-03-26 13:53:27,26.562
2026-03-26 13:53:38,26.062
2026-03-26 13:54:00,25.562
2026-03-26 13:54:32,25.062
2026-03-26 13:55:48,24.562
2026-03-26 13:56:32,26.437
2026-03-26 13:56:43,28.562
2026-03-26 13:56:54,30.125
2026-03-26 13:57:05,31.187
2026-03-26 13:57:15,32.062
2026-03-26 13:57:26,32.687
2026-03-26 13:57:37,33.187
2026-03-26 13:57:59,33.937
2026-03-26 13:58:32,34.5
2026-03-26 13:58:43,34.0
2026-03-26 13:58:53,32.562
2026-03-26 13:59:04,30.937
2026-03-26 13:59:15,29.5
2026-03-26 13:59:26,28.375
2026-03-26 13:59:37,27.5
2026-03-26 13:59:48,26.875
2026-03-26 13:59:59,26.375
2026-03-26 14:00:21,25.687
2026-03-26 14:00:53,25.187
2026-03-26 14:01:48,24.687
2026-03-26 14:02:53,25.625
2026-03-26 14:03:04,27.75
2026-03-26 14:03:15,29.625
2026-03-26 14:03:26,31.062
2026-03-26 14:03:36,32.187
2026-03-26 14:03:47,32.937
2026-03-26 14:03:58,33.5
2026-03-26 14:04:20,34.187
2026-03-26 14:05:04,34.875
2026-03-26 14:05:25,33.0
2026-03-26 14:05:36,31.312
2026-03-26 14:05:47,29.812
2026-03-26 14:05:58,28.562
2026-03-26 14:06:09,27.687
2026-03-26 14:06:20,27.0
2026-03-26 14:06:31,26.437
2026-03-26 14:06:52,25.75
2026-03-26 14:07:25,25.187
2026-03-26 14:08:30,24.687
2026-03-26 14:09:25,25.312
2026-03-26 14:09:36,27.375
2026-03-26 14:09:47,29.312
2026-03-26 14:09:57,30.75
2026-03-26 14:10:08,31.75
2026-03-26 14:10:19,32.375
2026-03-26 14:10:30,32.937
2026-03-26 14:10:41,33.562
2026-03-26 14:11:03,34.375
2026-03-26 14:11:35,34.875
2026-03-26 14:11:46,34.187
2026-03-26 14:11:57,32.562
2026-03-26 14:12:08,30.875
2026-03-26 14:12:19,29.437
2026-03-26 14:12:30,28.312
2026-03-26 14:12:41,27.5
2026-03-26 14:12:52,26.812
2026-03-26 14:13:02,26.312
2026-03-26 14:13:24,25.687
2026-03-26 14:13:57,25.125
2026-03-26 14:15:02,24.625
2026-03-26 14:15:57,25.625
2026-03-26 14:16:07,27.75
2026-03-26 14:16:18,29.562
2026-03-26 14:16:29,30.812
2026-03-26 14:16:40,31.812
2026-03-26 14:16:51,32.562
2026-03-26 14:17:02,33.125
2026-03-26 14:17:13,33.625
2026-03-26 14:17:35,34.312
2026-03-26 14:18:40,34.812
2026-03-26 14:20:18,35.312
2026-03-26 14:20:39,33.625
2026-03-26 14:20:50,31.875
2026-03-26 14:21:01,30.375
2026-03-26 14:21:12,29.125
2026-03-26 14:21:23,28.125
2026-03-26 14:21:34,27.375
2026-03-26 14:21:45,26.812
2026-03-26 14:22:07,26.062
2026-03-26 14:22:28,25.562
2026-03-26 14:23:12,25.0
2026-03-26 14:24:39,24.5
2026-03-26 14:27:55,29.062
2026-03-26 14:28:06,36.687
2026-03-26 14:28:16,38.562
2026-03-26 14:28:27,36.687
2026-03-26 14:28:38,34.25
2026-03-26 14:28:49,32.187
2026-03-26 14:29:00,30.562
2026-03-26 14:29:11,29.437
2026-03-26 14:29:22,28.5
2026-03-26 14:29:33,27.812
2026-03-26 14:29:43,27.312
2026-03-26 14:30:05,26.562
2026-03-26 14:30:27,26.062
2026-03-26 14:31:11,25.562
2026-03-26 14:32:16,26.937
2026-03-26 14:32:27,28.937
2026-03-26 14:32:38,30.5
2026-03-26 14:32:49,31.625
2026-03-26 14:32:59,32.312
2026-03-26 14:33:10,32.812
2026-03-26 14:33:32,33.375
2026-03-26 14:34:05,33.937
2026-03-26 14:34:59,34.5
2026-03-26 14:35:21,35.062
2026-03-26 14:36:04,35.562
2026-03-26 14:36:37,35.062
2026-03-26 14:37:53,35.687
2026-03-26 14:38:26,36.187
2026-03-26 14:39:09,35.687
2026-03-26 14:39:20,34.062
2026-03-26 14:39:31,32.375
2026-03-26 14:39:42,30.875
2026-03-26 14:39:53,29.687
2026-03-26 14:40:04,28.812
2026-03-26 14:40:15,28.125
2026-03-26 14:40:26,27.562
2026-03-26 14:40:47,26.812
2026-03-26 14:41:09,26.312
2026-03-26 14:41:53,25.75
2026-03-26 14:43:20,26.812
2026-03-26 14:43:31,29.125
2026-03-26 14:43:41,31.062
2026-03-26 14:43:52,32.437
2026-03-26 14:44:03,33.312
2026-03-26 14:44:14,34.0
2026-03-26 14:44:25,34.5
2026-03-26 14:44:47,35.125
2026-03-26 14:45:19,35.625
2026-03-26 14:46:25,36.125
2026-03-26 14:47:08,34.312
2026-03-26 14:47:19,32.562
2026-03-26 14:47:30,31.062
2026-03-26 14:47:41,29.875
2026-03-26 14:47:52,28.875
2026-03-26 14:48:03,28.125
2026-03-26 14:48:13,27.562
2026-03-26 14:48:35,26.812
2026-03-26 14:48:57,26.312
2026-03-26 14:49:40,25.75
2026-03-26 14:51:08,26.437
2026-03-26 14:51:19,28.687
2026-03-26 14:51:29,30.75
2026-03-26 14:51:40,32.437
2026-03-26 14:51:51,33.125
2026-03-26 14:52:02,32.437
2026-03-26 14:52:13,31.062
2026-03-26 14:52:24,29.75
2026-03-26 14:52:35,28.687
2026-03-26 14:52:46,27.812
2026-03-26 14:52:56,27.187
2026-03-26 14:53:07,26.687
2026-03-26 14:53:29,26.125
2026-03-26 14:54:02,25.562
2026-03-26 14:55:40,25.062
2026-03-26 14:56:01,25.562
2026-03-26 14:56:12,27.5
2026-03-26 14:56:23,29.812
2026-03-26 14:56:34,31.562
2026-03-26 14:56:45,32.812
2026-03-26 14:56:56,33.75
2026-03-26 14:57:07,34.375
2026-03-26 14:57:18,34.875
2026-03-26 14:57:39,35.375
2026-03-26 14:58:01,35.875
2026-03-26 14:58:23,34.437
2026-03-26 14:58:34,32.687
2026-03-26 14:58:45,31.062
2026-03-26 14:58:56,29.75
2026-03-26 14:59:06,28.75
2026-03-26 14:59:17,27.937
2026-03-26 14:59:28,27.375
2026-03-26 14:59:50,26.562
2026-03-26 15:00:12,26.062
2026-03-26 15:00:55,25.5
2026-03-26 15:02:33,27.562
2026-03-26 15:02:44,29.812
2026-03-26 15:02:55,31.562
2026-03-26 15:03:06,32.687
2026-03-26 15:03:17,33.437
2026-03-26 15:03:28,34.0
2026-03-26 15:03:39,34.562
2026-03-26 15:04:00,35.25
2026-03-26 15:04:33,35.937
2026-03-26 15:04:55,34.375
2026-03-26 15:05:06,32.687
2026-03-26 15:05:16,31.062
2026-03-26 15:05:27,29.75
2026-03-26 15:05:38,28.687
2026-03-26 15:05:49,27.937
2026-03-26 15:06:00,27.312
2026-03-26 15:06:11,26.812
2026-03-26 15:06:33,26.25
2026-03-26 15:07:05,25.687
2026-03-26 15:08:11,25.187
2026-03-26 15:09:05,27.687
2026-03-26 15:09:16,30.062
2026-03-26 15:09:27,31.875
2026-03-26 15:09:48,31.125
2026-03-26 15:09:59,29.875
2026-03-26 15:10:10,28.75
2026-03-26 15:10:21,27.812
2026-03-26 15:10:32,27.062
2026-03-26 15:10:43,26.562
2026-03-26 15:11:05,25.875
2026-03-26 15:11:37,25.375
2026-03-26 15:13:15,24.875
2026-03-26 15:14:10,25.375
2026-03-26 15:18:09,29.25
2026-03-26 15:18:20,37.312
2026-03-26 15:18:31,39.875
2026-03-26 15:18:42,37.875
2026-03-26 15:18:53,35.0
2026-03-26 15:19:03,32.5
2026-03-26 15:19:14,30.625
2026-03-26 15:19:25,29.25
2026-03-26 15:19:36,28.187
2026-03-26 15:19:47,27.437
2026-03-26 15:19:58,26.812
2026-03-26 15:20:20,26.0
2026-03-26 15:20:41,25.5
2026-03-26 15:21:25,24.937
2026-03-26 15:22:30,26.062
2026-03-26 15:22:41,28.125
2026-03-26 15:22:52,29.812
2026-03-26 15:23:03,31.25
2026-03-26 15:23:14,32.187
2026-03-26 15:23:25,33.0
2026-03-26 15:23:35,33.625
2026-03-26 15:23:57,34.25
2026-03-26 15:24:52,34.75
2026-03-26 15:27:57,35.312
2026-03-26 15:28:29,35.812
2026-03-26 15:29:02,33.875
2026-03-26 15:29:13,32.125
2026-03-26 15:29:24,30.625
2026-03-26 15:29:35,29.312
2026-03-26 15:29:45,28.375
2026-03-26 15:29:56,27.625
2026-03-26 15:30:07,27.0
2026-03-26 15:30:29,26.187
2026-03-26 15:30:51,25.687
2026-03-26 15:31:34,25.125
2026-03-26 15:33:01,25.875
2026-03-26 15:33:12,28.187
2026-03-26 15:33:23,30.312
2026-03-26 15:33:34,31.687
2026-03-26 15:33:45,32.625
2026-03-26 15:33:56,33.375
2026-03-26 15:34:07,33.937
2026-03-26 15:34:17,34.437
2026-03-26 15:34:39,34.937
2026-03-26 15:34:50,33.875
2026-03-26 15:35:01,32.25
2026-03-26 15:35:12,30.625
2026-03-26 15:35:23,29.25
2026-03-26 15:35:34,28.25
2026-03-26 15:35:44,27.437
2026-03-26 15:35:55,26.812
2026-03-26 15:36:17,26.0
2026-03-26 15:36:39,25.5
2026-03-26 15:37:22,25.0
2026-03-26 15:39:00,26.75
2026-03-26 15:39:11,29.312
2026-03-26 15:39:22,30.812
2026-03-26 15:39:44,29.625
2026-03-26 15:39:55,28.5
2026-03-26 15:40:06,27.5
2026-03-26 15:40:17,26.75
2026-03-26 15:40:27,26.25
2026-03-26 15:40:49,25.5
2026-03-26 15:41:22,24.937
2026-03-26 15:42:49,24.437
2026-03-26 15:43:43,26.687
2026-03-26 15:43:54,29.125
2026-03-26 15:44:05,30.812
2026-03-26 15:44:16,31.937
2026-03-26 15:44:27,32.812
2026-03-26 15:44:38,33.5
2026-03-26 15:44:49,34.125
2026-03-26 15:45:21,32.125
2026-03-26 15:45:32,30.562
2026-03-26 15:45:43,29.187
2026-03-26 15:45:54,28.062
2026-03-26 15:46:05,27.25
2026-03-26 15:46:16,26.625
2026-03-26 15:46:37,25.812
2026-03-26 15:46:59,25.312
2026-03-26 15:47:43,24.812
2026-03-26 15:49:21,26.187
2026-03-26 15:49:31,28.625
2026-03-26 15:49:42,30.625
2026-03-26 15:49:53,32.125
2026-03-26 15:50:04,32.812
2026-03-26 15:50:15,32.25
2026-03-26 15:50:26,30.875
2026-03-26 15:50:37,29.437
2026-03-26 15:50:48,28.25
2026-03-26 15:50:58,27.312
2026-03-26 15:51:09,26.625
2026-03-26 15:51:20,26.125
2026-03-26 15:51:42,25.375
2026-03-26 15:52:15,24.875
2026-03-26 15:53:20,24.375
2026-03-26 15:54:25,26.125
2026-03-26 15:54:36,28.437
2026-03-26 15:54:47,30.437
2026-03-26 15:54:58,31.937
2026-03-26 15:55:09,32.875
2026-03-26 15:55:20,33.562
2026-03-26 15:55:31,34.062
2026-03-26 15:55:52,34.75
2026-03-26 15:56:25,33.0
2026-03-26 15:56:36,31.312
2026-03-26 15:56:47,29.812
2026-03-26 15:56:58,28.562
2026-03-26 15:57:08,27.625
2026-03-26 15:57:19,26.937
2026-03-26 15:57:30,26.375
2026-03-26 15:57:52,25.625
2026-03-26 15:58:25,25.062
2026-03-26 15:59:19,24.562
2026-03-26 16:00:25,25.375
2026-03-26 16:00:35,27.625
2026-03-26 16:00:46,29.812
2026-03-26 16:00:57,31.5
2026-03-26 16:01:08,32.625
2026-03-26 16:01:19,33.5
2026-03-26 16:01:52,31.562
2026-03-26 16:02:02,30.0
2026-03-26 16:02:13,28.687
2026-03-26 16:02:24,27.687
2026-03-26 16:02:35,26.937
2026-03-26 16:02:46,26.312
2026-03-26 16:03:08,25.562
2026-03-26 16:03:29,25.062
2026-03-26 16:04:13,24.562
2026-03-26 16:05:51,26.187
2026-03-26 16:06:02,28.437
2026-03-26 16:06:13,30.375
2026-03-26 16:06:24,31.937
2026-03-26 16:06:35,32.75
2026-03-26 16:06:45,32.125
2026-03-26 16:06:56,30.687
2026-03-26 16:07:07,29.25
2026-03-26 16:07:18,28.125
2026-03-26 16:07:29,27.187
2026-03-26 16:07:40,26.5
2026-03-26 16:07:51,25.937
2026-03-26 16:08:12,25.312
2026-03-26 16:08:45,24.75
2026-03-26 16:10:12,24.25
2026-03-26 16:10:56,26.312
2026-03-26 16:11:07,28.625
2026-03-26 16:11:18,30.375
2026-03-26 16:11:28,31.625
2026-03-26 16:11:39,32.437
2026-03-26 16:11:50,33.062
2026-03-26 16:12:01,33.625
2026-03-26 16:12:12,34.125
2026-03-26 16:12:34,34.875
2026-03-26 16:13:06,35.375
2026-03-26 16:15:39,35.875
2026-03-26 16:18:22,34.937
2026-03-26 16:18:33,33.187
2026-03-26 16:18:44,31.5
2026-03-26 16:18:54,30.062
2026-03-26 16:19:05,28.875
2026-03-26 16:19:16,28.0
2026-03-26 16:19:27,27.312
2026-03-26 16:19:38,26.75
2026-03-26 16:20:00,26.062
2026-03-26 16:20:21,25.562
2026-03-26 16:20:54,25.062
2026-03-26 16:22:10,24.562
2026-03-26 16:22:32,26.312
2026-03-26 16:22:43,28.625
2026-03-26 16:22:54,30.5
2026-03-26 16:23:05,31.812
2026-03-26 16:23:16,32.625
2026-03-26 16:23:26,33.25
2026-03-26 16:23:48,34.062
2026-03-26 16:24:10,34.687
2026-03-26 16:24:43,35.312
2026-03-26 16:25:26,35.812
2026-03-26 16:28:09,36.312
2026-03-26 16:30:20,35.375
2026-03-26 16:30:31,33.687
2026-03-26 16:30:42,31.937
2026-03-26 16:30:53,30.437
2026-03-26 16:31:04,29.25
2026-03-26 16:31:15,28.312
2026-03-26 16:31:25,27.562
2026-03-26 16:31:36,27.0
2026-03-26 16:31:58,26.312
2026-03-26 16:32:20,25.812
2026-03-26 16:32:53,25.312
2026-03-26 16:33:58,24.812
2026-03-26 16:34:30,26.375
2026-03-26 16:34:41,28.75
2026-03-26 16:34:52,30.875
2026-03-26 16:35:03,32.312
2026-03-26 16:35:14,33.375
2026-03-26 16:35:25,34.0
2026-03-26 16:35:47,34.687
2026-03-26 16:36:08,35.187
2026-03-26 16:38:19,35.75
2026-03-26 16:39:03,34.375
2026-03-26 16:39:13,32.687
2026-03-26 16:39:24,31.062
2026-03-26 16:39:35,29.75
2026-03-26 16:39:46,28.687
2026-03-26 16:39:57,27.875
2026-03-26 16:40:08,27.25
2026-03-26 16:40:19,26.75
2026-03-26 16:40:40,26.125
2026-03-26 16:41:13,25.5
2026-03-26 16:42:07,25.0
2026-03-26 16:43:13,27.25
2026-03-26 16:43:24,29.5
2026-03-26 16:43:35,31.312
2026-03-26 16:43:45,32.562
2026-03-26 16:43:56,33.312
2026-03-26 16:44:07,33.937
2026-03-26 16:44:18,34.437
2026-03-26 16:44:51,33.562
2026-03-26 16:45:02,31.875
2026-03-26 16:45:12,30.312
2026-03-26 16:45:23,29.0
2026-03-26 16:45:34,28.0
2026-03-26 16:45:45,27.25
2026-03-26 16:45:56,26.687
2026-03-26 16:46:18,25.937
2026-03-26 16:46:50,25.312
2026-03-26 16:47:56,24.75
2026-03-26 16:48:50,25.25
2026-03-26 16:49:01,27.312
2026-03-26 16:49:12,29.5
2026-03-26 16:49:23,31.0
2026-03-26 16:49:34,32.062
2026-03-26 16:49:44,32.875
2026-03-26 16:49:55,33.5
2026-03-26 16:50:06,34.0
2026-03-26 16:50:28,34.75
2026-03-26 16:51:01,35.312
2026-03-26 16:51:55,33.875
2026-03-26 16:52:06,32.125
2026-03-26 16:52:17,30.562
2026-03-26 16:52:28,29.25
2026-03-26 16:52:39,28.25
2026-03-26 16:52:49,27.5
2026-03-26 16:53:00,26.937
2026-03-26 16:53:11,26.437
2026-03-26 16:53:33,25.812
2026-03-26 16:54:06,25.312
2026-03-26 16:55:00,24.812
2026-03-26 16:55:54,25.437
2026-03-26 16:56:05,27.625
2026-03-26 16:56:16,29.875
2026-03-26 16:56:27,31.562
2026-03-26 16:56:38,32.625
2026-03-26 16:57:00,31.25
2026-03-26 16:57:11,29.875
2026-03-26 16:57:21,28.625
2026-03-26 16:57:32,27.687
2026-03-26 16:57:43,26.875
2026-03-26 16:57:54,26.312
2026-03-26 16:58:16,25.625
2026-03-26 16:58:38,25.125
2026-03-26 16:59:32,24.625
2026-03-26 17:01:00,25.75
2026-03-26 17:01:11,28.0
2026-03-26 17:01:21,29.937
2026-03-26 17:01:32,31.375
2026-03-26 17:01:43,32.375
2026-03-26 17:01:54,33.125
2026-03-26 17:02:05,33.875
2026-03-26 17:02:16,34.437
2026-03-26 17:02:38,35.062
2026-03-26 17:03:32,35.625
2026-03-26 17:04:15,33.625
2026-03-26 17:04:26,31.812
2026-03-26 17:04:37,30.25
2026-03-26 17:04:48,29.062
2026-03-26 17:04:59,28.062
2026-03-26 17:05:10,27.312
2026-03-26 17:05:21,26.75
2026-03-26 17:05:43,26.0
2026-03-26 17:06:04,25.5
2026-03-26 17:06:48,25.0
2026-03-26 17:08:15,25.687
2026-03-26 17:08:26,27.937
2026-03-26 17:08:37,30.0
2026-03-26 17:08:47,31.562
2026-03-26 17:08:58,32.625
2026-03-26 17:09:09,33.5
2026-03-26 17:09:20,34.0
2026-03-26 17:09:42,34.687
2026-03-26 17:10:04,35.187
2026-03-26 17:10:58,35.75
2026-03-26 17:15:30,36.25
2026-03-26 17:15:52,35.312
2026-03-26 17:16:03,33.625
2026-03-26 17:16:14,31.937
2026-03-26 17:16:25,30.437
2026-03-26 17:16:35,29.25
2026-03-26 17:16:46,28.25
2026-03-26 17:16:57,27.562
2026-03-26 17:17:08,27.0
2026-03-26 17:17:30,26.25
2026-03-26 17:17:52,25.75
2026-03-26 17:18:35,25.187
2026-03-26 17:20:02,26.312
2026-03-26 17:20:13,28.625
2026-03-26 17:20:24,30.5
2026-03-26 17:20:35,31.875
2026-03-26 17:20:46,32.937
2026-03-26 17:20:57,33.687
2026-03-26 17:21:18,32.0
2026-03-26 17:21:29,30.5
2026-03-26 17:21:40,29.125
2026-03-26 17:21:51,28.125
2026-03-26 17:22:02,27.25
2026-03-26 17:22:13,26.687
2026-03-26 17:22:24,26.187
2026-03-26 17:22:45,25.562
2026-03-26 17:23:18,25.062
2026-03-26 17:24:45,24.562
2026-03-26 17:25:18,25.812
2026-03-26 17:25:29,28.125
2026-03-26 17:25:39,30.062
2026-03-26 17:25:50,31.437
2026-03-26 17:26:01,32.312
2026-03-26 17:26:12,33.0
2026-03-26 17:26:23,33.562
2026-03-26 17:26:34,34.062
2026-03-26 17:26:56,34.687
2026-03-26 17:27:17,35.187
2026-03-26 17:27:50,35.687
2026-03-26 17:30:55,36.25
2026-03-26 17:31:17,35.25
2026-03-26 17:31:28,33.625
2026-03-26 17:31:39,31.875
2026-03-26 17:31:49,30.437
2026-03-26 17:32:00,29.187
2026-03-26 17:32:11,28.25
2026-03-26 17:32:22,27.562
2026-03-26 17:32:33,27.0
2026-03-26 17:32:55,26.25
2026-03-26 17:33:27,25.562
2026-03-26 17:34:11,25.062
2026-03-26 17:35:27,26.187
2026-03-26 17:35:38,28.5
2026-03-26 17:35:49,30.437
2026-03-26 17:36:00,31.75
2026-03-26 17:36:11,32.687
2026-03-26 17:36:21,33.312
2026-03-26 17:36:32,33.812
2026-03-26 17:36:54,34.562
2026-03-26 17:37:16,35.187
2026-03-26 17:37:38,34.312
2026-03-26 17:37:49,32.687
2026-03-26 17:37:59,31.0
2026-03-26 17:38:10,29.625
2026-03-26 17:38:21,28.5
2026-03-26 17:38:32,27.625
2026-03-26 17:38:43,27.0
2026-03-26 17:39:05,26.125
2026-03-26 17:39:26,25.625
2026-03-26 17:39:59,25.125
2026-03-26 17:41:26,24.625
2026-03-26 17:41:48,26.312
2026-03-26 17:41:59,28.625
2026-03-26 17:42:10,30.5
2026-03-26 17:42:21,31.812
2026-03-26 17:42:31,32.625
2026-03-26 17:42:42,33.25
2026-03-26 17:43:04,34.062
2026-03-26 17:43:26,34.625
2026-03-26 17:44:09,35.187
2026-03-26 17:45:15,35.687
2026-03-26 17:53:57,36.25
2026-03-26 17:54:30,35.437
2026-03-26 17:54:41,33.75
2026-03-26 17:54:51,32.062
2026-03-26 17:55:02,30.625
2026-03-26 17:55:13,29.437
2026-03-26 17:55:24,28.437
2026-03-26 17:55:35,27.75
2026-03-26 17:55:46,27.187
2026-03-26 17:56:08,26.437
2026-03-26 17:56:29,25.937
2026-03-26 17:57:13,25.375
2026-03-26 17:58:40,26.25
2026-03-26 17:58:51,28.5
2026-03-26 17:59:02,30.437
2026-03-26 17:59:13,31.687
2026-03-26 17:59:23,32.562
2026-03-26 17:59:34,33.312
2026-03-26 17:59:45,33.875
2026-03-26 17:59:56,34.375
2026-03-26 18:00:29,33.75
2026-03-26 18:00:40,32.125
2026-03-26 18:00:51,30.562
2026-03-26 18:01:02,29.312
2026-03-26 18:01:12,28.25
2026-03-26 18:01:23,27.5
2026-03-26 18:01:34,26.937
2026-03-26 18:01:56,26.125
2026-03-26 18:02:29,25.5
2026-03-26 18:03:23,25.0
2026-03-26 18:04:39,27.062
2026-03-26 18:04:50,29.312
2026-03-26 18:05:01,31.0
2026-03-26 18:05:12,32.187
2026-03-26 18:05:23,32.937
2026-03-26 18:05:33,33.5
2026-03-26 18:05:55,34.25
2026-03-26 18:06:28,34.875
2026-03-26 18:07:11,35.437
2026-03-26 18:08:49,35.937
2026-03-26 18:14:27,35.437
2026-03-26 18:15:54,34.937
2026-03-26 18:16:59,36.312
2026-03-26 18:17:10,42.0
2026-03-26 18:17:21,44.25
2026-03-26 18:17:32,41.875
2026-03-26 18:17:43,38.375
2026-03-26 18:17:53,35.375
2026-03-26 18:18:04,33.062
2026-03-26 18:18:15,31.25
2026-03-26 18:18:26,29.937
2026-03-26 18:18:37,28.875
2026-03-26 18:18:48,28.125
2026-03-26 18:18:59,27.562
2026-03-26 18:19:10,27.062
2026-03-26 18:19:31,26.375
2026-03-26 18:19:53,25.875
2026-03-26 18:20:37,25.312
2026-03-26 18:21:20,26.062
2026-03-26 18:21:31,27.937
2026-03-26 18:21:42,29.562
2026-03-26 18:21:53,30.875
2026-03-26 18:22:04,31.812
2026-03-26 18:22:15,32.375
2026-03-26 18:22:47,32.937
2026-03-26 18:23:53,33.437
2026-03-26 18:26:47,34.0
2026-03-26 18:27:19,34.5
2026-03-26 18:27:52,35.187
2026-03-26 18:28:35,35.687
2026-03-26 18:41:28,36.187
2026-03-26 18:46:54,35.625
2026-03-26 18:47:05,34.437
2026-03-26 18:47:16,33.375
2026-03-26 18:47:27,32.625
2026-03-26 18:47:38,32.125
2026-03-26 18:48:00,31.375
2026-03-26 18:48:32,30.75
2026-03-26 18:49:16,30.25
2026-03-26 18:50:32,29.75
2026-03-26 18:51:59,29.25
2026-03-26 18:53:48,28.75
2026-03-26 18:55:26,28.25
2026-03-26 18:57:25,27.75
2026-03-26 18:59:36,27.25
2026-03-26 19:01:47,26.75
2026-03-26 19:03:57,26.25
2026-03-26 19:06:19,25.75
2026-03-26 19:08:51,25.25
2026-03-26 19:11:45,24.75
2026-03-26 19:14:39,24.25
2026-03-26 19:18:06,23.75
2026-03-26 19:21:33,23.25
2026-03-26 19:25:11,22.75
2026-03-26 19:29:32,22.25
2026-03-26 19:34:15,21.75
2026-03-26 19:39:19,21.25
2026-03-26 19:45:51,20.75
2026-03-26 19:53:06,21.25
2026-03-26 20:18:30,20.75
2026-03-26 20:28:39,20.25
2026-03-26 20:39:10,19.75
2026-03-26 20:50:36,19.25
2026-03-26 21:03:07,18.75
2026-03-26 21:18:54,18.25
2026-03-26 21:30:52,18.75
2026-03-26 22:28:11,18.25
2026-03-26 22:49:14,17.75
2026-03-26 22:55:56,18.25
2026-03-26 23:06:17,18.75
2026-03-26 23:55:03,18.25
2026-03-27 00:20:27,17.75
2026-03-27 00:57:38,18.25
2026-03-27 02:06:01,17.75
2026-03-27 02:42:40,17.25
2026-03-27 03:01:21,17.75
2026-03-27 03:10:36,18.25
2026-03-27 03:38:21,22.875
2026-03-27 03:38:32,27.687
2026-03-27 03:39:15,28.312
2026-03-27 03:39:26,29.25
2026-03-27 03:39:37,29.937
2026-03-27 03:39:48,30.437
2026-03-27 03:40:10,31.125
2026-03-27 03:40:32,31.625
2026-03-27 03:41:15,32.125
2026-03-27 03:43:04,32.625
2026-03-27 03:44:42,33.125
2026-03-27 03:45:58,33.625
2026-03-27 03:52:30,34.125
2026-03-27 04:11:43,34.625
2026-03-27 05:05:57,35.125
2026-03-27 05:22:38,34.187
2026-03-27 05:22:49,33.0
2026-03-27 05:23:00,31.437
2026-03-27 05:23:11,29.875
2026-03-27 05:23:22,28.625
2026-03-27 05:23:33,27.687
2026-03-27 05:23:44,27.0
2026-03-27 05:23:55,26.437
2026-03-27 05:24:16,25.625
2026-03-27 05:24:49,25.0
2026-03-27 05:25:32,24.5
2026-03-27 05:26:49,25.25
2026-03-27 05:26:59,27.125
2026-03-27 05:27:10,28.75
2026-03-27 05:27:21,30.062
2026-03-27 05:27:32,31.0
2026-03-27 05:27:43,31.75
2026-03-27 05:27:54,32.312
2026-03-27 05:28:16,32.812
2026-03-27 05:32:04,33.312
2026-03-27 05:32:48,33.937
2026-03-27 05:33:20,34.625
2026-03-27 05:34:04,35.187
2026-03-27 06:02:11,35.687
2026-03-27 06:15:03,35.125
2026-03-27 06:16:31,34.625
2026-03-27 06:17:47,36.312
2026-03-27 06:17:58,42.062
2026-03-27 06:18:09,44.0
2026-03-27 06:18:19,41.437
2026-03-27 06:18:30,37.937
2026-03-27 06:18:41,35.0
2026-03-27 06:18:52,32.687
2026-03-27 06:19:03,30.875
2026-03-27 06:19:14,29.562
2026-03-27 06:19:25,28.5
2026-03-27 06:19:36,27.75
2026-03-27 06:19:46,27.125
2026-03-27 06:19:57,26.625
2026-03-27 06:20:19,25.937
2026-03-27 06:20:41,25.437
2026-03-27 06:21:24,24.875
2026-03-27 06:22:08,25.75
2026-03-27 06:22:19,27.687
2026-03-27 06:22:30,29.312
2026-03-27 06:22:41,30.625
2026-03-27 06:22:51,31.562
2026-03-27 06:23:02,32.187
2026-03-27 06:23:35,32.687
2026-03-27 06:25:02,33.187
2026-03-27 06:27:34,33.687
2026-03-27 06:28:07,34.187
2026-03-27 06:28:29,34.687
2026-03-27 06:29:01,35.25
2026-03-27 06:31:12,35.75
2026-03-27 06:57:19,36.25
2026-03-27 07:29:58,36.75
2026-03-27 07:46:17,36.0
2026-03-27 07:46:28,34.437
2026-03-27 07:46:39,32.75
2026-03-27 07:46:50,31.312
2026-03-27 07:47:01,30.0
2026-03-27 07:47:12,29.062
2026-03-27 07:47:22,28.312
2026-03-27 07:47:33,27.687
2026-03-27 07:47:55,26.937
2026-03-27 07:48:17,26.375
2026-03-27 07:48:49,25.875
2026-03-27 07:49:55,25.375
2026-03-27 07:50:27,26.375
2026-03-27 07:50:38,28.437
2026-03-27 07:50:49,30.437
2026-03-27 07:51:00,31.812
2026-03-27 07:51:11,32.75
2026-03-27 07:51:22,33.5
2026-03-27 07:51:33,34.125
2026-03-27 07:51:55,34.937
2026-03-27 07:52:16,35.437
2026-03-27 07:53:22,36.0
2026-03-27 07:53:43,34.875
2026-03-27 07:53:54,33.187
2026-03-27 07:54:05,31.625
2026-03-27 07:54:16,30.25
2026-03-27 07:54:27,29.125
2026-03-27 07:54:38,28.312
2026-03-27 07:54:49,27.625
2026-03-27 07:54:59,27.125
2026-03-27 07:55:21,26.437
2026-03-27 07:55:54,25.875
2026-03-27 07:56:48,25.375
2026-03-27 07:57:54,27.0
2026-03-27 07:58:04,29.25
2026-03-27 07:58:15,31.0
2026-03-27 07:58:26,32.25
2026-03-27 07:58:37,33.062
2026-03-27 07:58:48,33.687
2026-03-27 07:59:10,34.437
2026-03-27 07:59:31,34.937
2026-03-27 08:00:04,35.437
2026-03-27 08:01:09,35.937
2026-03-27 08:03:09,36.437
2026-03-27 08:03:53,35.75
2026-03-27 08:04:04,34.25
2026-03-27 08:04:14,32.5
2026-03-27 08:04:25,31.0
2026-03-27 08:04:36,29.812
2026-03-27 08:04:47,28.75
2026-03-27 08:04:58,28.062
2026-03-27 08:05:09,27.437
2026-03-27 08:05:31,26.687
2026-03-27 08:05:52,26.125
2026-03-27 08:06:36,25.562
2026-03-27 08:07:41,25.062
2026-03-27 08:08:03,26.062
2026-03-27 08:08:14,28.187
2026-03-27 08:08:25,30.25
2026-03-27 08:08:36,31.625
2026-03-27 08:08:47,32.625
2026-03-27 08:08:57,33.375
2026-03-27 08:09:08,33.937
2026-03-27 08:09:30,34.687
2026-03-27 08:10:03,35.312
2026-03-27 08:11:30,35.875
2026-03-27 08:14:46,36.375
2026-03-27 08:28:22,34.562
2026-03-27 08:28:33,32.875
2026-03-27 08:28:44,31.375
2026-03-27 08:28:55,30.125
2026-03-27 08:29:05,29.125
2026-03-27 08:29:16,28.375
2026-03-27 08:29:27,27.75
2026-03-27 08:29:49,26.875
2026-03-27 08:30:22,26.25
2026-03-27 08:31:05,25.687
2026-03-27 08:32:21,26.25
2026-03-27 08:32:32,28.312
2026-03-27 08:32:43,30.312
2026-03-27 08:32:54,31.75
2026-03-27 08:33:05,32.75
2026-03-27 08:33:16,33.5
2026-03-27 08:33:27,34.062
2026-03-27 08:33:48,34.812
2026-03-27 08:34:10,35.312
2026-03-27 08:34:43,35.875
2026-03-27 08:36:53,36.375
2026-03-27 08:39:47,34.937
2026-03-27 08:39:58,33.25
2026-03-27 08:40:09,31.75
2026-03-27 08:40:20,30.375
2026-03-27 08:40:31,29.312
2026-03-27 08:40:42,28.5
2026-03-27 08:40:53,27.875
2026-03-27 08:41:04,27.375
2026-03-27 08:41:25,26.687
2026-03-27 08:41:58,26.062
2026-03-27 08:42:42,25.562
2026-03-27 08:43:58,27.562
2026-03-27 08:44:09,29.75
2026-03-27 08:44:19,31.375
2026-03-27 08:44:30,32.5
2026-03-27 08:44:41,33.312
2026-03-27 08:44:52,33.937
2026-03-27 08:45:14,34.75
2026-03-27 08:45:47,35.375
2026-03-27 08:49:02,34.875
2026-03-27 08:50:19,35.937
2026-03-27 08:50:29,41.5
2026-03-27 08:50:40,44.125
2026-03-27 08:50:51,41.937
2026-03-27 08:51:02,38.562
2026-03-27 08:51:13,35.562
2026-03-27 08:51:24,33.25
2026-03-27 08:51:35,31.437
2026-03-27 08:51:46,30.125
2026-03-27 08:51:57,29.125
2026-03-27 08:52:07,28.375
2026-03-27 08:52:18,27.75
2026-03-27 08:52:29,27.25
2026-03-27 08:52:51,26.562
2026-03-27 08:53:24,25.937
2026-03-27 08:54:07,25.437
2026-03-27 08:54:40,26.25
2026-03-27 08:54:51,28.125
2026-03-27 08:55:01,29.812
2026-03-27 08:55:12,31.062
2026-03-27 08:55:23,31.875
2026-03-27 08:55:34,32.437
2026-03-27 08:55:56,33.187
2026-03-27 08:56:29,33.687
2026-03-27 08:58:06,34.187
2026-03-27 09:00:17,34.75
2026-03-27 09:00:50,35.25
2026-03-27 09:01:22,34.0
2026-03-27 09:01:33,32.375
2026-03-27 09:01:44,30.937
2026-03-27 09:01:55,29.75
2026-03-27 09:02:06,28.75
2026-03-27 09:02:17,28.0
2026-03-27 09:02:28,27.437
2026-03-27 09:02:49,26.687
2026-03-27 09:03:11,26.125
2026-03-27 09:03:55,25.625
2026-03-27 09:05:11,25.125
2026-03-27 09:05:22,25.875
2026-03-27 09:05:33,27.937
2026-03-27 09:05:44,30.062
2026-03-27 09:05:54,31.625
2026-03-27 09:06:05,32.687
2026-03-27 09:06:16,33.5
2026-03-27 09:06:27,34.062
2026-03-27 09:06:49,34.687
2026-03-27 09:07:21,35.25
2026-03-27 09:08:16,35.75
2026-03-27 09:09:43,36.25
2026-03-27 09:10:26,34.437
2026-03-27 09:10:37,32.75
2026-03-27 09:10:48,31.187
2026-03-27 09:10:59,29.937
2026-03-27 09:11:10,28.875
2026-03-27 09:11:21,28.125
2026-03-27 09:11:32,27.562
2026-03-27 09:11:53,26.75
2026-03-27 09:12:15,26.25
2026-03-27 09:12:48,25.75
2026-03-27 09:13:53,25.25
2026-03-27 09:14:26,25.812
2026-03-27 09:14:37,27.812
2026-03-27 09:14:48,29.875
2026-03-27 09:14:58,31.375
2026-03-27 09:15:09,32.437
2026-03-27 09:15:20,33.187
2026-03-27 09:15:31,33.75
2026-03-27 09:15:53,34.5
2026-03-27 09:16:25,35.062
2026-03-27 09:17:09,35.562
2026-03-27 09:18:25,36.062
2026-03-27 09:19:41,35.125
2026-03-27 09:19:52,33.5
2026-03-27 09:20:03,31.875
2026-03-27 09:20:14,30.437
2026-03-27 09:20:25,29.312
2026-03-27 09:20:36,28.437
2026-03-27 09:20:47,27.75
2026-03-27 09:20:58,27.25
2026-03-27 09:21:19,26.562
2026-03-27 09:21:41,26.062
2026-03-27 09:22:25,25.5
2026-03-27 09:23:52,26.937
2026-03-27 09:24:03,29.125
2026-03-27 09:24:14,30.875
2026-03-27 09:24:25,32.125
2026-03-27 09:24:36,32.937
2026-03-27 09:24:46,33.562
2026-03-27 09:24:57,34.062
2026-03-27 09:25:19,34.75
2026-03-27 09:25:41,35.25
2026-03-27 09:26:24,35.75
2026-03-27 09:27:41,34.875
2026-03-27 09:27:51,33.187
2026-03-27 09:28:02,31.562
2026-03-27 09:28:13,30.187
2026-03-27 09:28:24,29.125
2026-03-27 09:28:35,28.25
2026-03-27 09:28:46,27.562
2026-03-27 09:28:57,27.062
2026-03-27 09:29:18,26.375
2026-03-27 09:29:51,25.812
2026-03-27 09:30:45,25.312
2026-03-27 09:31:51,26.875
2026-03-27 09:32:02,29.125
2026-03-27 09:32:13,30.875
2026-03-27 09:32:23,32.125
2026-03-27 09:32:34,33.0
2026-03-27 09:32:45,33.625
2026-03-27 09:33:07,34.437
2026-03-27 09:33:29,34.937
2026-03-27 09:34:12,35.437
2026-03-27 09:35:07,36.0
2026-03-27 09:39:06,35.375
2026-03-27 09:39:17,33.687
2026-03-27 09:39:28,32.062
2026-03-27 09:39:39,30.625
2026-03-27 09:39:50,29.5
2026-03-27 09:40:00,28.562
2026-03-27 09:40:11,27.875
2026-03-27 09:40:22,27.312
2026-03-27 09:40:44,26.625
2026-03-27 09:41:06,26.125
2026-03-27 09:41:49,25.562
2026-03-27 09:43:16,26.687
2026-03-27 09:43:27,28.937
2026-03-27 09:43:38,30.75
2026-03-27 09:43:49,31.937
2026-03-27 09:44:00,32.812
2026-03-27 09:44:11,33.437
2026-03-27 09:44:22,33.937
2026-03-27 09:44:43,34.625
2026-03-27 09:45:05,35.125
2026-03-27 09:45:38,35.625
2026-03-27 09:46:21,33.937
2026-03-27 09:46:32,32.25
2026-03-27 09:46:43,30.75
2026-03-27 09:46:54,29.5
2026-03-27 09:47:05,28.562
2026-03-27 09:47:16,27.812
2026-03-27 09:47:27,27.25
2026-03-27 09:47:48,26.437
2026-03-27 09:48:21,25.812
2026-03-27 09:49:15,25.312
2026-03-27 09:50:21,25.875
2026-03-27 09:50:31,27.875
2026-03-27 09:50:42,29.937
2026-03-27 09:50:53,31.375
2026-03-27 09:51:04,32.437
2026-03-27 09:51:15,33.125
2026-03-27 09:51:26,33.75
2026-03-27 09:51:48,34.625
2026-03-27 09:52:09,35.125
2026-03-27 09:52:53,35.687
2026-03-27 09:54:42,36.25
2026-03-27 09:59:14,35.437
2026-03-27 09:59:25,33.812
2026-03-27 09:59:36,32.187
2026-03-27 09:59:46,30.75
2026-03-27 09:59:57,29.562
2026-03-27 10:00:08,28.625
2026-03-27 10:00:19,27.937
2026-03-27 10:00:30,27.375
2026-03-27 10:00:52,26.625
2026-03-27 10:01:25,26.0
2026-03-27 10:02:08,25.5
2026-03-27 10:03:24,26.625
2026-03-27 10:03:35,28.75
2026-03-27 10:03:46,30.625
2026-03-27 10:03:57,31.812
2026-03-27 10:04:08,32.687
2026-03-27 10:04:19,33.375
2026-03-27 10:04:30,33.875
2026-03-27 10:04:51,34.562
2026-03-27 10:05:24,35.187
2026-03-27 10:06:18,35.687
2026-03-27 10:07:45,36.187
2026-03-27 10:09:23,34.625
2026-03-27 10:09:34,32.937
2026-03-27 10:09:45,31.375
2026-03-27 10:09:56,30.062
2026-03-27 10:10:07,29.062
2026-03-27 10:10:18,28.25
2026-03-27 10:10:29,27.687
2026-03-27 10:10:40,27.187
2026-03-27 10:11:01,26.562
2026-03-27 10:11:34,25.937
2026-03-27 10:12:29,25.375
2026-03-27 10:13:34,27.625
2026-03-27 10:13:45,29.812
2026-03-27 10:13:56,31.375
2026-03-27 10:14:06,32.5
2026-03-27 10:14:17,33.375
2026-03-27 10:14:28,34.0
2026-03-27 10:14:39,34.5
2026-03-27 10:15:01,35.0
2026-03-27 10:15:12,34.25
2026-03-27 10:15:23,32.687
2026-03-27 10:15:34,31.125
2026-03-27 10:15:44,29.812
2026-03-27 10:15:55,28.75
2026-03-27 10:16:06,27.875
2026-03-27 10:16:17,27.25
2026-03-27 10:16:39,26.437
2026-03-27 10:17:01,25.937
2026-03-27 10:17:33,25.437
2026-03-27 10:19:22,26.562
2026-03-27 10:19:33,28.812
2026-03-27 10:19:44,30.562
2026-03-27 10:19:55,31.812
2026-03-27 10:20:06,32.687
2026-03-27 10:20:17,33.312
2026-03-27 10:20:27,33.812
2026-03-27 10:20:49,34.562
2026-03-27 10:21:11,35.062
2026-03-27 10:21:44,35.625
2026-03-27 10:22:05,35.062
2026-03-27 10:22:16,33.625
2026-03-27 10:22:27,31.937
2026-03-27 10:22:38,30.437
2026-03-27 10:22:49,29.25
2026-03-27 10:23:00,28.312
2026-03-27 10:23:11,27.625
2026-03-27 10:23:21,27.125
2026-03-27 10:23:43,26.375
2026-03-27 10:24:05,25.875
2026-03-27 10:24:49,25.375
2026-03-27 10:26:16,26.0
2026-03-27 10:26:26,28.187
2026-03-27 10:26:37,30.187
2026-03-27 10:26:48,31.625
2026-03-27 10:26:59,32.687
2026-03-27 10:27:10,33.375
2026-03-27 10:27:21,33.937
2026-03-27 10:27:43,34.625
2026-03-27 10:28:15,35.187
2026-03-27 10:29:21,35.75
2026-03-27 10:30:15,34.25
2026-03-27 10:30:26,32.562
2026-03-27 10:30:37,31.0
2026-03-27 10:30:48,29.687
2026-03-27 10:30:59,28.687
2026-03-27 10:31:09,27.937
2026-03-27 10:31:20,27.375
2026-03-27 10:31:31,26.875
2026-03-27 10:31:53,26.25
2026-03-27 10:32:26,25.687
2026-03-27 10:33:20,25.187
2026-03-27 10:34:14,25.75
2026-03-27 10:34:25,27.687
2026-03-27 10:34:36,29.875
2026-03-27 10:34:47,31.437
2026-03-27 10:34:58,32.5
2026-03-27 10:35:09,33.375
2026-03-27 10:35:20,34.0
2026-03-27 10:35:41,34.687
2026-03-27 10:36:03,35.187
2026-03-27 10:36:36,35.75
2026-03-27 10:36:58,34.562
2026-03-27 10:37:08,32.875
2026-03-27 10:37:19,31.25
2026-03-27 10:37:30,29.875
2026-03-27 10:37:41,28.812
2026-03-27 10:37:52,28.0
2026-03-27 10:38:03,27.312
2026-03-27 10:38:25,26.437
2026-03-27 10:38:46,25.937
2026-03-27 10:39:30,25.375
2026-03-27 10:40:46,24.875
2026-03-27 10:41:08,26.812
2026-03-27 10:41:19,29.0
2026-03-27 10:41:30,30.75
2026-03-27 10:41:41,31.937
2026-03-27 10:41:51,32.75
2026-03-27 10:42:02,33.312
2026-03-27 10:42:13,33.812
2026-03-27 10:42:35,34.5
2026-03-27 10:42:57,35.0
2026-03-27 10:43:40,35.5
2026-03-27 10:45:18,36.0
2026-03-27 10:47:29,35.0
2026-03-27 10:47:40,33.375
2026-03-27 10:47:51,31.75
2026-03-27 10:48:01,30.375
2026-03-27 10:48:12,29.25
2026-03-27 10:48:23,28.375
2026-03-27 10:48:34,27.687
2026-03-27 10:48:45,27.187
2026-03-27 10:49:07,26.437
2026-03-27 10:49:39,25.875
2026-03-27 10:50:23,25.375
2026-03-27 10:51:39,26.937
2026-03-27 10:51:50,29.187
2026-03-27 10:52:01,31.062
2026-03-27 10:52:12,32.312
2026-03-27 10:52:23,33.187
2026-03-27 10:52:34,33.937
2026-03-27 10:52:45,34.437
2026-03-27 10:53:06,35.062
2026-03-27 10:53:50,35.625
2026-03-27 10:54:55,34.937
2026-03-27 10:55:06,33.25
2026-03-27 10:55:17,31.625
2026-03-27 10:55:28,30.187
2026-03-27 10:55:39,29.125
2026-03-27 10:55:49,28.187
2026-03-27 10:56:00,27.562
2026-03-27 10:56:11,27.062
2026-03-27 10:56:33,26.312
2026-03-27 10:57:06,25.75
2026-03-27 10:58:00,25.25
2026-03-27 10:59:05,26.75
2026-03-27 10:59:16,29.0
2026-03-27 10:59:27,30.812
2026-03-27 10:59:38,32.062
2026-03-27 10:59:49,33.0
2026-03-27 11:00:00,33.687
2026-03-27 11:00:11,34.25
2026-03-27 11:00:43,32.812
2026-03-27 11:00:54,31.25
2026-03-27 11:01:05,29.812
2026-03-27 11:01:16,28.687
2026-03-27 11:01:27,27.812
2026-03-27 11:01:38,27.187
2026-03-27 11:01:49,26.687
2026-03-27 11:02:11,26.0
2026-03-27 11:02:43,25.437
2026-03-27 11:03:59,24.937
2026-03-27 11:04:43,26.0
2026-03-27 11:04:54,28.187
2026-03-27 11:05:05,30.125
2026-03-27 11:05:16,31.5
2026-03-27 11:05:27,32.5
2026-03-27 11:05:37,33.187
2026-03-27 11:05:48,33.75
2026-03-27 11:06:10,34.437
2026-03-27 11:06:32,34.937
2026-03-27 11:07:04,35.5
2026-03-27 11:07:48,34.562
2026-03-27 11:07:59,32.812
2026-03-27 11:08:10,31.187
2026-03-27 11:08:21,29.875
2026-03-27 11:08:31,28.75
2026-03-27 11:08:42,27.937
2026-03-27 11:08:53,27.312
2026-03-27 11:09:04,26.812
2026-03-27 11:09:26,26.187
2026-03-27 11:09:59,25.562
2026-03-27 11:11:04,25.062
2026-03-27 11:11:58,26.937
2026-03-27 11:12:09,29.312
2026-03-27 11:12:20,31.062
2026-03-27 11:12:31,32.312
2026-03-27 11:12:42,33.187
2026-03-27 11:12:53,33.812
2026-03-27 11:13:03,34.312
2026-03-27 11:13:25,34.937
2026-03-27 11:13:58,35.5
2026-03-27 11:14:09,34.687
2026-03-27 11:14:20,33.125
2026-03-27 11:14:31,31.5
2026-03-27 11:14:41,30.062
2026-03-27 11:14:52,28.875
2026-03-27 11:15:03,28.0
2026-03-27 11:15:14,27.312
2026-03-27 11:15:25,26.812
2026-03-27 11:15:47,26.125
2026-03-27 11:16:19,25.5
2026-03-27 11:17:25,25.0
2026-03-27 11:18:19,26.125
2026-03-27 11:18:30,28.312
2026-03-27 11:18:41,30.312
2026-03-27 11:18:52,31.625
2026-03-27 11:19:03,32.562
2026-03-27 11:19:13,33.25
2026-03-27 11:19:24,33.812
2026-03-27 11:19:46,34.5
2026-03-27 11:20:08,35.0
2026-03-27 11:20:41,35.5
2026-03-27 11:21:46,36.0
2026-03-27 11:26:18,35.0
2026-03-27 11:26:29,33.312
2026-03-27 11:26:40,31.687
2026-03-27 11:26:50,30.312
2026-03-27 11:27:01,29.187
2026-03-27 11:27:12,28.312
2026-03-27 11:27:23,27.625
2026-03-27 11:27:45,26.75
2026-03-27 11:28:07,26.187
2026-03-27 11:28:39,25.625
2026-03-27 11:29:45,25.125
2026-03-27 11:31:44,24.625
2026-03-27 11:35:00,25.437
2026-03-27 11:35:11,32.812
2026-03-27 11:35:22,38.125
2026-03-27 11:35:44,35.25
2026-03-27 11:35:55,32.812
2026-03-27 11:36:05,30.937
2026-03-27 11:36:16,29.562
2026-03-27 11:36:27,28.5
2026-03-27 11:36:38,27.687
2026-03-27 11:36:49,27.125
2026-03-27 11:37:00,26.625
2026-03-27 11:37:22,26.0
2026-03-27 11:37:54,25.437
2026-03-27 11:38:49,24.937
2026-03-27 11:39:21,25.75
2026-03-27 11:39:32,27.687
2026-03-27 11:39:43,29.437
2026-03-27 11:39:54,30.75
2026-03-27 11:40:05,31.5
2026-03-27 11:40:16,32.0
2026-03-27 11:40:38,32.687
2026-03-27 11:40:59,33.187
2026-03-27 11:41:43,33.75
2026-03-27 11:42:26,34.25
2026-03-27 11:45:20,34.875
2026-03-27 11:45:42,35.437
2026-03-27 11:46:04,34.562
2026-03-27 11:46:15,33.062
2026-03-27 11:46:26,31.437
2026-03-27 11:46:37,30.125
2026-03-27 11:46:47,29.062
2026-03-27 11:46:58,28.187
2026-03-27 11:47:09,27.562
2026-03-27 11:47:20,27.062
2026-03-27 11:47:42,26.312
2026-03-27 11:48:15,25.75
2026-03-27 11:49:09,25.25
2026-03-27 11:50:14,26.687
2026-03-27 11:50:25,28.937
2026-03-27 11:50:36,30.687
2026-03-27 11:50:47,31.937
2026-03-27 11:50:58,32.875
2026-03-27 11:51:09,33.562
2026-03-27 11:51:30,34.375
2026-03-27 11:51:52,34.875
2026-03-27 11:52:36,35.437
2026-03-27 11:53:08,35.937
2026-03-27 11:53:30,34.937
2026-03-27 11:53:41,33.312
2026-03-27 11:53:52,31.687
2026-03-27 11:54:03,30.312
2026-03-27 11:54:14,29.125
2026-03-27 11:54:25,28.25
2026-03-27 11:54:35,27.625
2026-03-27 11:54:46,27.062
2026-03-27 11:55:08,26.312
2026-03-27 11:55:41,25.75
2026-03-27 11:56:35,25.25
2026-03-27 11:57:40,26.625
2026-03-27 11:57:51,28.875
2026-03-27 11:58:02,30.75
2026-03-27 11:58:13,32.0
2026-03-27 11:58:24,32.937
2026-03-27 11:58:35,33.625
2026-03-27 11:58:46,34.125
2026-03-27 11:59:07,34.687
2026-03-27 11:59:29,35.187
2026-03-27 12:00:13,35.687
2026-03-27 12:01:18,33.75
2026-03-27 12:01:29,32.062
2026-03-27 12:01:40,30.625
2026-03-27 12:01:51,29.375
2026-03-27 12:02:02,28.437
2026-03-27 12:02:13,27.687
2026-03-27 12:02:24,27.125
2026-03-27 12:02:45,26.375
2026-03-27 12:03:18,25.75
2026-03-27 12:04:12,25.187
2026-03-27 12:05:18,26.062
2026-03-27 12:05:29,28.375
2026-03-27 12:05:39,30.437
2026-03-27 12:05:50,31.875
2026-03-27 12:06:01,32.875
2026-03-27 12:06:12,33.562
2026-03-27 12:06:23,34.125
2026-03-27 12:06:45,34.75
2026-03-27 12:07:07,35.25
2026-03-27 12:07:50,34.187
2026-03-27 12:08:01,32.562
2026-03-27 12:08:12,31.0
2026-03-27 12:08:23,29.625
2026-03-27 12:08:34,28.625
2026-03-27 12:08:44,27.812
2026-03-27 12:08:55,27.187
2026-03-27 12:09:06,26.687
2026-03-27 12:09:28,26.062
2026-03-27 12:10:01,25.5
2026-03-27 12:11:06,25.0
2026-03-27 12:12:00,27.0
2026-03-27 12:12:11,29.25
2026-03-27 12:12:22,30.875
2026-03-27 12:12:33,32.0
2026-03-27 12:12:44,32.75
2026-03-27 12:12:55,33.375
2026-03-27 12:13:06,33.875
2026-03-27 12:13:16,34.375
2026-03-27 12:13:38,35.125
2026-03-27 12:14:11,35.625
2026-03-27 12:14:22,34.875
2026-03-27 12:14:33,33.25
2026-03-27 12:14:43,31.625
2026-03-27 12:14:54,30.187
2026-03-27 12:15:05,29.0
2026-03-27 12:15:16,28.062
2026-03-27 12:15:27,27.375
2026-03-27 12:15:38,26.875
2026-03-27 12:16:00,26.125
2026-03-27 12:16:32,25.5
2026-03-27 12:17:38,25.0
2026-03-27 12:18:32,26.187
2026-03-27 12:18:43,28.5
2026-03-27 12:18:54,30.437
2026-03-27 12:19:16,29.875
2026-03-27 12:19:26,28.812
2026-03-27 12:19:37,27.875
2026-03-27 12:19:48,27.062
2026-03-27 12:19:59,26.5
2026-03-27 12:20:21,25.75
2026-03-27 12:20:43,25.25
2026-03-27 12:21:48,24.75
2026-03-27 12:23:15,26.062
2026-03-27 12:23:26,28.375
2026-03-27 12:23:37,30.312
2026-03-27 12:23:48,31.687
2026-03-27 12:23:59,32.687
2026-03-27 12:24:09,33.437
2026-03-27 12:24:31,32.937
2026-03-27 12:24:42,31.437
2026-03-27 12:24:53,30.0
2026-03-27 12:25:04,28.75
2026-03-27 12:25:15,27.812
2026-03-27 12:25:26,27.062
2026-03-27 12:25:36,26.5
2026-03-27 12:25:58,25.812
2026-03-27 12:26:31,25.25
2026-03-27 12:27:36,24.75
2026-03-27 12:28:41,26.562
2026-03-27 12:28:52,28.875
2026-03-27 12:29:03,30.687
2026-03-27 12:29:14,31.937
2026-03-27 12:29:25,32.875
2026-03-27 12:29:36,33.5
2026-03-27 12:29:58,34.312
2026-03-27 12:30:19,35.0
2026-03-27 12:30:41,33.5
2026-03-27 12:30:52,31.812
2026-03-27 12:31:03,30.312
2026-03-27 12:31:14,29.0
2026-03-27 12:31:25,28.062
2026-03-27 12:31:35,27.312
2026-03-27 12:31:46,26.75
2026-03-27 12:32:08,26.0
2026-03-27 12:32:30,25.5
2026-03-27 12:33:13,24.937
2026-03-27 12:34:51,27.375
2026-03-27 12:35:02,29.562
2026-03-27 12:35:13,31.125
2026-03-27 12:35:24,32.187
2026-03-27 12:35:35,32.937
2026-03-27 12:35:46,33.5
2026-03-27 12:36:08,34.25
2026-03-27 12:36:29,34.75
2026-03-27 12:36:51,35.25
2026-03-27 12:37:35,35.75
2026-03-27 12:38:07,33.875
2026-03-27 12:38:18,32.187
2026-03-27 12:38:29,30.625
2026-03-27 12:38:40,29.312
2026-03-27 12:38:51,28.312
2026-03-27 12:39:02,27.562
2026-03-27 12:39:13,27.0
2026-03-27 12:39:34,26.187
2026-03-27 12:39:56,25.687
2026-03-27 12:40:40,25.125
2026-03-27 12:42:18,27.687
2026-03-27 12:42:29,29.812
2026-03-27 12:42:39,31.312
2026-03-27 12:42:50,32.437
2026-03-27 12:43:01,33.25
2026-03-27 12:43:12,33.937
2026-03-27 12:43:45,32.375
2026-03-27 12:43:56,30.812
2026-03-27 12:44:06,29.437
2026-03-27 12:44:17,28.312
2026-03-27 12:44:28,27.437
2026-03-27 12:44:39,26.812
2026-03-27 12:45:01,26.0
2026-03-27 12:45:23,25.5
2026-03-27 12:46:06,24.937
2026-03-27 12:47:44,25.937
2026-03-27 12:47:55,28.187
2026-03-27 12:48:06,30.187
2026-03-27 12:48:17,31.562
2026-03-27 12:48:28,32.625
2026-03-27 12:48:38,33.312
2026-03-27 12:48:49,33.875
2026-03-27 12:49:11,34.75
2026-03-27 12:49:33,34.062
2026-03-27 12:49:44,32.5
2026-03-27 12:49:55,30.875
2026-03-27 12:50:06,29.437
2026-03-27 12:50:16,28.375
2026-03-27 12:50:27,27.5
2026-03-27 12:50:38,26.937
2026-03-27 12:50:49,26.437
2026-03-27 12:51:11,25.75
2026-03-27 12:51:43,25.187
2026-03-27 12:53:00,24.687
2026-03-27 12:53:43,26.25
2026-03-27 12:53:54,28.5
2026-03-27 12:54:05,30.437
2026-03-27 12:54:16,31.75
2026-03-27 12:54:27,32.625
2026-03-27 12:54:38,33.25
2026-03-27 12:54:48,33.75
2026-03-27 12:55:10,34.562
2026-03-27 12:55:32,35.125
2026-03-27 12:56:15,33.5
2026-03-27 12:56:26,31.812
2026-03-27 12:56:37,30.25
2026-03-27 12:56:48,29.0
2026-03-27 12:56:59,28.062
2026-03-27 12:57:10,27.312
2026-03-27 12:57:21,26.75
2026-03-27 12:57:43,26.0
2026-03-27 12:58:15,25.375
2026-03-27 12:59:10,24.812
2026-03-27 13:00:15,25.625
2026-03-27 13:00:26,27.875
2026-03-27 13:00:37,29.937
2026-03-27 13:00:48,31.375
2026-03-27 13:00:59,32.437
2026-03-27 13:01:10,33.312
2026-03-27 13:01:21,33.937
2026-03-27 13:01:32,34.437
2026-03-27 13:01:53,35.0
2026-03-27 13:02:37,35.5
2026-03-27 13:04:26,36.0
2026-03-27 13:04:58,35.375
2026-03-27 13:05:09,33.812
2026-03-27 13:05:20,32.062
2026-03-27 13:05:31,30.562
2026-03-27 13:05:42,29.312
2026-03-27 13:05:53,28.375
2026-03-27 13:06:04,27.625
2026-03-27 13:06:15,27.062
2026-03-27 13:06:36,26.312
2026-03-27 13:06:58,25.812
2026-03-27 13:07:31,25.312
2026-03-27 13:08:36,24.812
2026-03-27 13:09:09,25.875
2026-03-27 13:09:19,28.062
2026-03-27 13:09:30,30.125
2026-03-27 13:09:41,31.625
2026-03-27 13:09:52,32.687
2026-03-27 13:10:03,33.5
2026-03-27 13:10:36,31.75
2026-03-27 13:10:47,30.25
2026-03-27 13:10:57,29.0
2026-03-27 13:11:08,28.0
2026-03-27 13:11:19,27.187
2026-03-27 13:11:30,26.625
2026-03-27 13:11:52,25.812
2026-03-27 13:12:25,25.25
2026-03-27 13:13:19,24.75
2026-03-27 13:14:35,26.375
2026-03-27 13:14:46,28.687
2026-03-27 13:14:57,30.687
2026-03-27 13:15:08,32.062
2026-03-27 13:15:29,30.937
2026-03-27 13:15:40,29.625
2026-03-27 13:15:51,28.437
2026-03-27 13:16:02,27.5
2026-03-27 13:16:13,26.75
2026-03-27 13:16:24,26.25
2026-03-27 13:16:46,25.562
2026-03-27 13:17:18,25.0
2026-03-27 13:18:34,24.5
2026-03-27 13:20:45,24.0
2026-03-27 13:24:12,23.5
2026-03-27 13:28:00,23.0
2026-03-27 13:32:11,22.5
2026-03-27 13:43:14,22.0
2026-03-27 13:54:51,21.5
2026-03-27 14:04:27,21.0
2026-03-27 14:13:31,20.5
2026-03-27 14:23:41,20.0
2026-03-27 14:34:45,19.5
2026-03-27 14:47:37,19.0
2026-03-27 15:02:41,18.5
2026-03-27 15:21:33,18.0
2026-03-27 15:37:41,18.5
2026-03-27 15:51:17,19.0
2026-03-27 16:31:22,18.5
2026-03-27 17:01:40,18.0
2026-03-27 17:38:18,18.5
2026-03-27 17:48:27,19.0
2026-03-27 18:32:31,18.5
2026-03-27 19:00:38,18.0
2026-03-27 19:45:16,18.5
2026-03-27 20:00:19,19.0
2026-03-27 20:40:24,18.5
2026-03-27 21:08:41,18.0
2026-03-27 21:53:51,18.5
2026-03-27 22:12:43,19.0
2026-03-27 22:15:48,19.5
2026-03-27 22:59:30,19.0
2026-03-27 23:13:07,19.812
2026-03-27 23:13:18,25.187
2026-03-27 23:13:28,27.812
2026-03-27 23:13:39,27.062
2026-03-27 23:14:12,28.437
2026-03-27 23:14:23,29.437
2026-03-27 23:14:34,30.125
2026-03-27 23:14:45,30.625
2026-03-27 23:15:06,31.312
2026-03-27 23:15:39,31.875
2026-03-27 23:16:23,32.375
2026-03-27 23:18:44,32.875
2026-03-27 23:20:00,33.437
2026-03-27 23:27:05,33.937
2026-03-27 23:42:40,34.437
2026-03-27 23:44:51,33.937
2026-03-27 23:46:29,33.437
2026-03-27 23:47:34,34.937
2026-03-27 23:47:45,40.625
2026-03-27 23:47:56,42.562
2026-03-27 23:48:07,39.937
2026-03-27 23:48:18,36.5
2026-03-27 23:48:29,33.5
2026-03-27 23:48:40,31.25
2026-03-27 23:48:50,29.562
2026-03-27 23:49:01,28.25
2026-03-27 23:49:12,27.25
2026-03-27 23:49:23,26.5
2026-03-27 23:49:34,25.937
2026-03-27 23:49:45,25.437
2026-03-27 23:50:07,24.812
2026-03-27 23:50:39,24.25
2026-03-27 23:51:23,23.75
2026-03-27 23:51:55,24.625
2026-03-27 23:52:06,26.5
2026-03-27 23:52:17,28.125
2026-03-27 23:52:28,29.437
2026-03-27 23:52:39,30.375
2026-03-27 23:52:50,31.062
2026-03-27 23:53:12,31.875
2026-03-27 23:53:33,32.375
2026-03-27 23:54:06,32.875
2026-03-27 23:55:11,33.375
2026-03-27 23:57:22,33.875
2026-03-27 23:58:05,34.375
2026-03-28 00:37:16,34.875
2026-03-28 01:13:11,35.375
2026-03-28 02:08:19,35.875
2026-03-28 02:50:13,35.312
2026-03-28 02:51:51,34.812
2026-03-28 02:52:12,35.75
2026-03-28 02:52:23,41.25
2026-03-28 02:52:34,44.187
2026-03-28 02:52:45,42.062
2026-03-28 02:52:56,38.625
2026-03-28 02:53:07,35.562
2026-03-28 02:53:18,33.25
2026-03-28 02:53:29,31.437
2026-03-28 02:53:39,30.062
2026-03-28 02:53:50,29.0
2026-03-28 02:54:01,28.25
2026-03-28 02:54:12,27.625
2026-03-28 02:54:23,27.125
2026-03-28 02:54:45,26.437
2026-03-28 02:55:17,25.812
2026-03-28 02:56:01,25.312
2026-03-28 02:56:34,26.0
2026-03-28 02:56:44,27.812
2026-03-28 02:56:55,29.562
2026-03-28 02:57:06,30.812
2026-03-28 02:57:17,31.812
2026-03-28 02:57:28,32.5
2026-03-28 02:57:39,33.125
2026-03-28 02:58:01,33.812
2026-03-28 02:58:22,34.312
2026-03-28 03:02:44,34.812
2026-03-28 03:03:16,35.437
2026-03-28 03:04:11,35.937
2026-03-28 03:23:57,36.437
2026-03-28 04:55:21,36.937
2026-03-28 06:10:15,37.437
2026-03-28 06:13:20,36.875
2026-03-28 06:14:36,36.375
2026-03-28 06:16:14,35.875
2026-03-28 06:16:25,38.937
2026-03-28 06:16:36,44.125
2026-03-28 06:16:58,41.562
2026-03-28 06:17:08,38.25
2026-03-28 06:17:19,35.562
2026-03-28 06:17:30,33.562
2026-03-28 06:17:41,31.937
2026-03-28 06:17:52,30.75
2026-03-28 06:18:03,29.875
2026-03-28 06:18:14,29.187
2026-03-28 06:18:25,28.625
2026-03-28 06:18:46,27.812
2026-03-28 06:19:08,27.312
2026-03-28 06:19:41,26.812
2026-03-28 06:20:46,28.0
2026-03-28 06:20:57,29.875
2026-03-28 06:21:08,31.375
2026-03-28 06:21:19,32.312
2026-03-28 06:21:30,32.937
2026-03-28 06:21:51,33.625
2026-03-28 06:22:24,34.125
2026-03-28 06:23:18,34.625
2026-03-28 06:26:02,35.187
2026-03-28 06:26:45,35.812
2026-03-28 06:27:18,36.437
2026-03-28 06:28:01,36.937
2026-03-28 06:58:29,37.437
2026-03-28 07:39:07,35.687
2026-03-28 07:39:18,34.625
2026-03-28 07:39:29,33.812
2026-03-28 07:39:39,33.25
2026-03-28 07:40:01,32.5
2026-03-28 07:40:23,32.0
2026-03-28 07:41:07,31.437
2026-03-28 07:42:01,30.937
2026-03-28 07:43:17,30.437
2026-03-28 07:44:44,29.937
2026-03-28 07:46:22,29.437
2026-03-28 07:48:00,28.937
2026-03-28 07:49:49,28.437
2026-03-28 07:51:38,27.937
2026-03-28 07:53:26,27.437
2026-03-28 07:55:26,26.937
2026-03-28 07:57:37,26.437
2026-03-28 07:59:47,25.937
2026-03-28 08:02:09,25.437
2026-03-28 08:04:52,24.937
2026-03-28 08:07:14,24.437
2026-03-28 08:10:08,23.937
2026-03-28 08:13:13,23.437
2026-03-28 08:16:29,22.937
2026-03-28 08:21:33,22.437
2026-03-28 08:30:37,21.937
2026-03-28 08:40:47,21.437
2026-03-28 08:49:51,20.937
2026-03-28 08:58:44,20.437
2026-03-28 09:08:10,19.937
2026-03-28 09:18:09,19.437
2026-03-28 09:30:07,18.937
2026-03-28 09:46:16,18.437
2026-03-28 10:08:23,17.937
2026-03-28 10:15:06,18.437
2026-03-28 10:30:31,18.937
2026-03-28 11:12:36,18.437
2026-03-28 11:38:54,17.937
2026-03-28 12:15:10,18.437
2026-03-28 13:28:27,17.937
2026-03-28 14:00:44,18.437
2026-03-28 15:11:28,17.937
2026-03-28 15:35:35,17.437
2026-03-28 15:48:17,17.937
2026-03-28 16:56:07,19.562
2026-03-28 16:56:18,24.437
2026-03-28 16:56:29,26.125
2026-03-28 16:56:40,25.625
2026-03-28 16:57:02,27.0
2026-03-28 16:57:13,28.187
2026-03-28 16:57:24,29.187
2026-03-28 16:57:34,29.937
2026-03-28 16:57:45,30.437
2026-03-28 16:58:07,31.187
2026-03-28 16:58:29,31.687
2026-03-28 17:00:50,32.25
2026-03-28 17:02:39,32.812
2026-03-28 17:03:23,33.375
2026-03-28 17:04:50,33.875
2026-03-28 17:12:05,34.375
2026-03-28 17:30:13,34.875
2026-03-28 17:35:29,34.375
2026-03-28 17:36:56,33.875
2026-03-28 17:38:34,33.375
2026-03-28 17:38:55,34.0
2026-03-28 17:39:06,39.437
2026-03-28 17:39:17,43.0
2026-03-28 17:39:28,41.25
2026-03-28 17:39:39,37.812
2026-03-28 17:39:50,34.687
2026-03-28 17:40:01,32.25
2026-03-28 17:40:12,30.375
2026-03-28 17:40:23,28.937
2026-03-28 17:40:33,27.875
2026-03-28 17:40:44,27.062
2026-03-28 17:40:55,26.5
2026-03-28 17:41:06,25.937
2026-03-28 17:41:28,25.25
2026-03-28 17:41:50,24.75
2026-03-28 17:42:22,24.25
2026-03-28 17:43:27,26.312
2026-03-28 17:43:38,28.062
2026-03-28 17:43:49,29.375
2026-03-28 17:44:00,30.375
2026-03-28 17:44:11,31.187
2026-03-28 17:44:22,31.687
2026-03-28 17:44:44,32.437
2026-03-28 17:45:05,32.937
2026-03-28 17:46:22,32.437
2026-03-28 17:49:05,33.0
2026-03-28 17:49:37,33.5
2026-03-28 17:50:10,34.062
2026-03-28 17:51:37,34.562
2026-03-28 18:16:17,35.062
2026-03-28 19:18:30,35.562
2026-03-28 19:29:12,36.062
2026-03-28 19:34:38,36.562
2026-03-28 19:37:11,36.062
2026-03-28 20:15:48,35.562
2026-03-28 20:17:15,35.0
2026-03-28 20:18:32,35.937
2026-03-28 20:18:42,41.5
2026-03-28 20:18:53,44.062
2026-03-28 20:19:04,41.812
2026-03-28 20:19:15,38.437
2026-03-28 20:19:26,35.5
2026-03-28 20:19:37,33.187
2026-03-28 20:19:48,31.437
2026-03-28 20:19:59,30.062
2026-03-28 20:20:10,29.062
2026-03-28 20:20:20,28.312
2026-03-28 20:20:31,27.687
2026-03-28 20:20:53,26.937
2026-03-28 20:21:15,26.437
2026-03-28 20:21:58,25.875
2026-03-28 20:23:25,25.375
2026-03-28 20:25:58,24.875
2026-03-28 20:29:03,24.375
2026-03-28 20:32:51,23.875
2026-03-28 20:37:02,23.375
2026-03-28 20:41:12,22.875
2026-03-28 20:45:44,22.375
2026-03-28 20:50:38,21.875
2026-03-28 20:56:15,21.375
2026-03-28 21:02:26,20.875
2026-03-28 21:09:19,20.375
2026-03-28 21:17:40,19.875
2026-03-28 21:27:28,19.375
2026-03-28 22:40:44,18.875
2026-03-28 23:01:13,18.375
2026-03-28 23:20:59,18.875
2026-03-29 00:14:51,18.375
2026-03-29 00:37:42,17.875
2026-03-29 01:14:21,18.375
2026-03-29 01:22:52,21.437
2026-03-29 01:23:03,28.25
2026-03-29 01:23:14,30.312
2026-03-29 01:23:25,29.062
2026-03-29 01:23:57,29.75
2026-03-29 01:24:08,30.375
2026-03-29 01:24:19,30.875
2026-03-29 01:24:41,31.562
2026-03-29 01:25:14,32.25
2026-03-29 01:29:35,32.812
2026-03-29 01:30:07,33.312
2026-03-29 01:31:45,33.812
2026-03-29 01:38:39,34.312
2026-03-29 03:00:47,34.812
2026-03-29 03:23:49,35.312
2026-03-29 03:35:25,35.875
2026-03-29 03:39:14,35.375
2026-03-29 03:46:29,35.937
2026-03-29 03:49:01,35.437
2026-03-29 04:10:15,36.0
2026-03-29 04:14:25,35.5
2026-03-29 04:20:24,36.0
2026-03-29 04:23:40,36.5
2026-03-29 04:24:13,34.5
2026-03-29 04:24:24,32.687
2026-03-29 04:24:35,31.125
2026-03-29 04:24:45,29.812
2026-03-29 04:24:56,28.75
2026-03-29 04:25:07,27.937
2026-03-29 04:25:18,27.375
2026-03-29 04:25:29,26.875
2026-03-29 04:25:51,26.25
2026-03-29 04:26:13,25.75
2026-03-29 04:26:56,25.25
2026-03-29 04:28:23,27.75
2026-03-29 04:28:34,29.875
2026-03-29 04:28:45,31.437
2026-03-29 04:28:56,32.375
2026-03-29 04:29:07,33.062
2026-03-29 04:29:17,33.625
2026-03-29 04:29:39,34.312
2026-03-29 04:30:12,34.875
2026-03-29 04:31:50,35.437
2026-03-29 04:32:33,36.0
2026-03-29 04:41:05,36.5
2026-03-29 04:44:53,35.937
2026-03-29 05:14:38,36.437
2026-03-29 05:20:59,35.937
2026-03-29 05:22:26,35.437
2026-03-29 05:23:53,36.0
2026-03-29 05:24:04,41.437
2026-03-29 05:24:15,43.937
2026-03-29 05:24:25,41.562
2026-03-29 05:24:36,38.125
2026-03-29 05:24:47,35.187
2026-03-29 05:24:58,32.937
2026-03-29 05:25:09,31.187
2026-03-29 05:25:20,29.875
2026-03-29 05:25:31,28.937
2026-03-29 05:25:42,28.125
2026-03-29 05:25:53,27.625
2026-03-29 05:26:03,27.125
2026-03-29 05:26:25,26.5
2026-03-29 05:26:47,26.0
2026-03-29 05:27:30,25.5
2026-03-29 05:28:14,26.0
2026-03-29 05:28:25,27.75
2026-03-29 05:28:36,29.312
2026-03-29 05:28:47,30.5
2026-03-29 05:28:57,31.437
2026-03-29 05:29:08,32.062
2026-03-29 05:29:19,32.562
2026-03-29 05:29:41,33.312
2026-03-29 05:30:03,33.812
2026-03-29 05:34:24,34.375
2026-03-29 05:34:57,34.875
2026-03-29 05:36:35,35.375
2026-03-29 05:40:12,35.875
2026-03-29 05:41:39,36.375
2026-03-29 05:43:50,35.875
2026-03-29 06:14:07,36.375
2026-03-29 07:18:30,36.875
2026-03-29 07:21:14,35.562
2026-03-29 07:21:25,33.875
2026-03-29 07:21:35,32.312
2026-03-29 07:21:46,31.0
2026-03-29 07:21:57,29.937
2026-03-29 07:22:08,29.187
2026-03-29 07:22:19,28.562
2026-03-29 07:22:41,27.75
2026-03-29 07:23:03,27.187
2026-03-29 07:23:46,26.625
2026-03-29 07:25:02,26.125
2026-03-29 07:25:24,28.25
2026-03-29 07:25:35,30.25
2026-03-29 07:25:46,31.687
2026-03-29 07:25:57,32.687
2026-03-29 07:26:08,33.562
2026-03-29 07:26:18,34.25
2026-03-29 07:26:29,34.937
2026-03-29 07:26:51,35.562
2026-03-29 07:27:02,34.625
2026-03-29 07:27:13,33.062
2026-03-29 07:27:24,31.562
2026-03-29 07:27:35,30.25
2026-03-29 07:27:45,29.25
2026-03-29 07:27:56,28.5
2026-03-29 07:28:07,28.0
2026-03-29 07:28:18,27.5
2026-03-29 07:28:40,26.937
2026-03-29 07:29:13,26.437
2026-03-29 07:30:40,25.937
2026-03-29 07:31:12,27.562
2026-03-29 07:31:23,29.625
2026-03-29 07:31:34,31.25
2026-03-29 07:31:45,32.375
2026-03-29 07:31:56,33.187
2026-03-29 07:32:07,33.812
2026-03-29 07:32:28,34.625
2026-03-29 07:32:50,35.312
2026-03-29 07:33:23,35.875
2026-03-29 07:37:55,36.437
2026-03-29 07:48:26,36.937
2026-03-29 07:51:31,36.437
2026-03-29 08:07:40,35.75
2026-03-29 08:07:51,34.125
2026-03-29 08:08:01,32.562
2026-03-29 08:08:12,31.25
2026-03-29 08:08:23,30.187
2026-03-29 08:08:34,29.312
2026-03-29 08:08:45,28.75
2026-03-29 08:08:56,28.25
2026-03-29 08:09:18,27.625
2026-03-29 08:09:50,27.0
2026-03-29 08:10:45,26.5
2026-03-29 08:11:50,27.937
2026-03-29 08:12:01,29.937
2026-03-29 08:12:12,31.562
2026-03-29 08:12:23,32.562
2026-03-29 08:12:34,33.312
2026-03-29 08:12:44,33.812
2026-03-29 08:13:06,34.562
2026-03-29 08:13:28,35.062
2026-03-29 08:14:01,35.687
2026-03-29 08:14:44,36.187
2026-03-29 08:15:06,35.687
2026-03-29 08:15:17,34.187
2026-03-29 08:15:28,32.562
2026-03-29 08:15:39,31.187
2026-03-29 08:15:49,30.062
2026-03-29 08:16:00,29.25
2026-03-29 08:16:11,28.562
2026-03-29 08:16:22,28.062
2026-03-29 08:16:44,27.437
2026-03-29 08:17:16,26.812
2026-03-29 08:18:11,26.312
2026-03-29 08:19:16,27.187
2026-03-29 08:19:27,29.25
2026-03-29 08:19:38,31.0
2026-03-29 08:19:49,32.25
2026-03-29 08:20:00,33.125
2026-03-29 08:20:11,33.812
2026-03-29 08:20:32,34.562
2026-03-29 08:20:54,35.062
2026-03-29 08:21:38,35.625
2026-03-29 08:23:59,36.125
2026-03-29 08:26:21,36.625
2026-03-29 08:28:53,36.125
2026-03-29 08:30:09,35.625
2026-03-29 08:31:36,35.125
2026-03-29 08:33:36,34.625
2026-03-29 08:34:41,34.125
2026-03-29 08:36:08,33.562
2026-03-29 08:37:46,33.062
2026-03-29 08:39:24,32.562
2026-03-29 08:40:51,32.062
2026-03-29 08:42:51,31.437
2026-03-29 08:44:29,30.937
2026-03-29 08:46:18,30.437
2026-03-29 08:48:06,29.937
2026-03-29 08:49:55,29.437
2026-03-29 08:51:44,28.937
2026-03-29 08:53:44,28.437
2026-03-29 08:55:43,27.937
2026-03-29 08:57:54,27.437
2026-03-29 09:00:16,26.937
2026-03-29 09:02:26,26.437
2026-03-29 09:04:59,25.937
2026-03-29 09:07:42,25.437
2026-03-29 09:10:25,24.937
2026-03-29 09:13:19,24.437
2026-03-29 09:16:35,23.937
2026-03-29 09:20:02,23.437
2026-03-29 09:23:39,22.937
2026-03-29 09:27:39,22.437
2026-03-29 09:32:00,21.937
2026-03-29 09:36:54,21.437
2026-03-29 09:42:20,20.937
2026-03-29 09:49:03,20.437
2026-03-29 09:56:07,19.937
2026-03-29 10:04:49,19.437
2026-03-29 10:14:59,18.937
2026-03-29 10:25:41,19.437
2026-03-29 11:07:14,18.937
2026-03-29 11:27:11,18.437
2026-03-29 11:50:13,17.937
2026-03-29 11:59:17,18.437
2026-03-29 12:11:37,18.937
2026-03-29 12:44:48,18.437
2026-03-29 13:04:13,17.937
2026-03-29 13:40:18,18.437
2026-03-29 14:27:50,17.937
2026-03-29 14:51:57,17.437
2026-03-29 15:10:16,17.937
2026-03-29 16:12:50,17.437
2026-03-29 16:33:52,18.375
2026-03-29 16:34:03,22.312
2026-03-29 16:34:14,24.25
2026-03-29 16:34:36,25.5
2026-03-29 16:34:47,26.812
2026-03-29 16:34:57,28.25
2026-03-29 16:35:08,29.687
2026-03-29 16:35:19,30.812
2026-03-29 16:35:30,31.625
2026-03-29 16:35:41,32.187
2026-03-29 16:36:03,32.937
2026-03-29 16:36:25,33.437
2026-03-29 16:36:57,33.937
2026-03-29 16:38:57,34.437
2026-03-29 16:40:02,35.0
2026-03-29 16:40:46,35.5
2026-03-29 16:42:35,36.0
2026-03-29 16:43:29,35.5
2026-03-29 16:53:27,35.0
2026-03-29 16:54:33,34.437
2026-03-29 16:56:00,33.937
2026-03-29 16:56:33,35.75
2026-03-29 16:56:43,41.625
2026-03-29 16:56:54,43.25
2026-03-29 16:57:05,40.5
2026-03-29 16:57:16,36.937
2026-03-29 16:57:27,33.875
2026-03-29 16:57:38,31.562
2026-03-29 16:57:49,29.875
2026-03-29 16:58:00,28.5
2026-03-29 16:58:10,27.5
2026-03-29 16:58:21,26.812
2026-03-29 16:58:32,26.187
2026-03-29 16:58:54,25.375
2026-03-29 16:59:16,24.875
2026-03-29 16:59:48,24.312
2026-03-29 17:00:54,24.937
2026-03-29 17:01:05,26.75
2026-03-29 17:01:16,28.5
2026-03-29 17:01:26,29.937
2026-03-29 17:01:37,31.0
2026-03-29 17:01:48,31.812
2026-03-29 17:01:59,32.437
2026-03-29 17:02:10,32.937
2026-03-29 17:02:32,33.687
2026-03-29 17:03:26,34.187
2026-03-29 17:05:37,34.687
2026-03-29 17:06:42,35.187
2026-03-29 17:07:26,35.687
2026-03-29 17:12:09,35.187
2026-03-29 17:19:24,35.75
2026-03-29 17:28:28,35.25
2026-03-29 17:30:17,35.75
2026-03-29 17:35:10,36.25
2026-03-29 17:36:16,35.75
2026-03-29 17:38:05,35.25
2026-03-29 17:40:04,35.812
2026-03-29 17:41:53,35.312
2026-03-29 17:51:08,35.937
2026-03-29 17:57:40,35.437
2026-03-29 18:32:07,35.937
2026-03-29 19:21:05,35.437
2026-03-29 19:22:22,34.937
2026-03-29 19:24:10,34.437
2026-03-29 19:25:59,33.937
2026-03-29 19:27:05,37.937
2026-03-29 19:27:15,42.937
2026-03-29 19:27:37,39.5
2026-03-29 19:27:48,36.25
2026-03-29 19:27:59,33.687
2026-03-29 19:28:10,31.75
2026-03-29 19:28:21,30.25
2026-03-29 19:28:32,29.187
2026-03-29 19:28:43,28.25
2026-03-29 19:28:53,27.625
2026-03-29 19:29:04,27.062
2026-03-29 19:29:26,26.312
2026-03-29 19:29:48,25.812
2026-03-29 19:30:20,25.312
2026-03-29 19:31:26,26.812
2026-03-29 19:31:37,28.625
2026-03-29 19:31:47,30.187
2026-03-29 19:31:58,31.312
2026-03-29 19:32:09,32.125
2026-03-29 19:32:20,32.687
2026-03-29 19:32:31,33.187
2026-03-29 19:32:53,33.812
2026-03-29 19:33:58,34.312
2026-03-29 19:36:30,34.812
2026-03-29 19:37:36,35.312
2026-03-29 19:41:35,35.812
2026-03-29 20:30:22,36.312
2026-03-29 20:49:25,36.812
2026-03-29 21:26:47,35.312
2026-03-29 21:26:58,34.125
2026-03-29 21:27:08,33.187
2026-03-29 21:27:19,32.562
2026-03-29 21:27:41,31.75
2026-03-29 21:28:03,31.25
2026-03-29 21:28:35,30.75
2026-03-29 21:29:30,30.25
2026-03-29 21:30:46,29.687
2026-03-29 21:32:13,29.187
2026-03-29 21:34:02,28.625
2026-03-29 21:35:51,28.125
2026-03-29 21:37:40,27.625
2026-03-29 21:39:39,27.125
2026-03-29 21:43:06,26.625
2026-03-29 21:45:38,26.125
2026-03-29 21:49:38,25.625
2026-03-29 21:53:26,25.125
2026-03-29 21:57:26,24.625
2026-03-29 22:01:14,24.125
2026-03-29 22:05:25,23.625
2026-03-29 22:09:24,23.125
2026-03-29 22:13:45,22.625
2026-03-29 22:18:39,22.125
2026-03-29 22:23:33,21.625
2026-03-29 22:29:21,21.125
2026-03-29 22:35:09,20.625
2026-03-29 22:41:41,20.125
2026-03-29 22:49:07,19.625
2026-03-29 22:55:17,20.125
2026-03-29 23:27:13,19.625
2026-03-29 23:39:11,19.125
2026-03-29 23:52:36,18.625
2026-03-30 00:07:28,18.125
2026-03-30 00:26:31,17.625
2026-03-30 00:44:28,18.125
2026-03-30 00:54:05,18.625
2026-03-30 01:31:16,18.125
2026-03-30 01:54:29,21.25
2026-03-30 01:54:40,25.375
2026-03-30 01:54:51,26.062
2026-03-30 01:55:13,27.187
2026-03-30 01:55:24,28.375
2026-03-30 01:55:35,29.812
2026-03-30 01:55:45,31.187
2026-03-30 01:55:56,32.187
2026-03-30 01:56:07,32.937
2026-03-30 01:56:18,33.5
2026-03-30 01:56:40,34.25
2026-03-30 01:57:02,34.812
2026-03-30 01:57:45,35.375
2026-03-30 01:59:34,35.875
2026-03-30 02:00:39,36.437
2026-03-30 02:01:12,37.0
2026-03-30 03:36:14,36.5
2026-03-30 03:37:30,36.0
2026-03-30 03:38:35,40.687
2026-03-30 03:38:46,44.875
2026-03-30 03:38:57,43.5
2026-03-30 03:39:08,40.125
2026-03-30 03:39:19,36.875
2026-03-30 03:39:30,34.25
2026-03-30 03:39:41,32.25
2026-03-30 03:39:52,30.75
2026-03-30 03:40:03,29.625
2026-03-30 03:40:13,28.75
2026-03-30 03:40:24,28.062
2026-03-30 03:40:35,27.5
2026-03-30 03:40:57,26.75
2026-03-30 03:41:19,26.25
2026-03-30 03:41:51,25.75
2026-03-30 03:42:57,27.437
2026-03-30 03:43:07,29.312
2026-03-30 03:43:18,30.812
2026-03-30 03:43:29,32.062
2026-03-30 03:43:40,32.937
2026-03-30 03:43:51,33.562
2026-03-30 03:44:13,34.375
2026-03-30 03:44:35,34.937
2026-03-30 03:45:18,35.437
2026-03-30 03:46:45,35.937
2026-03-30 03:48:34,36.437
2026-03-30 03:49:28,36.937
2026-03-30 04:05:26,36.437
2026-03-30 04:50:14,37.0
2026-03-30 05:20:20,35.625
2026-03-30 05:20:31,34.312
2026-03-30 05:20:42,32.625
2026-03-30 05:20:53,31.187
2026-03-30 05:21:04,30.062
2026-03-30 05:21:15,29.125
2026-03-30 05:21:26,28.5
2026-03-30 05:21:36,28.0
2026-03-30 05:21:58,27.25
2026-03-30 05:22:31,26.625
2026-03-30 05:23:25,26.062
2026-03-30 05:24:31,27.937
2026-03-30 05:24:41,29.75
2026-03-30 05:24:52,31.25
2026-03-30 05:25:03,32.437
2026-03-30 05:25:14,33.187
2026-03-30 05:25:25,33.75
2026-03-30 05:25:47,34.5
2026-03-30 05:26:19,35.062
2026-03-30 05:27:03,35.562
2026-03-30 05:29:46,36.125
2026-03-30 05:30:30,36.687
2026-03-30 05:32:08,37.187
2026-03-30 05:36:18,37.687
2026-03-30 05:49:11,37.187
2026-03-30 05:54:26,37.687
2026-03-30 06:31:04,37.187
2026-03-30 06:32:09,36.687
2026-03-30 06:33:47,36.187
2026-03-30 06:34:31,39.187
2026-03-30 06:34:42,44.437
2026-03-30 06:35:03,41.687
2026-03-30 06:35:14,38.312
2026-03-30 06:35:25,35.562
2026-03-30 06:35:36,33.5
2026-03-30 06:35:47,31.875
2026-03-30 06:35:58,30.75
2026-03-30 06:36:09,29.812
2026-03-30 06:36:20,29.062
2026-03-30 06:36:31,28.5
2026-03-30 06:36:52,27.75
2026-03-30 06:37:14,27.187
2026-03-30 06:37:47,26.687
2026-03-30 06:38:52,27.812
2026-03-30 06:39:03,29.687
2026-03-30 06:39:14,31.312
2026-03-30 06:39:25,32.437
2026-03-30 06:39:35,33.25
2026-03-30 06:39:46,33.812
2026-03-30 06:40:08,34.562
2026-03-30 06:40:41,35.187
2026-03-30 06:41:57,35.687
2026-03-30 06:44:08,36.187
2026-03-30 06:45:13,36.75
2026-03-30 06:45:56,37.25
2026-03-30 06:55:22,37.75
2026-03-30 07:09:09,37.25
2026-03-30 07:23:51,36.375
2026-03-30 07:24:02,35.062
2026-03-30 07:24:13,34.125
2026-03-30 07:24:24,33.375
2026-03-30 07:24:34,32.875
2026-03-30 07:24:56,32.187
2026-03-30 07:25:29,31.562
2026-03-30 07:26:12,31.062
2026-03-30 07:27:18,30.562
2026-03-30 07:28:45,30.0
2026-03-30 07:30:23,29.5
2026-03-30 07:31:50,29.0
2026-03-30 07:33:38,28.5
2026-03-30 07:35:16,28.0
2026-03-30 07:37:05,27.5
2026-03-30 07:39:05,27.0
2026-03-30 07:40:54,26.5
2026-03-30 07:42:53,26.0
2026-03-30 07:45:04,25.5
2026-03-30 07:47:15,25.0
2026-03-30 07:49:47,24.5
2026-03-30 07:52:19,24.0
2026-03-30 07:55:13,23.5
2026-03-30 07:58:18,23.0
2026-03-30 08:01:34,22.5
2026-03-30 08:05:23,22.0
2026-03-30 08:09:44,21.5
2026-03-30 08:18:26,21.0
2026-03-30 08:37:07,20.5
2026-03-30 08:49:05,20.0
2026-03-30 09:00:31,19.5
2026-03-30 09:12:40,19.0
2026-03-30 09:27:11,18.5
2026-03-30 09:48:02,18.0
2026-03-30 10:16:42,18.5
2026-03-30 11:35:14,18.0
2026-03-30 12:07:42,22.187
2026-03-30 12:07:53,29.875
2026-03-30 12:08:04,32.187
2026-03-30 12:08:15,30.75
2026-03-30 12:08:26,30.25
2026-03-30 12:08:47,31.437
2026-03-30 12:08:58,32.187
2026-03-30 12:09:09,32.687
2026-03-30 12:09:31,33.25
2026-03-30 12:10:15,33.75
2026-03-30 12:11:31,34.25
2026-03-30 12:13:30,34.75
2026-03-30 12:14:36,35.312
2026-03-30 12:15:52,35.812
2026-03-30 12:18:13,35.312
2026-03-30 12:20:24,35.937
2026-03-30 12:22:02,35.437
2026-03-30 12:39:48,36.062
2026-03-30 12:42:42,35.562
2026-03-30 13:20:37,36.062
2026-03-30 13:43:50,36.562
2026-03-30 13:46:22,36.062
2026-03-30 13:59:36,36.562
2026-03-30 14:50:45,37.062
2026-03-30 15:07:26,36.562
2026-03-30 15:12:53,36.0
2026-03-30 15:14:20,35.5
2026-03-30 15:15:14,38.437
2026-03-30 15:15:25,43.75
2026-03-30 15:15:36,44.25
2026-03-30 15:15:47,41.25
2026-03-30 15:15:58,37.937
2026-03-30 15:16:09,35.187
2026-03-30 15:16:20,33.125
2026-03-30 15:16:30,31.562
2026-03-30 15:16:41,30.312
2026-03-30 15:16:52,29.437
2026-03-30 15:17:03,28.687
2026-03-30 15:17:14,28.125
2026-03-30 15:17:36,27.312
2026-03-30 15:17:57,26.812
2026-03-30 15:18:30,26.312
2026-03-30 15:19:35,27.375
2026-03-30 15:19:46,29.187
2026-03-30 15:19:57,30.687
2026-03-30 15:20:08,31.875
2026-03-30 15:20:19,32.687
2026-03-30 15:20:30,33.25
2026-03-30 15:21:02,33.812
2026-03-30 15:22:19,34.312
2026-03-30 15:24:40,34.875
2026-03-30 15:25:45,35.5
2026-03-30 15:26:18,36.062
2026-03-30 15:27:23,36.562
2026-03-30 15:38:05,37.062
2026-03-30 16:14:11,36.375
2026-03-30 16:14:22,35.187
2026-03-30 16:14:33,34.062
2026-03-30 16:14:43,33.312
2026-03-30 16:14:54,32.75
2026-03-30 16:15:16,32.0
2026-03-30 16:15:49,31.375
2026-03-30 16:16:32,30.875
2026-03-30 16:17:38,30.375
2026-03-30 16:19:05,29.875
2026-03-30 16:20:43,29.375
2026-03-30 16:22:20,28.875
2026-03-30 16:24:09,28.375
2026-03-30 16:25:58,27.875
2026-03-30 16:27:58,27.375
2026-03-30 16:29:57,26.875
2026-03-30 16:32:08,26.375
2026-03-30 16:34:29,25.875
2026-03-30 16:36:51,25.375
2026-03-30 16:39:34,24.875
2026-03-30 16:42:28,24.375
2026-03-30 16:45:33,23.875
2026-03-30 16:48:38,23.375
2026-03-30 16:52:38,22.875
2026-03-30 16:56:26,22.375
2026-03-30 17:00:48,21.875
2026-03-30 17:25:39,21.375
2026-03-30 17:35:38,20.875
2026-03-30 17:45:36,20.375
2026-03-30 17:55:57,19.875
2026-03-30 18:08:17,19.375
2026-03-30 18:23:41,18.875
2026-03-30 18:40:33,18.375
2026-03-30 19:05:03,18.875
2026-03-30 20:09:14,19.375
2026-03-30 20:54:24,18.875
2026-03-30 21:19:58,19.375
2026-03-30 21:51:32,18.875
2026-03-30 22:08:13,18.375
2026-03-30 22:28:10,17.875
2026-03-30 22:43:03,18.375
2026-03-30 22:51:34,18.875
2026-03-30 23:39:38,18.375
2026-03-31 00:01:13,17.875
2026-03-31 00:25:42,17.375
2026-03-31 00:34:35,17.875
2026-03-31 00:45:06,18.375
2026-03-31 01:39:09,17.875
2026-03-31 02:06:43,17.375
2026-03-31 02:37:11,16.875
2026-03-31 02:43:21,17.375
2026-03-31 02:52:04,17.875
2026-03-31 03:52:17,18.875
2026-03-31 03:52:27,23.5
2026-03-31 03:52:38,25.875
2026-03-31 03:53:11,27.062
2026-03-31 03:53:22,28.25
2026-03-31 03:53:33,29.625
2026-03-31 03:53:44,30.937
2026-03-31 03:53:55,31.875
2026-03-31 03:54:05,32.562
2026-03-31 03:54:16,33.062
2026-03-31 03:54:38,33.75
2026-03-31 03:55:00,34.312
2026-03-31 03:55:43,34.875
2026-03-31 03:57:32,35.375
2026-03-31 03:58:48,35.875
2026-03-31 04:00:37,36.375
2026-03-31 04:10:25,35.875
2026-03-31 05:57:47,35.375
2026-03-31 05:59:03,34.875
2026-03-31 06:00:30,34.375
2026-03-31 06:00:52,35.5
2026-03-31 06:01:03,41.312
2026-03-31 06:01:14,44.187
2026-03-31 06:01:25,41.937
2026-03-31 06:01:35,38.375
2026-03-31 06:01:46,35.25
2026-03-31 06:01:57,32.812
2026-03-31 06:02:08,30.937
2026-03-31 06:02:19,29.562
2026-03-31 06:02:30,28.5
2026-03-31 06:02:41,27.625
2026-03-31 06:02:52,27.0
2026-03-31 06:03:03,26.5
2026-03-31 06:03:24,25.812
2026-03-31 06:03:46,25.312
2026-03-31 06:04:30,24.75
2026-03-31 06:05:13,25.312
2026-03-31 06:05:24,27.125
2026-03-31 06:05:35,28.875
2026-03-31 06:05:46,30.437
2026-03-31 06:05:57,31.562
2026-03-31 06:06:08,32.437
2026-03-31 06:06:18,33.062
2026-03-31 06:06:40,33.812
2026-03-31 06:07:02,34.312
2026-03-31 06:07:35,34.812
2026-03-31 06:08:40,35.312
2026-03-31 06:10:40,35.812
2026-03-31 06:11:34,36.312
2026-03-31 06:17:22,35.812
2026-03-31 06:29:31,36.312
2026-03-31 06:50:55,36.812
2026-03-31 06:55:16,36.312
2026-03-31 07:26:39,36.812
2026-03-31 07:28:39,36.312
2026-03-31 07:34:16,36.812
2026-03-31 07:40:26,37.312
2026-03-31 07:42:15,36.812
2026-03-31 08:13:16,37.312
2026-03-31 08:16:32,36.812
2026-03-31 08:26:08,37.312
2026-03-31 08:27:35,36.812
2026-03-31 08:31:57,36.312
2026-03-31 08:33:24,35.812
2026-03-31 08:34:07,36.375
2026-03-31 08:34:18,41.625
2026-03-31 08:34:29,44.812
2026-03-31 08:34:40,42.937
2026-03-31 08:34:51,39.5
2026-03-31 08:35:02,36.375
2026-03-31 08:35:13,33.937
2026-03-31 08:35:23,32.125
2026-03-31 08:35:34,30.687
2026-03-31 08:35:45,29.687
2026-03-31 08:35:56,28.875
2026-03-31 08:36:07,28.187
2026-03-31 08:36:18,27.687
2026-03-31 08:36:40,27.0
2026-03-31 08:37:01,26.5
2026-03-31 08:37:34,26.0
2026-03-31 08:38:39,28.375
2026-03-31 08:38:50,30.25
2026-03-31 08:39:01,31.562
2026-03-31 08:39:12,32.437
2026-03-31 08:39:23,33.062
2026-03-31 08:39:45,33.812
2026-03-31 08:40:06,34.375
2026-03-31 08:40:50,34.875
2026-03-31 08:43:01,35.375
2026-03-31 08:44:49,35.937
2026-03-31 08:45:22,36.562
2026-03-31 08:47:11,37.062
2026-03-31 08:52:48,37.562
2026-03-31 08:56:47,38.062
2026-03-31 08:57:42,37.562
2026-03-31 08:58:58,38.062
2026-03-31 09:00:25,38.562
2026-03-31 09:03:52,38.062
2026-03-31 09:08:35,37.562
2026-03-31 09:09:51,38.062
2026-03-31 09:11:07,38.562
2026-03-31 09:12:56,39.125
2026-03-31 09:13:29,38.625
2026-03-31 09:17:06,38.125
2026-03-31 09:19:06,37.625
2026-03-31 09:26:32,38.312
2026-03-31 09:33:36,37.812
2026-03-31 09:37:25,38.312
2026-03-31 09:37:58,38.875
2026-03-31 09:38:30,37.062
2026-03-31 09:38:41,35.0
2026-03-31 09:38:52,33.187
2026-03-31 09:39:03,31.687
2026-03-31 09:39:14,30.5
2026-03-31 09:39:25,29.625
2026-03-31 09:39:36,28.937
2026-03-31 09:39:47,28.375
2026-03-31 09:40:08,27.625
2026-03-31 09:40:30,27.125
2026-03-31 09:41:14,26.562
2026-03-31 09:42:41,29.062
2026-03-31 09:42:51,31.25
2026-03-31 09:43:02,32.812
2026-03-31 09:43:13,33.875
2026-03-31 09:43:24,34.625
2026-03-31 09:43:35,35.187
2026-03-31 09:43:46,35.687
2026-03-31 09:44:08,36.375
2026-03-31 09:45:13,36.937
2026-03-31 09:45:46,37.437
2026-03-31 09:47:24,38.0
2026-03-31 09:47:56,38.562
2026-03-31 09:50:50,38.0
2026-03-31 09:51:45,38.5
2026-03-31 09:52:17,36.625
2026-03-31 09:52:28,34.687
2026-03-31 09:52:39,32.875
2026-03-31 09:52:50,31.375
2026-03-31 09:53:01,30.25
2026-03-31 09:53:12,29.375
2026-03-31 09:53:23,28.75
2026-03-31 09:53:33,28.25
2026-03-31 09:53:44,27.75
2026-03-31 09:54:06,27.187
2026-03-31 09:54:39,26.625
2026-03-31 09:55:33,26.125
2026-03-31 09:56:17,26.75
2026-03-31 09:56:28,28.812
2026-03-31 09:56:38,31.0
2026-03-31 09:56:49,32.625
2026-03-31 09:57:00,33.875
2026-03-31 09:57:11,34.687
2026-03-31 09:57:22,35.187
2026-03-31 09:57:44,35.875
2026-03-31 09:58:27,36.437
2026-03-31 09:59:00,36.937
2026-03-31 09:59:33,37.5
2026-03-31 10:03:10,38.0
2026-03-31 10:06:05,37.5
2026-03-31 10:08:26,38.0
2026-03-31 10:13:09,37.5
2026-03-31 10:13:42,38.0
2026-03-31 10:14:47,38.5
2026-03-31 10:17:52,38.0
2026-03-31 10:25:07,38.687
2026-03-31 10:26:56,38.062
2026-03-31 10:28:23,37.562
2026-03-31 10:30:12,38.062
2026-03-31 10:41:05,37.562
2026-03-31 10:41:59,38.125
2026-03-31 10:45:15,38.75
2026-03-31 10:46:42,38.187
2026-03-31 10:47:48,37.687
2026-03-31 10:48:20,38.187
2026-03-31 10:48:42,38.687
2026-03-31 10:54:41,38.187
2026-03-31 11:08:07,38.687
2026-03-31 11:08:28,37.187
2026-03-31 11:08:39,35.375
2026-03-31 11:08:50,33.562
2026-03-31 11:09:01,32.125
2026-03-31 11:09:12,30.937
2026-03-31 11:09:23,30.062
2026-03-31 11:09:34,29.375
2026-03-31 11:09:44,28.812
2026-03-31 11:10:06,28.0
2026-03-31 11:10:28,27.5
2026-03-31 11:11:12,26.937
2026-03-31 11:12:39,26.437
2026-03-31 11:14:38,25.937
2026-03-31 11:17:00,32.375
2026-03-31 11:17:11,38.812
2026-03-31 11:17:32,36.937
2026-03-31 11:17:43,34.437
2026-03-31 11:17:54,32.5
2026-03-31 11:18:05,31.0
2026-03-31 11:18:16,29.875
2026-03-31 11:18:27,29.062
2026-03-31 11:18:38,28.437
2026-03-31 11:18:49,27.937
2026-03-31 11:19:10,27.25
2026-03-31 11:19:43,26.687
2026-03-31 11:20:37,26.187
2026-03-31 11:21:21,28.375
2026-03-31 11:21:32,30.375
2026-03-31 11:21:43,31.875
2026-03-31 11:21:53,32.937
2026-03-31 11:22:04,33.687
2026-03-31 11:22:15,34.187
2026-03-31 11:22:48,34.75
2026-03-31 11:23:42,35.312
2026-03-31 11:24:37,35.812
2026-03-31 11:27:31,36.437
2026-03-31 11:28:03,37.0
2026-03-31 11:28:36,37.625
2026-03-31 11:29:09,38.125
2026-03-31 11:32:03,37.625
2026-03-31 11:37:18,38.187
2026-03-31 11:43:17,37.5
2026-03-31 11:43:28,35.687
2026-03-31 11:43:39,33.812
2026-03-31 11:43:50,32.25
2026-03-31 11:44:01,31.062
2026-03-31 11:44:12,30.062
2026-03-31 11:44:23,29.375
2026-03-31 11:44:34,28.812
2026-03-31 11:44:44,28.312
2026-03-31 11:45:06,27.687
2026-03-31 11:45:39,27.125
2026-03-31 11:46:44,26.625
2026-03-31 11:47:28,28.125
2026-03-31 11:47:39,30.437
2026-03-31 11:47:49,32.312
2026-03-31 11:48:00,33.625
2026-03-31 11:48:11,34.75
2026-03-31 11:48:22,35.625
2026-03-31 11:48:33,36.25
2026-03-31 11:48:44,36.812
2026-03-31 11:49:06,37.375
2026-03-31 11:50:00,37.937
2026-03-31 11:52:21,38.437
2026-03-31 11:56:53,39.0
2026-03-31 11:57:15,38.437
2026-03-31 11:57:26,36.75
2026-03-31 11:57:37,34.812
2026-03-31 11:57:48,33.062
2026-03-31 11:57:59,31.687
2026-03-31 11:58:10,30.562
2026-03-31 11:58:21,29.75
2026-03-31 11:58:31,29.062
2026-03-31 11:58:42,28.562
2026-03-31 11:59:04,27.875
2026-03-31 11:59:26,27.375
2026-03-31 12:00:09,26.812
2026-03-31 12:01:26,27.312
2026-03-31 12:01:36,29.562
2026-03-31 12:01:47,31.812
2026-03-31 12:01:58,33.312
2026-03-31 12:02:09,34.375
2026-03-31 12:02:20,35.125
2026-03-31 12:02:31,35.687
2026-03-31 12:02:53,36.437
2026-03-31 12:03:14,36.937
2026-03-31 12:03:47,37.687
2026-03-31 12:04:20,36.875
2026-03-31 12:04:31,35.062
2026-03-31 12:04:41,33.25
2026-03-31 12:04:52,31.75
2026-03-31 12:05:03,30.5
2026-03-31 12:05:14,29.625
2026-03-31 12:05:25,28.937
2026-03-31 12:05:36,28.375
2026-03-31 12:05:58,27.687
2026-03-31 12:06:19,27.187
2026-03-31 12:07:03,26.625
2026-03-31 12:08:30,28.25
2026-03-31 12:08:41,30.562
2026-03-31 12:08:52,32.375
2026-03-31 12:09:03,33.625
2026-03-31 12:09:13,34.5
2026-03-31 12:09:24,35.062
2026-03-31 12:09:35,35.562
2026-03-31 12:09:46,36.062
2026-03-31 12:09:57,36.562
2026-03-31 12:10:19,37.125
2026-03-31 12:10:41,37.812
2026-03-31 12:11:02,37.125
2026-03-31 12:11:13,35.312
2026-03-31 12:11:24,33.437
2026-03-31 12:11:35,31.875
2026-03-31 12:11:46,30.625
2026-03-31 12:11:57,29.625
2026-03-31 12:12:08,28.937
2026-03-31 12:12:18,28.312
2026-03-31 12:12:40,27.562
2026-03-31 12:13:02,27.062
2026-03-31 12:13:45,26.562
2026-03-31 12:15:13,27.625
2026-03-31 12:15:23,29.937
2026-03-31 12:15:34,32.0
2026-03-31 12:15:45,33.5
2026-03-31 12:15:56,34.562
2026-03-31 12:16:07,35.312
2026-03-31 12:16:18,35.875
2026-03-31 12:16:40,36.562
2026-03-31 12:17:01,37.125
2026-03-31 12:17:23,37.687
2026-03-31 12:20:28,38.375
2026-03-31 12:22:28,37.875
2026-03-31 12:25:00,38.5
2026-03-31 12:25:44,37.437
2026-03-31 12:25:55,35.937
2026-03-31 12:26:05,34.875
2026-03-31 12:26:16,34.125
2026-03-31 12:26:27,33.562
2026-03-31 12:26:49,32.812
2026-03-31 12:27:11,32.312
2026-03-31 12:27:54,31.687
2026-03-31 12:29:00,31.125
2026-03-31 12:30:16,30.625
2026-03-31 12:31:32,30.125
2026-03-31 12:33:10,29.625
2026-03-31 12:34:37,29.125
2026-03-31 12:36:15,28.625
2026-03-31 12:38:04,28.125
2026-03-31 12:39:52,27.562
2026-03-31 12:41:52,27.062
2026-03-31 12:43:52,26.562
2026-03-31 12:46:02,26.062
2026-03-31 12:48:13,25.562
2026-03-31 12:50:34,25.062
2026-03-31 12:53:07,24.562
2026-03-31 12:56:01,24.062
2026-03-31 12:58:55,23.562
2026-03-31 13:02:00,23.062
2026-03-31 13:05:27,22.562
2026-03-31 13:09:26,22.062
2026-03-31 13:13:26,21.562
2026-03-31 13:29:45,21.062
2026-03-31 13:41:54,20.562
2026-03-31 13:52:58,20.062
2026-03-31 14:04:45,19.562
2026-03-31 14:17:05,19.062
2026-03-31 14:31:25,18.562
2026-03-31 14:49:55,18.062
2026-03-31 15:31:16,18.562
2026-03-31 16:32:56,18.062
2026-03-31 17:27:31,18.562
2026-03-31 18:25:23,18.062
2026-03-31 18:59:28,17.562
2026-03-31 19:05:39,18.062
2026-03-31 19:16:42,18.562
2026-03-31 20:23:16,19.062
2026-03-31 20:58:16,18.562
2026-03-31 21:17:30,18.062
2026-03-31 21:41:37,17.562
2026-03-31 21:55:35,18.062
2026-03-31 22:06:39,18.562
2026-03-31 22:44:01,18.062
2026-03-31 22:49:49,18.562
2026-03-31 23:02:53,19.062
2026-03-31 23:38:36,18.562
2026-03-31 23:58:44,18.062
2026-04-01 00:20:52,17.562
2026-04-01 00:41:54,18.062
2026-04-01 00:57:08,18.562
2026-04-01 01:33:47,18.062
2026-04-01 02:04:15,17.562
2026-04-01 02:53:57,18.062
2026-04-01 03:06:39,20.875
2026-04-01 03:06:50,27.437
2026-04-01 03:07:01,29.625
2026-04-01 03:07:12,28.625
2026-04-01 03:07:44,29.312
2026-04-01 03:07:55,30.375
2026-04-01 03:08:06,31.5
2026-04-01 03:08:17,32.437
2026-04-01 03:08:28,33.125
2026-04-01 03:08:49,33.937
2026-04-01 03:09:11,34.5
2026-04-01 03:09:44,35.062
2026-04-01 03:10:27,35.562
2026-04-01 03:11:44,36.062
2026-04-01 03:14:49,36.562
2026-04-01 03:18:59,37.062
2026-04-01 03:31:52,36.562
2026-04-01 04:54:45,37.062
2026-04-01 06:12:11,36.562
2026-04-01 06:13:27,36.062
2026-04-01 06:15:05,39.75
2026-04-01 06:15:16,44.375
2026-04-01 06:15:27,43.75
2026-04-01 06:15:38,40.375
2026-04-01 06:15:49,36.937
2026-04-01 06:16:00,34.25
2026-04-01 06:16:11,32.187
2026-04-01 06:16:21,30.625
2026-04-01 06:16:32,29.437
2026-04-01 06:16:43,28.562
2026-04-01 06:16:54,27.812
2026-04-01 06:17:05,27.25
2026-04-01 06:17:27,26.5
2026-04-01 06:17:49,25.937
2026-04-01 06:18:21,25.437
2026-04-01 06:19:26,26.875
2026-04-01 06:19:37,28.75
2026-04-01 06:19:48,30.375
2026-04-01 06:19:59,31.875
2026-04-01 06:20:10,33.0
2026-04-01 06:20:21,33.75
2026-04-01 06:20:32,34.375
2026-04-01 06:20:53,35.125
2026-04-01 06:21:15,35.625
2026-04-01 06:21:59,36.187
2026-04-01 06:23:58,36.687
2026-04-01 06:25:15,37.25
2026-04-01 07:58:50,36.75
2026-04-01 08:28:13,36.25
2026-04-01 08:29:29,35.75
2026-04-01 08:30:56,35.25
2026-04-01 08:31:29,38.25
2026-04-01 08:31:40,43.5
2026-04-01 08:32:02,40.75
2026-04-01 08:32:13,37.5
2026-04-01 08:32:23,34.812
2026-04-01 08:32:34,32.812
2026-04-01 08:32:45,31.25
2026-04-01 08:32:56,30.062
2026-04-01 08:33:07,29.187
2026-04-01 08:33:18,28.562
2026-04-01 08:33:29,28.0
2026-04-01 08:33:51,27.25
2026-04-01 08:34:12,26.75
2026-04-01 08:34:45,26.187
2026-04-01 08:35:50,27.437
2026-04-01 08:36:01,29.312
2026-04-01 08:36:12,30.937
2026-04-01 08:36:23,32.062
2026-04-01 08:36:34,32.875
2026-04-01 08:36:45,33.5
2026-04-01 08:37:06,34.25
2026-04-01 08:37:39,34.812
2026-04-01 08:38:33,35.375
2026-04-01 08:41:17,35.875
2026-04-01 08:42:11,36.375
2026-04-01 09:10:07,36.875
2026-04-01 10:33:33,35.562
2026-04-01 10:33:44,34.25
2026-04-01 10:33:54,32.625
2026-04-01 10:34:05,31.312
2026-04-01 10:34:16,30.187
2026-04-01 10:34:27,29.437
2026-04-01 10:34:38,28.812
2026-04-01 10:34:49,28.312
2026-04-01 10:35:11,27.687
2026-04-01 10:35:43,27.062
2026-04-01 10:36:38,26.562
2026-04-01 10:37:43,28.25
2026-04-01 10:37:54,30.062
2026-04-01 10:38:05,31.437
2026-04-01 10:38:16,32.312
2026-04-01 10:38:26,32.812
2026-04-01 10:38:48,33.5
2026-04-01 10:39:21,34.062
2026-04-01 10:40:15,34.562
2026-04-01 10:42:37,35.062
2026-04-01 10:43:20,35.562
2026-04-01 10:43:53,36.125
2026-04-01 10:44:26,36.687
2026-04-01 10:48:47,36.187
2026-04-01 10:50:14,35.687
2026-04-01 10:50:36,38.312
2026-04-01 10:50:46,43.625
2026-04-01 10:50:57,44.375
2026-04-01 10:51:08,41.5
2026-04-01 10:51:19,38.25
2026-04-01 10:51:30,35.5
2026-04-01 10:51:41,33.5
2026-04-01 10:51:52,31.875
2026-04-01 10:52:03,30.687
2026-04-01 10:52:13,29.812
2026-04-01 10:52:24,29.125
2026-04-01 10:52:35,28.562
2026-04-01 10:52:57,27.75
2026-04-01 10:53:19,27.25
2026-04-01 10:53:51,26.75
2026-04-01 10:54:57,27.812
2026-04-01 10:55:08,29.687
2026-04-01 10:55:18,31.25
2026-04-01 10:55:29,32.312
2026-04-01 10:55:40,32.937
2026-04-01 10:56:02,33.562
2026-04-01 10:56:35,34.062
2026-04-01 10:57:51,34.562
2026-04-01 11:00:01,35.062
2026-04-01 11:00:45,35.562
2026-04-01 11:01:18,36.187
2026-04-01 11:02:01,36.687
2026-04-01 11:04:34,37.187
2026-04-01 12:24:01,37.687
2026-04-01 12:38:10,36.375
2026-04-01 12:38:21,35.125
2026-04-01 12:38:31,34.187
2026-04-01 12:38:42,33.562
2026-04-01 12:38:53,33.062
2026-04-01 12:39:15,32.375
2026-04-01 12:39:48,31.812
2026-04-01 12:40:31,31.312
2026-04-01 12:41:36,30.812
2026-04-01 12:43:03,30.25
2026-04-01 12:44:41,29.75
2026-04-01 12:46:19,29.25
2026-04-01 12:47:57,28.75
2026-04-01 12:49:46,28.25
2026-04-01 12:51:35,27.75
2026-04-01 12:53:24,27.25
2026-04-01 12:55:24,26.75
2026-04-01 12:57:34,26.25
2026-04-01 12:59:56,25.75
2026-04-01 13:03:23,25.25
2026-04-01 13:07:00,24.75
2026-04-01 13:12:05,24.25
2026-04-01 13:17:42,23.75
2026-04-01 13:22:58,23.25
2026-04-01 13:28:35,22.75
2026-04-01 13:34:12,22.25
2026-04-01 13:40:01,21.75
2026-04-01 13:47:05,21.25
2026-04-01 13:54:31,20.75
2026-04-01 14:02:41,20.25
2026-04-01 14:12:28,19.75
2026-04-01 14:24:48,19.25
2026-04-01 14:39:30,18.75
2026-04-01 14:58:54,18.25
2026-04-01 15:05:26,18.75
2026-04-01 15:20:07,19.25
2026-04-01 16:00:56,18.75
2026-04-01 16:26:51,18.25
2026-04-01 17:13:17,18.75
2026-04-01 18:29:27,18.25
2026-04-01 19:07:54,18.75
2026-04-01 20:37:30,18.25
2026-04-01 21:01:26,18.75
2026-04-01 21:11:35,19.25
2026-04-01 21:57:07,18.75
2026-04-01 22:34:29,19.25
2026-04-01 23:06:57,19.75
2026-04-01 23:48:51,19.25
2026-04-02 00:05:43,18.75
2026-04-02 00:25:07,18.25
2026-04-02 00:56:19,18.75
2026-04-02 01:48:55,18.25
2026-04-02 02:17:01,17.75
2026-04-02 02:48:13,17.25
2026-04-02 02:58:55,17.75
2026-04-02 03:07:26,18.25
2026-04-02 03:14:53,24.312
2026-04-02 03:15:03,29.562
2026-04-02 03:15:25,28.625
2026-04-02 03:15:58,29.875
2026-04-02 03:16:09,30.937
2026-04-02 03:16:20,31.937
2026-04-02 03:16:31,32.625
2026-04-02 03:16:41,33.125
2026-04-02 03:17:03,33.812
2026-04-02 03:17:36,34.437
2026-04-02 03:18:19,34.937
2026-04-02 03:19:25,35.437
2026-04-02 03:20:52,36.0
2026-04-02 03:22:30,36.562
2026-04-02 04:17:49,35.625
2026-04-02 04:18:00,34.187
2026-04-02 04:18:11,32.437
2026-04-02 04:18:22,30.625
2026-04-02 04:18:33,29.125
2026-04-02 04:18:43,28.0
2026-04-02 04:18:54,27.187
2026-04-02 04:19:05,26.562
2026-04-02 04:19:16,26.062
2026-04-02 04:19:38,25.312
2026-04-02 04:20:11,24.687
2026-04-02 04:21:05,24.187
2026-04-02 04:21:59,24.812
2026-04-02 04:22:10,26.625
2026-04-02 04:22:21,28.312
2026-04-02 04:22:32,29.937
2026-04-02 04:22:43,31.312
2026-04-02 04:22:54,32.375
2026-04-02 04:23:05,33.062
2026-04-02 04:23:15,33.625
2026-04-02 04:23:37,34.437
2026-04-02 04:24:10,35.125
2026-04-02 04:25:04,35.625
2026-04-02 04:26:53,36.125
2026-04-02 04:27:48,36.625
2026-04-02 04:28:53,37.125
2026-04-02 06:16:37,36.562
2026-04-02 06:18:04,36.0
2026-04-02 06:19:31,35.5
2026-04-02 06:19:53,38.875
2026-04-02 06:20:04,44.062
2026-04-02 06:20:26,40.875
2026-04-02 06:20:37,37.437
2026-04-02 06:20:47,34.687
2026-04-02 06:20:58,32.562
2026-04-02 06:21:09,31.0
2026-04-02 06:21:20,29.75
2026-04-02 06:21:31,28.812
2026-04-02 06:21:42,28.062
2026-04-02 06:21:53,27.5
2026-04-02 06:22:14,26.687
2026-04-02 06:22:36,26.125
2026-04-02 06:23:09,25.625
2026-04-02 06:24:14,26.812
2026-04-02 06:24:25,28.687
2026-04-02 06:24:36,30.312
2026-04-02 06:24:47,31.687
2026-04-02 06:24:58,32.75
2026-04-02 06:25:09,33.5
2026-04-02 06:25:19,34.062
2026-04-02 06:25:41,34.75
2026-04-02 06:26:03,35.25
2026-04-02 06:26:47,35.812
2026-04-02 06:28:35,36.312
2026-04-02 06:30:02,36.812
2026-04-02 08:44:59,36.312
2026-04-02 08:46:26,35.812
2026-04-02 08:48:04,38.75
2026-04-02 08:48:15,43.812
2026-04-02 08:48:36,40.812
2026-04-02 08:48:47,37.562
2026-04-02 08:48:58,35.0
2026-04-02 08:49:09,33.0
2026-04-02 08:49:20,31.437
2026-04-02 08:49:31,30.312
2026-04-02 08:49:42,29.437
2026-04-02 08:49:52,28.75
2026-04-02 08:50:03,28.187
2026-04-02 08:50:25,27.437
2026-04-02 08:50:47,26.937
2026-04-02 08:51:20,26.437
2026-04-02 08:52:25,27.687
2026-04-02 08:52:36,29.562
2026-04-02 08:52:47,31.125
2026-04-02 08:52:57,32.25
2026-04-02 08:53:08,33.0
2026-04-02 08:53:19,33.562
2026-04-02 08:53:41,34.312
2026-04-02 08:54:14,34.937
2026-04-02 08:55:30,35.437
2026-04-02 08:58:13,36.0
2026-04-02 08:59:07,36.5
2026-04-02 09:27:25,37.0
2026-04-02 10:10:13,37.5
2026-04-02 10:12:24,36.437
2026-04-02 10:12:35,35.187
2026-04-02 10:12:46,34.187
2026-04-02 10:12:56,33.5
2026-04-02 10:13:07,32.937
2026-04-02 10:13:29,32.312
2026-04-02 10:14:02,31.625
2026-04-02 10:14:45,31.125
2026-04-02 10:16:01,30.562
2026-04-02 10:17:28,30.062
2026-04-02 10:19:06,29.562
2026-04-02 10:20:44,29.062
2026-04-02 10:22:22,28.562
2026-04-02 10:24:11,28.062
2026-04-02 10:26:11,27.562
2026-04-02 10:28:00,27.062
2026-04-02 10:30:10,26.562
2026-04-02 10:32:21,26.062
2026-04-02 10:34:42,25.562
2026-04-02 10:39:36,25.062
2026-04-02 10:43:35,24.562
2026-04-02 10:49:45,24.062
2026-04-02 10:55:12,23.562
2026-04-02 11:01:00,23.0
2026-04-02 11:06:49,22.5
2026-04-02 11:12:59,22.0
2026-04-02 11:19:30,21.5
2026-04-02 11:26:35,21.0
2026-04-02 11:34:33,20.5
2026-04-02 11:44:10,20.0
2026-04-02 11:54:41,19.5
2026-04-02 12:07:01,19.0
2026-04-02 12:30:25,19.5
2026-04-02 13:16:18,19.0
2026-04-02 13:39:09,18.5
2026-04-02 14:09:38,19.0
2026-04-02 15:15:50,18.5
2026-04-02 15:54:49,19.0
2026-04-02 17:04:50,18.5
2026-04-02 17:43:06,19.0
2026-04-02 18:50:56,18.5
2026-04-02 19:34:39,19.0
2026-04-02 20:45:23,18.5
2026-04-02 21:26:55,19.0
2026-04-02 22:09:54,18.5
2026-04-02 22:36:12,19.0
2026-04-02 23:29:42,18.5
2026-04-02 23:55:16,18.0
2026-04-03 00:18:51,18.5
2026-04-03 00:31:00,19.0
2026-04-03 01:09:59,18.5
2026-04-03 01:36:06,18.0
2026-04-03 02:09:40,17.5
2026-04-03 02:27:37,18.0
2026-04-03 02:36:41,18.5
2026-04-03 03:08:58,21.312
2026-04-03 03:09:09,26.625
2026-04-03 03:09:20,27.875
2026-04-03 03:09:31,27.25
2026-04-03 03:09:53,28.0
2026-04-03 03:10:03,28.875
2026-04-03 03:10:14,30.062
2026-04-03 03:10:25,31.25
2026-04-03 03:10:36,32.125
2026-04-03 03:10:47,32.75
2026-04-03 03:10:58,33.25
2026-04-03 03:11:20,33.875
2026-04-03 03:11:52,34.5
2026-04-03 03:12:47,35.062
2026-04-03 03:14:14,35.562
2026-04-03 03:15:41,36.062
2026-04-03 05:50:45,35.562
2026-04-03 05:52:12,35.062
2026-04-03 05:52:56,37.312
2026-04-03 05:53:06,42.875
2026-04-03 05:53:17,44.062
2026-04-03 05:53:28,41.125
2026-04-03 05:53:39,37.625
2026-04-03 05:53:50,34.687
2026-04-03 05:54:01,32.437
2026-04-03 05:54:12,30.75
2026-04-03 05:54:23,29.5
2026-04-03 05:54:33,28.5
2026-04-03 05:54:44,27.75
2026-04-03 05:54:55,27.125
2026-04-03 05:55:06,26.625
2026-04-03 05:55:28,25.937
2026-04-03 05:56:01,25.312
2026-04-03 05:56:44,24.812
2026-04-03 05:57:17,26.062
2026-04-03 05:57:28,27.937
2026-04-03 05:57:38,29.562
2026-04-03 05:57:49,31.062
2026-04-03 05:58:00,32.125
2026-04-03 05:58:11,32.937
2026-04-03 05:58:22,33.5
2026-04-03 05:58:44,34.25
2026-04-03 05:59:05,34.75
2026-04-03 05:59:49,35.25
2026-04-03 06:01:16,35.75
2026-04-03 06:02:54,36.25
2026-04-03 06:03:49,36.75
2026-04-03 08:44:51,36.187
2026-04-03 08:46:19,35.687
2026-04-03 08:47:56,35.187
2026-04-03 08:48:07,36.062
2026-04-03 08:48:18,41.437
2026-04-03 08:48:29,44.5
2026-04-03 08:48:40,42.625
2026-04-03 08:48:51,39.25
2026-04-03 08:49:02,36.187
2026-04-03 08:49:13,33.875
2026-04-03 08:49:23,32.125
2026-04-03 08:49:34,30.75
2026-04-03 08:49:45,29.75
2026-04-03 08:49:56,28.937
2026-04-03 08:50:07,28.375
2026-04-03 08:50:18,27.875
2026-04-03 08:50:40,27.187
2026-04-03 08:51:12,26.562
2026-04-03 08:51:56,26.062
2026-04-03 08:52:29,26.75
2026-04-03 08:52:39,28.562
2026-04-03 08:52:50,30.25
2026-04-03 08:53:01,31.5
2026-04-03 08:53:12,32.312
2026-04-03 08:53:23,32.875
2026-04-03 08:53:45,33.562
2026-04-03 08:54:17,34.125
2026-04-03 08:55:23,34.625
2026-04-03 08:58:17,35.187
2026-04-03 08:58:49,35.687
2026-04-03 08:59:22,36.187
2026-04-03 09:01:11,36.687
2026-04-03 09:55:57,35.0
2026-04-03 09:56:08,33.937
2026-04-03 09:56:19,33.187
2026-04-03 09:56:30,32.687
2026-04-03 09:56:52,31.937
2026-04-03 09:57:24,31.312
2026-04-03 09:58:08,30.812
2026-04-03 09:59:13,30.312
2026-04-03 10:00:40,29.812
2026-04-03 10:02:18,29.312
2026-04-03 10:03:56,28.812
2026-04-03 10:05:45,28.312
2026-04-03 10:07:34,27.812
2026-04-03 10:09:33,27.312
2026-04-03 10:11:33,26.812
2026-04-03 10:13:44,26.312
2026-04-03 10:16:05,25.812
2026-04-03 10:18:38,25.312
2026-04-03 10:21:10,24.812
2026-04-03 10:23:53,24.312
2026-04-03 10:28:36,23.812
2026-04-03 10:36:24,23.312
2026-04-03 10:44:45,22.812
2026-04-03 10:51:38,22.312
2026-04-03 10:58:53,21.812
2026-04-03 11:05:14,21.312
2026-04-03 11:11:57,20.812
2026-04-03 11:18:51,20.312
2026-04-03 11:26:49,19.812
2026-04-03 11:35:21,19.312
2026-04-03 12:31:23,18.812
2026-04-03 12:52:15,18.312
2026-04-03 13:16:22,18.812
2026-04-03 13:26:53,19.312
2026-04-03 13:58:59,18.812
2026-04-03 14:11:41,20.437
2026-04-03 14:11:52,25.562
2026-04-03 14:12:03,27.375
2026-04-03 14:12:14,26.75
2026-04-03 14:12:36,28.0
2026-04-03 14:12:47,29.125
2026-04-03 14:12:58,30.062
2026-04-03 14:13:08,30.75
2026-04-03 14:13:19,31.312
2026-04-03 14:13:41,32.125
2026-04-03 14:14:03,32.625
2026-04-03 14:17:40,33.125
2026-04-03 14:18:35,33.625
2026-04-03 14:19:18,34.125
2026-04-03 14:21:07,34.625
2026-04-03 14:37:05,35.125
2026-04-03 14:49:25,34.625
2026-04-03 14:51:03,34.125
2026-04-03 14:52:08,39.062
2026-04-03 14:52:19,43.125
2026-04-03 14:52:30,41.875
2026-04-03 14:52:41,38.562
2026-04-03 14:52:52,35.437
2026-04-03 14:53:03,33.0
2026-04-03 14:53:13,31.062
2026-04-03 14:53:24,29.687
2026-04-03 14:53:35,28.625
2026-04-03 14:53:46,27.812
2026-04-03 14:53:57,27.125
2026-04-03 14:54:19,26.25
2026-04-03 14:54:40,25.687
2026-04-03 14:55:13,25.125
2026-04-03 14:56:08,24.625
2026-04-03 14:56:18,25.187
2026-04-03 14:56:29,26.937
2026-04-03 14:56:40,28.687
2026-04-03 14:56:51,30.0
2026-04-03 14:57:02,31.0
2026-04-03 14:57:13,31.75
2026-04-03 14:57:24,32.312
2026-04-03 14:57:45,33.0
2026-04-03 14:58:07,33.5
2026-04-03 15:00:18,33.0
2026-04-03 15:01:45,33.562
2026-04-03 15:02:28,34.062
2026-04-03 15:03:01,34.687
2026-04-03 15:04:17,35.25
2026-04-03 15:04:39,36.0
2026-04-03 15:05:55,35.5
2026-04-03 15:15:43,36.0
2026-04-03 15:28:35,35.5
2026-04-03 15:31:19,36.0
2026-04-03 15:46:43,34.562
2026-04-03 15:46:54,33.312
2026-04-03 15:47:05,31.687
2026-04-03 15:47:16,30.25
2026-04-03 15:47:27,29.187
2026-04-03 15:47:38,28.312
2026-04-03 15:47:49,27.687
2026-04-03 15:48:00,27.125
2026-04-03 15:48:21,26.437
2026-04-03 15:48:54,25.875
2026-04-03 15:49:48,25.312
2026-04-03 15:50:54,26.875
2026-04-03 15:51:05,28.625
2026-04-03 15:51:15,30.062
2026-04-03 15:51:26,31.187
2026-04-03 15:51:37,31.937
2026-04-03 15:51:48,32.562
2026-04-03 15:51:59,33.062
2026-04-03 15:52:21,33.687
2026-04-03 15:52:42,34.187
2026-04-03 15:54:10,33.687
2026-04-03 15:56:42,34.312
2026-04-03 15:57:15,34.875
2026-04-03 15:57:47,35.437
2026-04-03 15:59:14,35.937
2026-04-03 16:48:56,35.437
2026-04-03 16:50:23,34.937
2026-04-03 16:51:50,40.187
2026-04-03 16:52:01,43.812
2026-04-03 16:52:12,42.312
2026-04-03 16:52:23,39.0
2026-04-03 16:52:33,35.937
2026-04-03 16:52:44,33.562
2026-04-03 16:52:55,31.75
2026-04-03 16:53:06,30.375
2026-04-03 16:53:17,29.312
2026-04-03 16:53:28,28.562
2026-04-03 16:53:39,27.937
2026-04-03 16:53:50,27.437
2026-04-03 16:54:11,26.687
2026-04-03 16:54:44,26.062
2026-04-03 16:55:27,25.562
2026-04-03 16:56:00,26.062
2026-04-03 16:56:11,27.75
2026-04-03 16:56:22,29.437
2026-04-03 16:56:33,30.812
2026-04-03 16:56:44,31.812
2026-04-03 16:56:55,32.562
2026-04-03 16:57:05,33.062
2026-04-03 16:57:27,33.75
2026-04-03 17:01:49,34.312
2026-04-03 17:02:21,34.937
2026-04-03 17:02:54,35.437
2026-04-03 17:04:43,35.937
2026-04-03 17:25:56,36.5
2026-04-03 17:48:14,37.062
2026-04-03 17:50:14,36.562
2026-04-03 18:39:45,36.062
2026-04-03 18:41:12,35.562
2026-04-03 18:43:01,35.062
2026-04-03 18:43:11,37.687
2026-04-03 18:43:22,42.875
2026-04-03 18:43:33,43.562
2026-04-03 18:43:44,40.812
2026-04-03 18:43:55,37.625
2026-04-03 18:44:06,34.937
2026-04-03 18:44:17,32.875
2026-04-03 18:44:28,31.375
2026-04-03 18:44:39,30.25
2026-04-03 18:44:49,29.312
2026-04-03 18:45:00,28.625
2026-04-03 18:45:11,28.125
2026-04-03 18:45:33,27.312
2026-04-03 18:46:06,26.625
2026-04-03 18:46:49,26.125
2026-04-03 18:47:33,27.312
2026-04-03 18:47:43,29.125
2026-04-03 18:47:54,30.687
2026-04-03 18:48:05,31.812
2026-04-03 18:48:16,32.5
2026-04-03 18:48:38,33.125
2026-04-03 18:49:21,33.625
2026-04-03 18:51:10,34.125
2026-04-03 18:53:10,34.625
2026-04-03 18:53:43,35.25
2026-04-03 18:54:15,35.812
2026-04-03 18:55:10,36.312
2026-04-03 19:03:30,35.062
2026-04-03 19:03:41,33.937
2026-04-03 19:03:52,33.125
2026-04-03 19:04:03,32.5
2026-04-03 19:04:25,31.75
2026-04-03 19:04:47,31.25
2026-04-03 19:05:19,30.75
2026-04-03 19:06:25,30.187
2026-04-03 19:07:52,29.687
2026-04-03 19:09:30,29.187
2026-04-03 19:11:29,28.687
2026-04-03 19:13:18,28.187
2026-04-03 19:15:18,27.687
2026-04-03 19:17:17,27.187
2026-04-03 19:19:28,26.687
2026-04-03 19:21:39,26.187
2026-04-03 19:24:11,25.687
2026-04-03 19:26:43,25.187
2026-04-03 19:29:37,24.687
2026-04-03 19:32:20,24.187
2026-04-03 19:35:47,23.687
2026-04-03 19:39:03,23.187
2026-04-03 19:43:02,22.687
2026-04-03 19:47:13,22.187
2026-04-03 19:52:07,21.687
2026-04-03 20:16:25,21.187
2026-04-03 20:29:28,20.687
2026-04-03 20:40:32,20.187
2026-04-03 20:51:36,19.687
2026-04-03 21:03:45,19.187
2026-04-03 21:28:58,19.687
2026-04-03 21:56:10,19.187
2026-04-03 22:13:45,18.687
2026-04-03 22:25:44,19.187
2026-04-03 22:28:59,19.687
2026-04-03 23:09:04,19.187
2026-04-03 23:25:35,18.687
2026-04-03 23:47:31,18.187
2026-04-03 23:55:52,19.187
2026-04-03 23:56:03,23.562
2026-04-03 23:56:14,27.187
2026-04-03 23:56:25,29.562
2026-04-03 23:56:35,31.187
2026-04-03 23:56:46,32.312
2026-04-03 23:56:57,33.062
2026-04-03 23:57:08,33.687
2026-04-03 23:57:19,34.187
2026-04-03 23:57:41,34.812
2026-04-03 23:58:24,35.375
2026-04-03 23:59:51,36.562
2026-04-04 00:00:02,41.562
2026-04-04 00:00:13,43.562
2026-04-04 00:00:24,40.312
2026-04-04 00:00:35,36.125
2026-04-04 00:00:46,32.875
2026-04-04 00:00:57,30.625
2026-04-04 00:01:08,29.062
2026-04-04 00:01:19,27.875
2026-04-04 00:01:29,27.062
2026-04-04 00:01:40,26.375
2026-04-04 00:01:51,25.875
2026-04-04 00:02:13,25.125
2026-04-04 00:02:35,24.625
2026-04-04 00:03:07,24.125
2026-04-04 00:04:13,24.687
2026-04-04 00:04:23,26.625
2026-04-04 00:04:34,28.437
2026-04-04 00:04:45,29.875
2026-04-04 00:04:56,30.875
2026-04-04 00:05:07,31.562
2026-04-04 00:05:18,32.125
2026-04-04 00:05:40,32.875
2026-04-04 00:06:12,33.437
2026-04-04 00:07:39,33.937
2026-04-04 00:09:50,34.437
2026-04-04 00:10:44,34.937
2026-04-04 00:27:04,35.437
2026-04-04 01:11:30,35.937
2026-04-04 01:49:13,36.437
2026-04-04 02:54:19,35.937
2026-04-04 02:55:57,35.375
2026-04-04 02:56:19,39.062
2026-04-04 02:56:30,44.0
2026-04-04 02:56:52,40.75
2026-04-04 02:57:02,37.5
2026-04-04 02:57:13,34.812
2026-04-04 02:57:24,32.812
2026-04-04 02:57:35,31.25
2026-04-04 02:57:46,30.125
2026-04-04 02:57:57,29.25
2026-04-04 02:58:08,28.562
2026-04-04 02:58:19,28.0
2026-04-04 02:58:40,27.25
2026-04-04 02:59:02,26.75
2026-04-04 02:59:35,26.25
2026-04-04 03:00:40,27.75
2026-04-04 03:00:51,29.625
2026-04-04 03:01:02,31.062
2026-04-04 03:01:13,32.062
2026-04-04 03:01:24,32.625
2026-04-04 03:01:46,33.375
2026-04-04 03:02:18,33.937
2026-04-04 03:03:45,34.437
2026-04-04 03:06:18,35.062
2026-04-04 03:07:01,35.75
2026-04-04 03:07:34,36.25
2026-04-04 03:13:00,36.75
2026-04-04 03:48:44,37.25
2026-04-04 05:32:17,36.75
2026-04-04 05:33:55,36.25
2026-04-04 05:34:28,37.625
2026-04-04 05:34:39,42.875
2026-04-04 05:34:50,45.0
2026-04-04 05:35:01,42.625
2026-04-04 05:35:12,39.312
2026-04-04 05:35:22,36.5
2026-04-04 05:35:33,34.25
2026-04-04 05:35:44,32.625
2026-04-04 05:35:55,31.312
2026-04-04 05:36:06,30.375
2026-04-04 05:36:17,29.625
2026-04-04 05:36:28,29.062
2026-04-04 05:36:49,28.25
2026-04-04 05:37:11,27.687
2026-04-04 05:37:44,27.187
2026-04-04 05:38:49,27.75
2026-04-04 05:39:00,29.562
2026-04-04 05:39:11,31.125
2026-04-04 05:39:22,32.125
2026-04-04 05:39:33,32.812
2026-04-04 05:39:44,33.312
2026-04-04 05:40:05,34.0
2026-04-04 05:40:38,34.562
2026-04-04 05:41:43,35.062
2026-04-04 05:44:16,35.625
2026-04-04 05:44:48,36.187
2026-04-04 05:45:21,36.75
2026-04-04 05:45:54,37.25
2026-04-04 05:51:20,37.75
2026-04-04 06:17:17,38.25
2026-04-04 07:40:54,36.937
2026-04-04 07:41:05,35.75
2026-04-04 07:41:16,34.875
2026-04-04 07:41:27,34.25
2026-04-04 07:41:38,33.75
2026-04-04 07:41:59,33.125
2026-04-04 07:42:32,32.562
2026-04-04 07:43:15,32.062
2026-04-04 07:44:32,31.5
2026-04-04 07:45:48,31.0
2026-04-04 07:47:15,30.5
2026-04-04 07:48:53,30.0
2026-04-04 07:50:20,29.5
2026-04-04 07:52:09,29.0
2026-04-04 07:53:47,28.5
2026-04-04 07:55:46,28.0
2026-04-04 07:57:35,27.5
2026-04-04 08:00:08,27.0
2026-04-04 08:04:18,26.5
2026-04-04 08:07:56,26.0
2026-04-04 08:12:17,25.5
2026-04-04 08:16:38,25.0
2026-04-04 08:20:48,24.5
2026-04-04 08:25:20,24.0
2026-04-04 08:29:52,23.5
2026-04-04 08:35:08,23.0
2026-04-04 08:40:35,22.5
2026-04-04 08:46:01,22.0
2026-04-04 08:52:33,21.5
2026-04-04 08:59:26,21.0
2026-04-04 09:07:14,20.5
2026-04-04 09:16:18,20.0
2026-04-04 09:26:06,19.5
2026-04-04 09:40:04,19.0
2026-04-04 09:57:07,19.5
2026-04-04 10:48:16,19.0
2026-04-04 11:10:35,18.5
2026-04-04 11:30:22,19.0
2026-04-04 12:46:10,18.5
2026-04-04 12:53:58,19.0
2026-04-04 13:07:34,19.5
2026-04-04 13:49:17,19.0
2026-04-04 14:15:13,18.5
2026-04-04 14:40:37,19.0
2026-04-04 14:50:57,19.5
2026-04-04 15:37:55,19.0
2026-04-04 16:07:18,18.5
2026-04-04 16:23:37,19.0
2026-04-04 16:34:41,19.5
2026-04-04 17:18:56,19.0
2026-04-04 17:49:46,18.5
2026-04-04 18:24:13,19.0
2026-04-04 18:37:06,19.5
2026-04-04 19:19:11,19.0
2026-04-04 19:49:39,18.5
2026-04-04 20:06:31,19.0
2026-04-04 20:18:40,19.5
2026-04-04 20:54:57,19.0
2026-04-04 21:18:53,18.5
2026-04-04 21:31:46,19.0
2026-04-04 21:44:28,19.5
2026-04-04 22:04:15,20.0
2026-04-04 22:08:03,20.5
2026-04-04 22:11:41,21.0
2026-04-04 22:37:26,20.5
2026-04-04 22:53:34,20.0
2026-04-04 23:08:16,19.5
2026-04-04 23:24:24,19.0
2026-04-04 23:44:32,18.5
2026-04-04 23:59:57,19.0
2026-04-05 00:10:17,19.5
2026-04-05 00:48:33,19.0
2026-04-05 01:11:46,23.875
2026-04-05 01:11:57,26.687
2026-04-05 01:12:30,27.437
2026-04-05 01:12:41,28.5
2026-04-05 01:12:51,29.625
2026-04-05 01:13:02,30.562
2026-04-05 01:13:13,31.25
2026-04-05 01:13:24,31.75
2026-04-05 01:13:46,32.375
2026-04-05 01:14:19,33.0
2026-04-05 01:15:24,33.562
2026-04-05 01:17:23,34.062
2026-04-05 01:18:18,34.625
2026-04-05 02:34:17,34.125
2026-04-05 02:35:45,33.625
2026-04-05 02:36:39,34.125
2026-04-05 02:36:50,39.625
2026-04-05 02:37:01,43.312
2026-04-05 02:37:12,41.5
2026-04-05 02:37:22,38.062
2026-04-05 02:37:33,34.875
2026-04-05 02:37:44,32.375
2026-04-05 02:37:55,30.5
2026-04-05 02:38:06,29.062
2026-04-05 02:38:17,27.937
2026-04-05 02:38:28,27.125
2026-04-05 02:38:39,26.5
2026-04-05 02:38:49,26.0
2026-04-05 02:39:11,25.25
2026-04-05 02:39:33,24.75
2026-04-05 02:40:17,24.187
2026-04-05 02:41:11,26.375
2026-04-05 02:41:22,28.125
2026-04-05 02:41:33,29.562
2026-04-05 02:41:44,30.687
2026-04-05 02:41:55,31.375
2026-04-05 02:42:05,31.937
2026-04-05 02:42:27,32.687
2026-04-05 02:43:00,33.25
2026-04-05 02:43:54,33.75
2026-04-05 02:46:27,34.25
2026-04-05 02:47:32,34.75
2026-04-05 03:15:39,33.375
2026-04-05 03:15:50,32.0
2026-04-05 03:16:00,30.437
2026-04-05 03:16:11,29.125
2026-04-05 03:16:22,28.062
2026-04-05 03:16:33,27.312
2026-04-05 03:16:44,26.687
2026-04-05 03:17:06,25.875
2026-04-05 03:17:27,25.375
2026-04-05 03:18:11,24.812
2026-04-05 03:19:27,24.312
2026-04-05 03:19:38,24.875
2026-04-05 03:19:49,26.625
2026-04-05 03:20:00,28.312
2026-04-05 03:20:11,29.75
2026-04-05 03:20:22,30.812
2026-04-05 03:20:32,31.562
2026-04-05 03:20:43,32.125
2026-04-05 03:21:05,32.937
2026-04-05 03:21:38,33.562
2026-04-05 03:24:54,34.062
2026-04-05 03:25:59,34.625
2026-04-05 03:27:59,35.125
2026-04-05 03:54:49,35.625
2026-04-05 04:54:19,36.125
2026-04-05 05:47:49,35.625
2026-04-05 05:49:27,35.125
2026-04-05 05:49:49,38.937
2026-04-05 05:50:00,43.937
2026-04-05 05:50:22,40.562
2026-04-05 05:50:32,37.312
2026-04-05 05:50:43,34.625
2026-04-05 05:50:54,32.625
2026-04-05 05:51:05,31.062
2026-04-05 05:51:16,29.937
2026-04-05 05:51:27,29.062
2026-04-05 05:51:38,28.375
2026-04-05 05:51:49,27.812
2026-04-05 05:52:10,27.0
2026-04-05 05:52:43,26.312
2026-04-05 05:53:27,25.812
2026-04-05 05:54:10,27.437
2026-04-05 05:54:21,29.187
2026-04-05 05:54:32,30.687
2026-04-05 05:54:43,31.75
2026-04-05 05:54:54,32.437
2026-04-05 05:55:15,33.062
2026-04-05 05:55:48,33.625
2026-04-05 05:57:04,34.125
2026-04-05 05:59:26,34.625
2026-04-05 06:00:20,35.312
2026-04-05 06:00:53,35.937
2026-04-05 06:23:33,36.437
2026-04-05 06:43:19,34.75
2026-04-05 06:43:30,33.75
2026-04-05 06:43:41,33.0
2026-04-05 06:43:52,32.5
2026-04-05 06:44:14,31.75
2026-04-05 06:44:46,31.125
2026-04-05 06:45:30,30.625
2026-04-05 06:46:46,30.125
2026-04-05 06:48:13,29.625
2026-04-05 06:49:51,29.125
2026-04-05 06:51:40,28.625
2026-04-05 06:53:29,28.125
2026-04-05 06:55:28,27.625
2026-04-05 06:57:28,27.125
2026-04-05 06:59:39,26.625
2026-04-05 07:02:00,26.125
2026-04-05 07:04:33,25.625
2026-04-05 07:07:05,25.125
2026-04-05 07:10:10,24.625
2026-04-05 07:13:15,24.125
2026-04-05 07:16:31,23.625
2026-04-05 07:20:30,23.125
2026-04-05 07:24:30,22.625
2026-04-05 07:29:23,22.125
2026-04-05 07:34:50,21.625
2026-04-05 07:41:00,21.125
2026-04-05 08:23:48,20.625
2026-04-05 08:39:02,20.125
2026-04-05 08:56:27,19.625
2026-04-05 09:15:30,19.125
2026-04-05 09:38:32,19.625
2026-04-05 10:36:02,19.125
2026-04-05 11:08:30,19.625
2026-04-05 12:13:47,19.125
2026-04-05 12:35:55,19.625
2026-04-05 12:45:31,20.125
2026-04-05 13:46:17,19.625
2026-04-05 14:11:41,20.125
2026-04-05 14:18:46,20.625
2026-04-05 15:41:40,20.125
2026-04-05 15:47:17,20.625
2026-04-05 15:57:05,21.125
2026-04-05 16:40:26,20.625
2026-04-05 17:02:23,20.125
2026-04-05 17:30:29,19.625
2026-04-05 17:47:54,20.125
2026-04-05 17:56:36,20.625
2026-04-05 18:54:50,20.125
2026-04-05 19:34:55,19.625
2026-04-05 19:42:54,20.125
2026-04-05 19:52:42,20.625
2026-04-05 20:45:06,20.125
2026-04-05 21:05:14,19.625
2026-04-05 21:25:01,20.125
2026-04-05 21:38:04,20.625
2026-04-05 22:11:48,20.125
2026-04-05 22:37:12,20.625
2026-04-05 23:15:17,20.125
2026-04-05 23:32:41,19.625
2026-04-05 23:51:55,19.125
2026-04-06 00:07:31,19.625
2026-04-06 00:23:07,20.125
2026-04-06 00:52:19,19.625
2026-04-06 01:17:20,19.125
2026-04-06 01:50:53,18.625
2026-04-06 02:10:18,19.125
2026-04-06 02:18:49,19.625
2026-04-06 03:00:54,20.75
2026-04-06 03:01:05,25.937
2026-04-06 03:01:16,28.187
2026-04-06 03:01:27,27.562
2026-04-06 03:01:48,28.125
2026-04-06 03:01:59,29.062
2026-04-06 03:02:10,30.062
2026-04-06 03:02:21,30.937
2026-04-06 03:02:32,31.5
2026-04-06 03:02:54,32.125
2026-04-06 03:03:26,32.687
2026-04-06 03:04:10,33.187
2026-04-06 03:05:15,33.687
2026-04-06 03:07:04,34.25
2026-04-06 03:07:47,34.75
2026-04-06 03:14:08,34.25
2026-04-06 03:17:57,34.812
2026-04-06 03:25:12,34.312
2026-04-06 03:27:01,35.0
2026-04-06 03:38:26,34.5
2026-04-06 03:39:42,35.0
2026-04-06 03:42:37,35.687
2026-04-06 03:45:41,35.125
2026-04-06 03:48:36,34.625
2026-04-06 03:50:35,35.187
2026-04-06 04:04:22,35.687
2026-04-06 04:07:49,35.125
2026-04-06 04:08:54,35.687
2026-04-06 04:11:37,35.187
2026-04-06 04:17:37,35.812
2026-04-06 04:17:58,36.312
2026-04-06 04:18:53,35.75
2026-04-06 04:19:25,35.25
2026-04-06 04:24:19,35.75
2026-04-06 04:28:30,35.187
2026-04-06 04:31:56,35.75
2026-04-06 04:33:34,35.187
2026-04-06 04:36:28,35.687
2026-04-06 04:37:23,35.187
2026-04-06 04:44:38,35.687
2026-04-06 04:56:36,35.187
2026-04-06 04:58:03,35.687
2026-04-06 05:06:35,36.187
2026-04-06 05:08:56,35.687
2026-04-06 05:11:07,36.437
2026-04-06 05:12:34,35.937
2026-04-06 05:17:39,36.437
2026-04-06 05:22:33,35.937
2026-04-06 05:40:52,35.437
2026-04-06 05:42:19,34.937
2026-04-06 05:43:13,37.187
2026-04-06 05:43:24,42.875
2026-04-06 05:43:35,44.187
2026-04-06 05:43:46,41.25
2026-04-06 05:43:57,37.75
2026-04-06 05:44:07,34.812
2026-04-06 05:44:18,32.562
2026-04-06 05:44:29,30.875
2026-04-06 05:44:40,29.562
2026-04-06 05:44:51,28.562
2026-04-06 05:45:02,27.812
2026-04-06 05:45:13,27.25
2026-04-06 05:45:24,26.75
2026-04-06 05:45:45,26.062
2026-04-06 05:46:07,25.562
2026-04-06 05:46:51,25.0
2026-04-06 05:47:34,26.062
2026-04-06 05:47:45,27.937
2026-04-06 05:47:56,29.625
2026-04-06 05:48:07,30.875
2026-04-06 05:48:18,31.75
2026-04-06 05:48:29,32.375
2026-04-06 05:48:39,32.875
2026-04-06 05:49:01,33.562
2026-04-06 05:49:34,34.062
2026-04-06 05:50:50,34.562
2026-04-06 05:53:12,35.125
2026-04-06 05:53:55,35.75
2026-04-06 06:10:47,36.25
2026-04-06 06:32:11,36.75
2026-04-06 06:34:00,36.25
2026-04-06 07:09:01,36.75
2026-04-06 07:11:44,35.812
2026-04-06 07:11:55,34.562
2026-04-06 07:12:06,33.437
2026-04-06 07:12:17,32.687
2026-04-06 07:12:27,32.125
2026-04-06 07:12:49,31.375
2026-04-06 07:13:22,30.75
2026-04-06 07:14:05,30.25
2026-04-06 07:15:22,29.75
2026-04-06 07:16:49,29.25
2026-04-06 07:18:37,28.75
2026-04-06 07:20:26,28.25
2026-04-06 07:22:26,27.75
2026-04-06 07:24:26,27.25
2026-04-06 07:27:09,26.75
2026-04-06 07:31:19,26.25
2026-04-06 07:34:13,25.75
2026-04-06 07:39:18,25.25
2026-04-06 07:44:12,24.75
2026-04-06 07:48:55,24.25
2026-04-06 07:53:59,23.75
2026-04-06 07:59:04,23.25
2026-04-06 08:04:31,22.75
2026-04-06 08:10:30,22.25
2026-04-06 08:16:50,21.75
2026-04-06 08:24:06,21.25
2026-04-06 08:32:04,20.75
2026-04-06 08:41:41,20.25
2026-04-06 08:53:39,19.75
2026-04-06 09:08:43,20.25
2026-04-06 09:57:08,19.75
2026-04-06 10:17:59,19.25
2026-04-06 10:49:33,19.75
2026-04-06 11:47:58,19.25
2026-04-06 12:13:43,18.75
2026-04-06 12:31:08,19.25
2026-04-06 12:39:28,19.75
2026-04-06 13:27:43,19.25
2026-04-06 13:52:23,18.75
2026-04-06 14:16:52,19.25
2026-04-06 14:28:51,19.75
2026-04-06 15:01:19,19.25
2026-04-06 15:23:48,18.75
2026-04-06 15:56:05,19.25
2026-04-06 17:02:29,18.75
2026-04-06 17:41:28,18.25
2026-04-06 17:48:33,18.75
2026-04-06 17:57:26,19.25
2026-04-06 19:22:40,18.75
2026-04-06 19:41:21,19.25
2026-04-06 19:49:09,19.75
2026-04-06 20:41:45,19.25
2026-04-06 21:02:15,18.75
2026-04-06 21:36:10,19.25
2026-04-06 22:16:15,19.75
2026-04-06 23:10:07,19.25
2026-04-06 23:29:31,18.75
2026-04-06 23:58:00,19.25
2026-04-07 00:55:30,18.75
2026-04-07 01:22:09,18.25
2026-04-07 02:06:35,18.75
2026-04-07 03:22:57,18.25
2026-04-07 04:23:20,18.75
2026-04-07 05:56:12,18.25
2026-04-07 06:31:56,18.75
2026-04-07 06:39:22,19.25
2026-04-07 07:36:08,18.75
2026-04-07 07:57:00,18.25
2026-04-07 08:24:45,18.75
2026-04-07 08:31:49,21.812
2026-04-07 08:32:00,28.687
2026-04-07 08:32:11,30.875
2026-04-07 08:32:22,29.562
2026-04-07 08:32:33,29.0
2026-04-07 08:32:55,29.562
2026-04-07 08:33:06,30.437
2026-04-07 08:33:16,31.375
2026-04-07 08:33:27,32.125
2026-04-07 08:33:38,32.625
2026-04-07 08:34:00,33.312
2026-04-07 08:34:33,34.0
2026-04-07 08:35:16,34.5
2026-04-07 08:36:21,35.0
2026-04-07 08:37:49,35.5
2026-04-07 08:39:16,36.0
2026-04-07 08:54:51,35.5
2026-04-07 09:44:11,36.0
2026-04-07 09:44:44,35.5
2026-04-07 09:46:44,35.0
2026-04-07 09:52:43,35.625
2026-04-07 09:59:04,35.125
2026-04-07 10:02:52,35.625
2026-04-07 10:06:52,36.312
2026-04-07 10:07:57,35.812
2026-04-07 10:08:40,35.312
2026-04-07 10:12:07,35.875
2026-04-07 10:13:56,36.375
2026-04-07 10:15:01,35.812
2026-04-07 10:19:22,36.312
2026-04-07 10:23:00,35.687
2026-04-07 10:23:44,36.437
2026-04-07 10:25:54,35.937
2026-04-07 10:34:58,35.437
2026-04-07 10:36:15,36.062
2026-04-07 10:38:36,35.562
2026-04-07 10:42:35,35.062
2026-04-07 10:44:03,34.562
2026-04-07 10:45:40,34.062
2026-04-07 10:45:51,36.25
2026-04-07 10:46:02,42.125
2026-04-07 10:46:13,43.687
2026-04-07 10:46:24,40.875
2026-04-07 10:46:35,37.312
2026-04-07 10:46:46,34.312
2026-04-07 10:46:57,32.0
2026-04-07 10:47:07,30.25
2026-04-07 10:47:18,28.937
2026-04-07 10:47:29,27.937
2026-04-07 10:47:40,27.125
2026-04-07 10:47:51,26.5
2026-04-07 10:48:02,26.0
2026-04-07 10:48:24,25.312
2026-04-07 10:48:56,24.687
2026-04-07 10:49:40,24.187
2026-04-07 10:50:13,25.437
2026-04-07 10:50:23,27.437
2026-04-07 10:50:34,29.187
2026-04-07 10:50:45,30.437
2026-04-07 10:50:56,31.375
2026-04-07 10:51:07,32.062
2026-04-07 10:51:29,32.937
2026-04-07 10:51:51,33.5
2026-04-07 10:52:12,34.0
2026-04-07 10:55:17,34.5
2026-04-07 10:56:12,35.0
2026-04-07 10:56:33,35.625
2026-04-07 10:56:55,36.125
2026-04-07 10:58:44,36.625
2026-04-07 10:59:27,36.125
2026-04-07 11:02:44,35.562
2026-04-07 11:06:10,36.125
2026-04-07 11:11:04,35.625
2026-04-07 11:17:36,36.25
2026-04-07 11:21:46,35.75
2026-04-07 11:24:08,36.25
2026-04-07 11:25:45,36.875
2026-04-07 11:26:18,37.375
2026-04-07 11:27:13,36.875
2026-04-07 11:29:12,36.312
2026-04-07 11:29:56,35.812
2026-04-07 11:31:34,36.312
2026-04-07 11:35:11,35.812
2026-04-07 11:40:27,36.312
2026-04-07 11:44:05,35.812
2026-04-07 11:46:15,36.312
2026-04-07 11:52:47,36.812
2026-04-07 11:54:14,37.375
2026-04-07 11:54:57,36.75
2026-04-07 11:55:30,36.25
2026-04-07 11:59:08,36.75
2026-04-07 11:59:40,37.312
2026-04-07 12:00:35,36.75
2026-04-07 12:01:19,36.125
2026-04-07 12:04:13,36.625
2026-04-07 12:10:23,36.125
2026-04-07 12:11:06,36.625
2026-04-07 12:13:17,37.125
2026-04-07 12:18:54,36.562
2026-04-07 12:25:26,37.062
2026-04-07 12:26:42,37.625
2026-04-07 12:28:31,37.125
2026-04-07 12:31:57,36.0
2026-04-07 12:32:08,34.562
2026-04-07 12:32:19,33.562
2026-04-07 12:32:30,32.812
2026-04-07 12:32:41,32.25
2026-04-07 12:33:03,31.562
2026-04-07 12:33:25,31.062
2026-04-07 12:33:57,30.562
2026-04-07 12:35:03,30.062
2026-04-07 12:36:19,29.562
2026-04-07 12:37:57,29.062
2026-04-07 12:39:35,28.562
2026-04-07 12:41:23,28.062
2026-04-07 12:43:34,27.5
2026-04-07 12:45:45,27.0
2026-04-07 12:48:06,26.5
2026-04-07 12:50:28,26.0
2026-04-07 12:53:22,25.5
2026-04-07 12:57:10,25.0
2026-04-07 13:01:42,24.5
2026-04-07 13:07:41,24.0
2026-04-07 13:13:19,23.5
2026-04-07 13:19:07,23.0
2026-04-07 13:25:17,22.5
2026-04-07 13:31:37,22.0
2026-04-07 13:39:04,21.5
2026-04-07 13:47:13,21.0
2026-04-07 13:56:39,20.5
2026-04-07 14:07:21,20.0
2026-04-07 14:20:46,19.5
2026-04-07 14:38:11,19.0
2026-04-07 15:08:18,19.5
2026-04-07 16:27:11,19.0
2026-04-07 17:01:17,19.5
2026-04-07 17:16:53,20.0
2026-04-07 17:43:43,19.5
2026-04-07 18:04:13,19.0
2026-04-07 18:35:36,19.5
2026-04-07 19:31:28,19.0
2026-04-07 19:37:05,19.5
2026-04-07 19:49:25,20.0
2026-04-07 20:26:36,19.5
2026-04-07 20:46:00,19.0
2026-04-07 21:08:19,18.5
2026-04-07 21:29:21,19.0
2026-04-07 22:32:17,18.5
2026-04-07 22:48:15,19.0
2026-04-07 22:59:51,19.5
2026-04-07 23:36:30,19.0
2026-04-08 00:00:49,18.5
2026-04-08 00:29:17,18.0
2026-04-08 00:39:59,18.5
2026-04-08 00:49:14,19.0
2026-04-08 01:45:38,18.5
2026-04-08 02:14:50,18.0
2026-04-08 02:54:22,18.5
2026-04-08 03:15:03,21.375
2026-04-08 03:15:14,27.625
2026-04-08 03:15:25,29.5
2026-04-08 03:15:36,28.5
2026-04-08 03:16:08,29.25
2026-04-08 03:16:19,30.25
2026-04-08 03:16:30,31.312
2026-04-08 03:16:41,32.25
2026-04-08 03:16:52,32.875
2026-04-08 03:17:03,33.375
2026-04-08 03:17:25,34.062
2026-04-08 03:17:57,34.687
2026-04-08 03:18:41,35.187
2026-04-08 03:19:46,35.687
2026-04-08 03:24:07,36.187
2026-04-08 03:29:34,36.687
2026-04-08 06:13:53,36.187
2026-04-08 06:15:09,35.687
2026-04-08 06:16:47,35.187
2026-04-08 06:16:58,37.937
2026-04-08 06:17:09,43.437
2026-04-08 06:17:19,44.25
2026-04-08 06:17:30,41.125
2026-04-08 06:17:41,37.625
2026-04-08 06:17:52,34.687
2026-04-08 06:18:03,32.5
2026-04-08 06:18:14,30.75
2026-04-08 06:18:25,29.5
2026-04-08 06:18:36,28.5
2026-04-08 06:18:47,27.75
2026-04-08 06:18:57,27.187
2026-04-08 06:19:08,26.687
2026-04-08 06:19:30,26.062
2026-04-08 06:19:52,25.562
2026-04-08 06:20:35,25.062
2026-04-08 06:21:19,26.312
2026-04-08 06:21:30,28.187
2026-04-08 06:21:41,29.812
2026-04-08 06:21:52,31.312
2026-04-08 06:22:02,32.375
2026-04-08 06:22:13,33.187
2026-04-08 06:22:24,33.75
2026-04-08 06:22:46,34.562
2026-04-08 06:23:08,35.062
2026-04-08 06:23:51,35.625
2026-04-08 06:25:40,36.125
2026-04-08 06:27:07,36.625
2026-04-08 08:33:00,36.125
2026-04-08 08:34:16,35.625
2026-04-08 08:35:54,35.125
2026-04-08 08:36:16,39.25
2026-04-08 08:36:26,43.937
2026-04-08 08:36:37,43.375
2026-04-08 08:36:48,40.187
2026-04-08 08:36:59,36.937
2026-04-08 08:37:10,34.375
2026-04-08 08:37:21,32.437
2026-04-08 08:37:32,30.937
2026-04-08 08:37:43,29.812
2026-04-08 08:37:53,28.937
2026-04-08 08:38:04,28.312
2026-04-08 08:38:15,27.812
2026-04-08 08:38:37,27.0
2026-04-08 08:38:59,26.5
2026-04-08 08:39:42,25.937
2026-04-08 08:40:37,27.625
2026-04-08 08:40:48,29.437
2026-04-08 08:40:59,30.875
2026-04-08 08:41:09,31.937
2026-04-08 08:41:20,32.687
2026-04-08 08:41:31,33.25
2026-04-08 08:41:53,34.0
2026-04-08 08:42:26,34.5
2026-04-08 08:43:20,35.0
2026-04-08 08:46:03,35.562
2026-04-08 08:46:58,36.062
2026-04-08 08:51:19,36.562
2026-04-08 09:40:17,37.062
2026-04-08 10:15:28,37.562
2026-04-08 10:21:27,37.062
2026-04-08 10:29:05,37.625
2026-04-08 10:59:33,37.125
2026-04-08 11:00:49,36.625
2026-04-08 11:02:27,36.125
2026-04-08 11:04:05,35.625
2026-04-08 11:05:11,35.125
2026-04-08 11:06:38,34.625
2026-04-08 11:08:05,34.125
2026-04-08 11:09:32,33.625
2026-04-08 11:11:10,33.125
2026-04-08 11:12:37,32.625
2026-04-08 11:14:15,32.125
2026-04-08 11:15:53,31.625
2026-04-08 11:17:30,31.125
2026-04-08 11:19:08,30.625
2026-04-08 11:20:57,30.125
2026-04-08 11:22:46,29.625
2026-04-08 11:24:46,29.125
2026-04-08 11:26:45,28.562
2026-04-08 11:29:07,28.062
2026-04-08 11:31:17,27.562
2026-04-08 11:33:39,27.062
2026-04-08 11:36:11,26.562
2026-04-08 11:38:55,26.062
2026-04-08 11:41:38,25.562
2026-04-08 11:44:43,25.062
2026-04-08 11:47:48,24.562
2026-04-08 11:51:25,24.062
2026-04-08 11:55:14,23.562
2026-04-08 11:59:35,23.062
2026-04-08 12:04:07,22.562
2026-04-08 12:09:45,22.062
2026-04-08 12:15:11,21.562
2026-04-08 12:21:54,21.062
2026-04-08 12:30:04,20.562
2026-04-08 12:39:40,20.062
2026-04-08 12:52:11,19.562
2026-04-08 12:58:32,20.062
2026-04-08 13:52:13,19.562
2026-04-08 14:13:59,19.062
2026-04-08 14:40:49,18.562
2026-04-08 15:09:40,19.062
2026-04-08 15:20:33,19.562
2026-04-08 16:08:26,19.062
2026-04-08 16:43:26,18.562
2026-04-08 17:07:22,19.062
2026-04-08 17:17:43,19.562
2026-04-08 18:32:04,19.062
2026-04-08 19:13:04,19.562
2026-04-08 19:27:02,20.062
2026-04-08 19:58:35,19.562
2026-04-08 20:10:44,20.062
2026-04-08 20:58:05,19.562
2026-04-08 21:15:18,19.062
2026-04-08 21:35:05,18.562
2026-04-08 21:43:25,19.062
2026-04-08 22:01:44,19.562
2026-04-08 22:30:13,19.062
2026-04-08 22:33:40,19.562
2026-04-08 22:44:54,20.062
2026-04-08 23:19:33,19.562
2026-04-08 23:38:14,19.062
2026-04-08 23:59:05,18.562
2026-04-09 00:23:12,19.062
2026-04-09 01:22:42,18.562
2026-04-09 01:49:11,18.062
2026-04-09 02:37:36,18.562
2026-04-09 03:25:18,19.562
2026-04-09 03:25:29,24.687
2026-04-09 03:25:40,27.437
2026-04-09 03:26:23,28.562
2026-04-09 03:26:34,29.75
2026-04-09 03:26:45,31.0
2026-04-09 03:26:56,32.125
2026-04-09 03:27:07,32.937
2026-04-09 03:27:18,33.562
2026-04-09 03:27:39,34.312
2026-04-09 03:28:01,34.875
2026-04-09 03:28:45,35.437
2026-04-09 03:29:39,35.937
2026-04-09 03:32:33,36.437
2026-04-09 03:42:42,36.937
2026-04-09 05:40:46,36.375
2026-04-09 05:42:13,35.875
2026-04-09 05:43:19,37.062
2026-04-09 05:43:30,42.562
2026-04-09 05:43:41,44.625
2026-04-09 05:43:51,41.937
2026-04-09 05:44:02,38.375
2026-04-09 05:44:13,35.25
2026-04-09 05:44:24,32.812
2026-04-09 05:44:35,31.0
2026-04-09 05:44:46,29.625
2026-04-09 05:44:57,28.562
2026-04-09 05:45:08,27.75
2026-04-09 05:45:18,27.125
2026-04-09 05:45:29,26.625
2026-04-09 05:45:51,25.937
2026-04-09 05:46:13,25.437
2026-04-09 05:46:56,24.812
2026-04-09 05:47:40,25.687
2026-04-09 05:47:51,27.562
2026-04-09 05:48:02,29.25
2026-04-09 05:48:13,30.812
2026-04-09 05:48:23,32.125
2026-04-09 05:48:34,33.062
2026-04-09 05:48:45,33.75
2026-04-09 05:48:56,34.25
2026-04-09 05:49:18,34.937
2026-04-09 05:49:50,35.562
2026-04-09 05:50:56,36.062
2026-04-09 05:52:55,36.562
2026-04-09 05:53:50,37.062
2026-04-09 07:39:23,36.562
2026-04-09 08:04:58,36.062
2026-04-09 08:06:26,35.5
2026-04-09 08:08:03,35.0
2026-04-09 08:08:14,36.687
2026-04-09 08:08:25,42.25
2026-04-09 08:08:36,44.187
2026-04-09 08:08:47,41.625
2026-04-09 08:08:58,38.25
2026-04-09 08:09:09,35.375
2026-04-09 08:09:20,33.125
2026-04-09 08:09:31,31.437
2026-04-09 08:09:41,30.187
2026-04-09 08:09:52,29.25
2026-04-09 08:10:03,28.5
2026-04-09 08:10:14,27.875
2026-04-09 08:10:36,27.125
2026-04-09 08:10:58,26.562
2026-04-09 08:11:30,26.0
2026-04-09 08:12:36,26.687
2026-04-09 08:12:46,28.562
2026-04-09 08:12:57,30.25
2026-04-09 08:13:08,31.562
2026-04-09 08:13:19,32.5
2026-04-09 08:13:30,33.125
2026-04-09 08:13:41,33.625
2026-04-09 08:14:03,34.312
2026-04-09 08:14:35,34.875
2026-04-09 08:15:30,35.375
2026-04-09 08:17:51,35.875
2026-04-09 08:18:56,36.375
2026-04-09 09:33:29,36.875
2026-04-09 10:23:44,36.375
2026-04-09 10:25:11,35.875
2026-04-09 10:26:16,38.875
2026-04-09 10:26:27,43.937
2026-04-09 10:26:49,41.062
2026-04-09 10:27:00,37.812
2026-04-09 10:27:10,35.187
2026-04-09 10:27:21,33.125
2026-04-09 10:27:32,31.625
2026-04-09 10:27:43,30.5
2026-04-09 10:27:54,29.625
2026-04-09 10:28:05,28.937
2026-04-09 10:28:16,28.437
2026-04-09 10:28:37,27.625
2026-04-09 10:28:59,27.125
2026-04-09 10:29:32,26.625
2026-04-09 10:30:37,27.937
2026-04-09 10:30:48,29.75
2026-04-09 10:30:59,31.187
2026-04-09 10:31:10,32.125
2026-04-09 10:31:21,32.75
2026-04-09 10:31:32,33.25
2026-04-09 10:31:53,34.0
2026-04-09 10:32:26,34.562
2026-04-09 10:35:53,35.125
2026-04-09 10:36:36,35.812
2026-04-09 10:37:09,36.5
2026-04-09 10:39:09,37.0
2026-04-09 10:46:02,37.5
2026-04-09 10:48:56,37.0
2026-04-09 10:55:50,37.5
2026-04-09 11:22:08,36.437
2026-04-09 11:22:19,35.125
2026-04-09 11:22:29,34.062
2026-04-09 11:22:40,33.375
2026-04-09 11:22:51,32.812
2026-04-09 11:23:13,32.125
2026-04-09 11:23:35,31.625
2026-04-09 11:24:18,31.062
2026-04-09 11:25:24,30.562
2026-04-09 11:26:51,30.062
2026-04-09 11:28:18,29.562
2026-04-09 11:30:07,29.062
2026-04-09 11:31:45,28.562
2026-04-09 11:33:33,28.062
2026-04-09 11:35:33,27.562
2026-04-09 11:37:33,27.062
2026-04-09 11:39:43,26.562
2026-04-09 11:42:05,26.062
2026-04-09 11:44:26,25.562
2026-04-09 11:47:09,25.062
2026-04-09 11:50:04,24.562
2026-04-09 11:53:08,24.062
2026-04-09 11:56:24,23.562
2026-04-09 12:00:02,23.062
2026-04-09 12:04:13,22.562
2026-04-09 12:08:34,22.062
2026-04-09 12:18:10,21.562
2026-04-09 12:37:57,21.062
2026-04-09 12:50:38,20.562
2026-04-09 13:03:20,20.062
2026-04-09 13:17:07,19.562
2026-04-09 13:34:43,19.062
2026-04-09 13:55:45,18.562
2026-04-09 14:29:19,19.062
2026-04-09 15:45:51,18.562
2026-04-09 16:28:28,19.062
2026-04-09 16:51:31,19.562
2026-04-09 17:31:47,19.062
2026-04-09 18:21:17,19.562
2026-04-09 19:21:09,19.062
2026-04-09 19:59:35,19.562
2026-04-09 20:44:45,19.062
2026-04-09 20:51:06,19.562
2026-04-09 21:47:30,19.062
2026-04-09 22:09:27,18.562
2026-04-09 22:43:22,19.062
2026-04-09 23:39:57,18.562
2026-04-10 00:05:32,18.062
2026-04-10 00:40:10,18.562
2026-04-10 01:54:21,18.062
2026-04-10 02:33:10,17.562
2026-04-10 02:49:18,18.062
2026-04-10 03:00:00,18.562
2026-04-10 03:17:25,23.562
2026-04-10 03:17:36,28.5
2026-04-10 03:18:30,29.75
2026-04-10 03:18:41,30.875
2026-04-10 03:18:52,32.062
2026-04-10 03:19:03,33.0
2026-04-10 03:19:14,33.687
2026-04-10 03:19:35,34.5
2026-04-10 03:19:57,35.125
2026-04-10 03:20:41,35.75
2026-04-10 03:21:46,36.25
2026-04-10 03:23:46,36.75
2026-04-10 03:40:05,37.25
2026-04-10 06:09:54,36.75
2026-04-10 06:11:21,36.25
2026-04-10 06:12:37,35.75
2026-04-10 06:14:04,40.437
2026-04-10 06:14:15,44.562
2026-04-10 06:14:26,43.187
2026-04-10 06:14:37,39.75
2026-04-10 06:14:48,36.5
2026-04-10 06:14:58,33.937
2026-04-10 06:15:09,32.0
2026-04-10 06:15:20,30.5
2026-04-10 06:15:31,29.375
2026-04-10 06:15:42,28.5
2026-04-10 06:15:53,27.875
2026-04-10 06:16:04,27.312
2026-04-10 06:16:26,26.562
2026-04-10 06:16:47,26.062
2026-04-10 06:17:20,25.562
2026-04-10 06:18:25,27.5
2026-04-10 06:18:36,29.312
2026-04-10 06:18:47,30.875
2026-04-10 06:18:58,32.125
2026-04-10 06:19:09,33.062
2026-04-10 06:19:20,33.75
2026-04-10 06:19:41,34.562
2026-04-10 06:20:03,35.125
2026-04-10 06:20:47,35.687
2026-04-10 06:22:25,36.187
2026-04-10 06:24:03,36.687
2026-04-10 06:24:57,37.187
2026-04-10 06:49:15,36.687
2026-04-10 07:26:26,35.375
2026-04-10 07:26:37,34.25
2026-04-10 07:26:48,32.625
2026-04-10 07:26:59,31.125
2026-04-10 07:27:09,29.937
2026-04-10 07:27:20,29.0
2026-04-10 07:27:31,28.375
2026-04-10 07:27:42,27.812
2026-04-10 07:28:04,27.062
2026-04-10 07:28:26,26.562
2026-04-10 07:29:09,26.0
2026-04-10 07:30:36,26.875
2026-04-10 07:30:47,28.75
2026-04-10 07:30:58,30.375
2026-04-10 07:31:09,31.75
2026-04-10 07:31:20,32.687
2026-04-10 07:31:31,33.375
2026-04-10 07:31:41,33.875
2026-04-10 07:32:03,34.625
2026-04-10 07:32:36,35.187
2026-04-10 07:33:19,35.687
2026-04-10 07:35:52,36.187
2026-04-10 07:36:46,36.687
2026-04-10 08:24:07,36.187
2026-04-10 08:25:34,35.687
2026-04-10 08:27:01,35.187
2026-04-10 08:27:12,36.625
2026-04-10 08:27:23,42.125
2026-04-10 08:27:33,44.375
2026-04-10 08:27:44,42.0
2026-04-10 08:27:55,38.687
2026-04-10 08:28:06,35.75
2026-04-10 08:28:17,33.5
2026-04-10 08:28:28,31.812
2026-04-10 08:28:39,30.5
2026-04-10 08:28:50,29.562
2026-04-10 08:29:00,28.812
2026-04-10 08:29:11,28.187
2026-04-10 08:29:33,27.375
2026-04-10 08:29:55,26.875
2026-04-10 08:30:28,26.312
2026-04-10 08:31:33,26.812
2026-04-10 08:31:44,28.625
2026-04-10 08:31:55,30.375
2026-04-10 08:32:05,31.625
2026-04-10 08:32:16,32.562
2026-04-10 08:32:27,33.187
2026-04-10 08:32:38,33.687
2026-04-10 08:33:00,34.375
2026-04-10 08:33:33,34.875
2026-04-10 08:34:27,35.375
2026-04-10 08:37:10,35.937
2026-04-10 08:38:15,36.437
2026-04-10 09:14:21,36.937
2026-04-10 10:50:18,36.375
2026-04-10 10:52:07,35.812
2026-04-10 10:52:29,38.375
2026-04-10 10:52:39,43.625
2026-04-10 10:52:50,44.437
2026-04-10 10:53:01,41.625
2026-04-10 10:53:12,38.375
2026-04-10 10:53:23,35.625
2026-04-10 10:53:34,33.562
2026-04-10 10:53:45,32.0
2026-04-10 10:53:56,30.812
2026-04-10 10:54:06,29.937
2026-04-10 10:54:17,29.25
2026-04-10 10:54:28,28.687
2026-04-10 10:54:50,27.937
2026-04-10 10:55:12,27.437
2026-04-10 10:55:44,26.937
2026-04-10 10:56:50,28.0
2026-04-10 10:57:01,29.812
2026-04-10 10:57:11,31.312
2026-04-10 10:57:22,32.25
2026-04-10 10:57:33,32.812
2026-04-10 10:57:55,33.562
2026-04-10 10:58:28,34.125
2026-04-10 10:59:33,34.625
2026-04-10 11:02:05,35.125
2026-04-10 11:02:49,35.75
2026-04-10 11:03:11,36.25
2026-04-10 11:03:43,36.75
2026-04-10 11:09:53,35.937
2026-04-10 11:10:04,34.687
2026-04-10 11:10:15,33.75
2026-04-10 11:10:26,33.125
2026-04-10 11:10:48,32.375
2026-04-10 11:11:10,31.812
2026-04-10 11:11:42,31.312
2026-04-10 11:12:37,30.812
2026-04-10 11:13:53,30.312
2026-04-10 11:15:20,29.812
2026-04-10 11:16:58,29.312
2026-04-10 11:18:47,28.812
2026-04-10 11:20:25,28.312
2026-04-10 11:22:35,27.812
2026-04-10 11:24:24,27.312
2026-04-10 11:26:34,26.812
2026-04-10 11:28:45,26.312
2026-04-10 11:31:06,25.812
2026-04-10 11:33:39,25.312
2026-04-10 11:36:22,24.812
2026-04-10 11:39:16,24.312
2026-04-10 11:42:32,23.812
2026-04-10 11:45:59,23.312
2026-04-10 11:49:47,22.812
2026-04-10 11:53:57,22.312
2026-04-10 11:58:40,21.812
2026-04-10 12:04:18,21.312
2026-04-10 12:10:28,20.812
2026-04-10 12:17:32,20.312
2026-04-10 13:11:46,19.812
2026-04-10 13:30:27,19.312
2026-04-10 13:52:23,18.812
2026-04-10 14:31:23,19.312
2026-04-10 15:34:52,18.812
2026-04-10 16:11:41,18.312
2026-04-10 16:20:34,18.812
2026-04-10 16:30:44,19.312
2026-04-10 17:42:55,18.812
2026-04-10 18:26:59,19.312
2026-04-10 18:52:11,19.812
2026-04-10 18:52:22,24.875
2026-04-10 18:52:33,29.437
2026-04-10 18:52:55,28.437
2026-04-10 18:53:17,29.25
2026-04-10 18:53:28,30.187
2026-04-10 18:53:39,31.125
2026-04-10 18:53:49,31.75
2026-04-10 18:54:00,32.25
2026-04-10 18:54:22,32.937
2026-04-10 18:54:55,33.5
2026-04-10 18:55:49,34.0
2026-04-10 18:57:27,34.5
2026-04-10 18:58:43,35.0
2026-04-10 18:59:59,35.5
2026-04-10 19:29:01,34.5
2026-04-10 19:29:11,33.187
2026-04-10 19:29:22,32.125
2026-04-10 19:29:33,31.375
2026-04-10 19:29:44,30.875
2026-04-10 19:30:06,30.187
2026-04-10 19:30:28,29.687
2026-04-10 19:31:11,29.187
2026-04-10 19:32:17,28.687
2026-04-10 19:33:44,28.187
2026-04-10 19:35:43,27.687
2026-04-10 19:37:43,27.187
2026-04-10 19:39:53,26.687
2026-04-10 19:42:15,26.187
2026-04-10 19:44:36,25.687
2026-04-10 19:47:20,25.187
2026-04-10 19:50:03,24.687
2026-04-10 19:52:57,24.187
2026-04-10 19:56:35,23.687
2026-04-10 20:02:01,23.187
2026-04-10 20:13:38,22.687
2026-04-10 20:22:53,22.187
2026-04-10 20:32:07,21.687
2026-04-10 20:41:22,21.187
2026-04-10 20:51:43,20.687
2026-04-10 21:03:09,20.187
2026-04-10 21:16:34,19.687
2026-04-10 21:32:32,19.187
2026-04-10 21:59:33,19.687
2026-04-10 22:37:49,19.187
2026-04-10 22:42:11,19.687
2026-04-10 23:37:19,19.187
2026-04-10 23:55:05,18.687
2026-04-11 00:35:42,19.187
2026-04-11 01:16:53,18.687
2026-04-11 01:41:33,18.187
2026-04-11 02:12:55,17.687
2026-04-11 02:31:47,18.187
2026-04-11 02:42:18,18.687
2026-04-11 03:37:37,18.187
2026-04-11 04:08:49,17.687
2026-04-11 04:52:53,18.187
2026-04-11 05:05:46,18.687
2026-04-11 06:05:04,18.187
2026-04-11 06:45:09,17.687
2026-04-11 07:04:23,18.187
2026-04-11 07:12:33,18.687
2026-04-11 08:25:39,18.187
2026-04-11 08:57:24,18.687
2026-04-11 10:19:00,18.187
2026-04-11 10:36:25,18.687
2026-04-11 10:45:19,19.187
2026-04-11 12:17:49,19.687
2026-04-11 13:26:11,19.187
2026-04-11 14:04:27,19.687
2026-04-11 15:07:56,19.187
2026-04-11 15:53:27,19.687
2026-04-11 16:57:07,19.187
2026-04-11 17:48:05,19.687
2026-04-11 17:49:21,20.562
2026-04-11 17:49:32,27.25
2026-04-11 17:49:43,31.687
2026-04-11 17:49:54,30.812
2026-04-11 17:50:05,29.562
2026-04-11 17:50:38,30.125
2026-04-11 17:50:48,30.625
2026-04-11 17:51:10,31.25
2026-04-11 17:51:43,31.875
2026-04-11 17:52:37,32.375
2026-04-11 17:54:04,32.875
2026-04-11 17:55:42,33.437
2026-04-11 17:56:37,33.937
2026-04-11 18:55:12,32.625
2026-04-11 18:55:23,31.562
2026-04-11 18:55:34,30.062
2026-04-11 18:55:45,28.562
2026-04-11 18:55:56,27.375
2026-04-11 18:56:07,26.437
2026-04-11 18:56:18,25.812
2026-04-11 18:56:28,25.312
2026-04-11 18:56:50,24.562
2026-04-11 18:57:23,24.0
2026-04-11 18:58:06,23.5
2026-04-11 18:59:23,24.25
2026-04-11 18:59:33,26.0
2026-04-11 18:59:44,27.687
2026-04-11 18:59:55,28.937
2026-04-11 19:00:06,29.875
2026-04-11 19:00:17,30.562
2026-04-11 19:00:28,31.125
2026-04-11 19:00:50,31.75
2026-04-11 19:01:22,32.375
2026-04-11 19:02:17,32.875
2026-04-11 19:04:16,33.375
2026-04-11 19:05:22,33.875
2026-04-11 19:35:50,34.375
2026-04-11 19:55:36,34.875
2026-04-11 20:15:44,34.312
2026-04-11 20:17:33,33.812
2026-04-11 20:17:55,38.25
2026-04-11 20:18:06,43.125
2026-04-11 20:18:16,42.437
2026-04-11 20:18:27,39.062
2026-04-11 20:18:38,35.687
2026-04-11 20:18:49,32.937
2026-04-11 20:19:00,30.875
2026-04-11 20:19:11,29.312
2026-04-11 20:19:22,28.125
2026-04-11 20:19:33,27.25
2026-04-11 20:19:43,26.562
2026-04-11 20:19:54,26.0
2026-04-11 20:20:16,25.187
2026-04-11 20:20:38,24.687
2026-04-11 20:21:11,24.187
2026-04-11 20:22:16,25.687
2026-04-11 20:22:27,27.5
2026-04-11 20:22:38,29.125
2026-04-11 20:22:49,30.437
2026-04-11 20:22:59,31.312
2026-04-11 20:23:10,32.0
2026-04-11 20:23:21,32.5
2026-04-11 20:23:43,33.187
2026-04-11 20:24:16,33.75
2026-04-11 20:25:10,34.25
2026-04-11 20:27:10,34.75
2026-04-11 20:28:15,35.312
2026-04-11 21:20:18,34.812
2026-04-11 21:21:56,34.312
2026-04-11 21:22:40,34.875
2026-04-11 21:22:50,39.812
2026-04-11 21:23:01,42.875
2026-04-11 21:23:12,41.062
2026-04-11 21:23:23,37.687
2026-04-11 21:23:34,34.687
2026-04-11 21:23:45,32.375
2026-04-11 21:23:56,30.562
2026-04-11 21:24:07,29.187
2026-04-11 21:24:17,28.187
2026-04-11 21:24:28,27.437
2026-04-11 21:24:39,26.812
2026-04-11 21:25:01,25.937
2026-04-11 21:25:23,25.375
2026-04-11 21:25:55,24.875
2026-04-11 21:26:50,24.375
2026-04-11 21:27:01,25.062
2026-04-11 21:27:12,26.812
2026-04-11 21:27:22,28.562
2026-04-11 21:27:33,30.125
2026-04-11 21:27:44,31.25
2026-04-11 21:27:55,32.062
2026-04-11 21:28:06,32.625
2026-04-11 21:28:28,33.437
2026-04-11 21:28:50,33.937
2026-04-11 21:29:33,34.5
2026-04-11 21:31:11,35.0
2026-04-11 21:32:49,35.5
2026-04-11 22:32:29,35.0
2026-04-11 22:33:56,34.5
2026-04-11 22:35:34,37.125
2026-04-11 22:35:45,42.375
2026-04-11 22:35:56,42.875
2026-04-11 22:36:07,39.875
2026-04-11 22:36:17,36.625
2026-04-11 22:36:28,33.937
2026-04-11 22:36:39,31.937
2026-04-11 22:36:50,30.375
2026-04-11 22:37:01,29.187
2026-04-11 22:37:12,28.312
2026-04-11 22:37:23,27.625
2026-04-11 22:37:34,27.062
2026-04-11 22:37:55,26.312
2026-04-11 22:38:17,25.812
2026-04-11 22:38:50,25.25
2026-04-11 22:39:55,26.375
2026-04-11 22:40:06,28.187
2026-04-11 22:40:17,29.812
2026-04-11 22:40:28,31.125
2026-04-11 22:40:39,32.0
2026-04-11 22:40:49,32.687
2026-04-11 22:41:11,33.562
2026-04-11 22:41:33,34.062
2026-04-11 22:42:06,34.562
2026-04-11 22:43:33,35.062
2026-04-11 22:45:32,35.625
2026-04-11 22:46:27,36.125
2026-04-12 00:16:57,35.625
2026-04-12 00:18:35,35.125
2026-04-12 00:19:40,38.312
2026-04-12 00:19:51,43.312
2026-04-12 00:20:13,40.187
2026-04-12 00:20:24,37.0
2026-04-12 00:20:35,34.375
2026-04-12 00:20:46,32.375
2026-04-12 00:20:57,30.875
2026-04-12 00:21:08,29.75
2026-04-12 00:21:18,28.875
2026-04-12 00:21:29,28.187
2026-04-12 00:21:40,27.625
2026-04-12 00:22:02,26.937
2026-04-12 00:22:24,26.437
2026-04-12 00:22:56,25.937
2026-04-12 00:24:02,27.25
2026-04-12 00:24:13,29.125
2026-04-12 00:24:23,30.75
2026-04-12 00:24:34,31.875
2026-04-12 00:24:45,32.75
2026-04-12 00:24:56,33.312
2026-04-12 00:25:18,34.125
2026-04-12 00:25:40,34.625
2026-04-12 00:26:23,35.125
2026-04-12 00:28:12,35.625
2026-04-12 00:29:50,36.125
2026-04-12 00:30:55,35.437
2026-04-12 00:31:06,34.125
2026-04-12 00:31:17,33.187
2026-04-12 00:31:28,32.5
2026-04-12 00:31:39,32.0
2026-04-12 00:32:00,31.312
2026-04-12 00:32:33,30.687
2026-04-12 00:33:27,30.187
2026-04-12 00:34:44,29.687
2026-04-12 00:36:11,29.187
2026-04-12 00:37:49,28.687
2026-04-12 00:39:48,28.187
2026-04-12 00:41:48,27.687
2026-04-12 00:43:48,27.187
2026-04-12 00:45:58,26.687
2026-04-12 00:48:09,26.187
2026-04-12 00:50:30,25.687
2026-04-12 00:53:03,25.187
2026-04-12 00:55:46,24.687
2026-04-12 00:58:40,24.187
2026-04-12 01:01:45,23.687
2026-04-12 01:05:12,23.187
2026-04-12 01:09:00,22.687
2026-04-12 01:13:11,22.187
2026-04-12 01:17:54,21.687
2026-04-12 01:23:09,21.187
2026-04-12 01:28:57,20.687
2026-04-12 01:35:51,20.187
2026-04-12 01:43:50,19.687
2026-04-12 02:42:57,19.187
2026-04-12 03:05:27,18.687
2026-04-12 03:31:55,18.187
2026-04-12 04:17:49,18.687
2026-04-12 04:33:57,24.125
2026-04-12 04:34:08,29.312
2026-04-12 04:34:30,28.812
2026-04-12 04:34:51,29.687
2026-04-12 04:35:02,30.75
2026-04-12 04:35:13,31.75
2026-04-12 04:35:24,32.5
2026-04-12 04:35:35,33.125
2026-04-12 04:35:57,33.875
2026-04-12 04:36:19,34.375
2026-04-12 04:36:51,34.875
2026-04-12 04:37:56,35.437
2026-04-12 04:39:56,36.0
2026-04-12 04:41:56,36.5
2026-04-12 06:26:14,36.0
2026-04-12 07:42:13,35.5
2026-04-12 07:44:02,40.875
2026-04-12 07:44:13,44.5
2026-04-12 07:44:24,42.875
2026-04-12 07:44:35,39.437
2026-04-12 07:44:46,36.375
2026-04-12 07:44:57,33.875
2026-04-12 07:45:07,32.062
2026-04-12 07:45:18,30.625
2026-04-12 07:45:29,29.562
2026-04-12 07:45:40,28.812
2026-04-12 07:45:51,28.125
2026-04-12 07:46:13,27.25
2026-04-12 07:46:35,26.687
2026-04-12 07:47:07,26.125
2026-04-12 07:48:23,28.0
2026-04-12 07:48:34,29.812
2026-04-12 07:48:45,31.187
2026-04-12 07:48:56,32.125
2026-04-12 07:49:07,32.812
2026-04-12 07:49:29,33.625
2026-04-12 07:49:50,34.125
2026-04-12 07:50:34,34.687
2026-04-12 07:52:12,35.187
2026-04-12 07:54:11,35.687
2026-04-12 07:55:06,36.187
2026-04-12 08:19:02,34.625
2026-04-12 08:19:13,33.5
2026-04-12 08:19:24,32.75
2026-04-12 08:19:35,32.187
2026-04-12 08:19:57,31.437
2026-04-12 08:20:30,30.812
2026-04-12 08:21:13,30.312
2026-04-12 08:22:29,29.812
2026-04-12 08:24:07,29.25
2026-04-12 08:25:45,28.75
2026-04-12 08:27:34,28.25
2026-04-12 08:29:23,27.75
2026-04-12 08:31:23,27.25
2026-04-12 08:33:33,26.75
2026-04-12 08:35:44,26.25
2026-04-12 08:37:54,25.75
2026-04-12 08:40:27,25.25
2026-04-12 08:43:10,24.75
2026-04-12 08:46:04,24.25
2026-04-12 08:49:09,23.75
2026-04-12 08:52:47,23.25
2026-04-12 08:56:24,22.75
2026-04-12 09:00:35,22.25
2026-04-12 09:05:07,21.75
2026-04-12 09:26:52,21.25
2026-04-12 09:41:01,20.75
2026-04-12 09:53:21,20.25
2026-04-12 10:05:08,19.75
2026-04-12 10:19:17,19.25
2026-04-12 10:37:37,18.75
2026-04-12 11:00:28,19.25
2026-04-12 12:07:56,18.75
2026-04-12 12:40:13,19.25
2026-04-12 13:47:52,18.75
2026-04-12 14:20:41,19.25
2026-04-12 15:37:46,18.75
2026-04-12 16:00:38,19.25
2026-04-12 16:09:53,19.75
2026-04-12 16:59:56,19.25
2026-04-12 17:29:09,18.75
2026-04-12 17:52:55,19.25
2026-04-12 18:03:59,19.75
2026-04-12 19:43:33,19.25
2026-04-12 20:01:41,18.75
2026-04-12 20:21:05,19.25
2026-04-12 21:19:30,18.75
2026-04-12 21:41:05,23.062
2026-04-12 21:41:16,31.5
2026-04-12 21:41:27,34.187
2026-04-12 21:41:37,32.062
2026-04-12 21:41:48,29.312
2026-04-12 21:41:59,27.187
2026-04-12 21:42:10,25.687
2026-04-12 21:42:21,24.687
2026-04-12 21:42:32,24.062
2026-04-12 21:42:43,23.562
2026-04-12 21:43:05,23.0
2026-04-12 21:43:37,22.5
2026-04-12 21:44:53,22.0
2026-04-12 21:45:26,23.312
2026-04-12 21:45:37,25.187
2026-04-12 21:45:48,26.875
2026-04-12 21:45:59,28.5
2026-04-12 21:46:09,29.812
2026-04-12 21:46:20,30.687
2026-04-12 21:46:31,31.437
2026-04-12 21:46:42,32.0
2026-04-12 21:47:04,32.687
2026-04-12 21:47:26,33.187
2026-04-12 21:47:58,33.687
2026-04-12 21:49:14,34.187
2026-04-12 21:50:52,34.75
2026-04-12 21:51:36,35.25
2026-04-12 22:00:51,34.312
2026-04-12 22:01:02,32.875
2026-04-12 22:01:13,31.625
2026-04-12 22:01:24,30.75
2026-04-12 22:01:35,30.125
2026-04-12 22:01:56,29.312
2026-04-12 22:02:18,28.812
2026-04-12 22:03:02,28.187
2026-04-12 22:04:07,27.687
2026-04-12 22:05:45,27.187
2026-04-12 22:07:45,26.687
2026-04-12 22:09:55,26.187
2026-04-12 22:12:17,25.687
2026-04-12 22:14:49,25.187
2026-04-12 22:17:32,24.687
2026-04-12 22:20:26,24.187
2026-04-12 22:23:31,23.687
2026-04-12 22:26:47,23.187
2026-04-12 22:30:25,22.687
2026-04-12 22:34:24,22.187
2026-04-12 22:38:56,21.687
2026-04-12 23:07:14,21.187
2026-04-12 23:19:23,20.687
2026-04-12 23:31:32,20.187
2026-04-12 23:44:25,19.687
2026-04-12 23:59:17,19.187
2026-04-13 00:17:25,18.687
2026-04-13 00:39:33,19.187
2026-04-13 01:03:40,23.875
2026-04-13 01:03:51,29.125
2026-04-13 01:04:13,28.5
2026-04-13 01:04:35,29.062
2026-04-13 01:04:46,29.875
2026-04-13 01:04:57,30.75
2026-04-13 01:05:07,31.437
2026-04-13 01:05:18,31.937
2026-04-13 01:05:40,32.625
2026-04-13 01:06:13,33.25
2026-04-13 01:07:07,33.812
2026-04-13 01:08:34,34.312
2026-04-13 01:09:50,34.875
2026-04-13 01:10:45,35.375
2026-04-13 01:26:10,34.875
2026-04-13 03:52:54,34.375
2026-04-13 03:54:32,33.875
2026-04-13 03:54:53,34.937
2026-04-13 03:55:04,40.687
2026-04-13 03:55:15,43.562
2026-04-13 03:55:26,41.437
2026-04-13 03:55:37,38.0
2026-04-13 03:55:48,34.937
2026-04-13 03:55:59,32.562
2026-04-13 03:56:09,30.75
2026-04-13 03:56:20,29.437
2026-04-13 03:56:31,28.375
2026-04-13 03:56:42,27.562
2026-04-13 03:56:53,27.0
2026-04-13 03:57:04,26.5
2026-04-13 03:57:26,25.812
2026-04-13 03:57:47,25.312
2026-04-13 03:58:31,24.75
2026-04-13 03:59:14,25.437
2026-04-13 03:59:25,27.25
2026-04-13 03:59:36,28.937
2026-04-13 03:59:47,30.375
2026-04-13 03:59:58,31.375
2026-04-13 04:00:09,32.125
2026-04-13 04:00:20,32.625
2026-04-13 04:00:42,33.312
2026-04-13 04:01:14,33.937
2026-04-13 04:02:20,34.5
2026-04-13 04:04:41,35.0
2026-04-13 04:05:36,35.5
2026-04-13 05:54:25,36.0
2026-04-13 06:24:09,34.437
2026-04-13 06:24:20,33.062
2026-04-13 06:24:31,31.5
2026-04-13 06:24:42,30.25
2026-04-13 06:24:53,29.25
2026-04-13 06:25:04,28.437
2026-04-13 06:25:15,27.875
2026-04-13 06:25:36,27.062
2026-04-13 06:26:09,26.437
2026-04-13 06:26:53,25.937
2026-04-13 06:28:20,27.75
2026-04-13 06:28:31,29.5
2026-04-13 06:28:41,30.812
2026-04-13 06:28:52,31.812
2026-04-13 06:29:03,32.625
2026-04-13 06:29:14,33.187
2026-04-13 06:29:36,33.875
2026-04-13 06:31:14,34.375
2026-04-13 06:33:46,34.875
2026-04-13 06:34:41,35.5
2026-04-13 06:35:46,36.0
2026-04-13 06:43:56,35.437
2026-04-13 06:45:33,34.937
2026-04-13 06:46:39,39.75
2026-04-13 06:46:50,44.062
2026-04-13 06:47:00,43.0
2026-04-13 06:47:11,39.687
2026-04-13 06:47:22,36.5
2026-04-13 06:47:33,34.0
2026-04-13 06:47:44,32.125
2026-04-13 06:47:55,30.687
2026-04-13 06:48:06,29.562
2026-04-13 06:48:17,28.75
2026-04-13 06:48:28,28.125
2026-04-13 06:48:38,27.625
2026-04-13 06:49:00,26.937
2026-04-13 06:49:22,26.437
2026-04-13 06:49:55,25.937
2026-04-13 06:51:00,27.687
2026-04-13 06:51:11,29.437
2026-04-13 06:51:22,30.875
2026-04-13 06:51:33,31.875
2026-04-13 06:51:43,32.625
2026-04-13 06:51:54,33.187
2026-04-13 06:52:05,33.687
2026-04-13 06:53:21,34.187
2026-04-13 06:56:05,34.687
2026-04-13 06:57:10,35.25
2026-04-13 06:57:43,35.75
2026-04-13 07:14:39,36.187
2026-04-13 07:56:33,36.687
2026-04-13 08:57:51,37.187
2026-04-13 08:59:51,36.687
2026-04-13 09:01:08,36.187
2026-04-13 09:02:45,35.687
2026-04-13 09:04:02,40.187
2026-04-13 09:04:12,44.312
2026-04-13 09:04:23,43.25
2026-04-13 09:04:34,40.062
2026-04-13 09:04:45,36.937
2026-04-13 09:04:56,34.5
2026-04-13 09:05:07,32.625
2026-04-13 09:05:18,31.25
2026-04-13 09:05:29,30.187
2026-04-13 09:05:40,29.375
2026-04-13 09:05:51,28.75
2026-04-13 09:06:01,28.25
2026-04-13 09:06:23,27.562
2026-04-13 09:06:45,27.062
2026-04-13 09:07:28,26.5
2026-04-13 09:08:23,28.312
2026-04-13 09:08:34,30.125
2026-04-13 09:08:45,31.5
2026-04-13 09:08:55,32.375
2026-04-13 09:09:17,33.125
2026-04-13 09:09:50,33.687
2026-04-13 09:10:44,34.25
2026-04-13 09:13:38,34.875
2026-04-13 09:14:11,35.437
2026-04-13 09:14:44,36.0
2026-04-13 09:15:27,36.5
2026-04-13 09:16:33,35.75
2026-04-13 09:16:43,34.562
2026-04-13 09:16:54,33.562
2026-04-13 09:17:05,32.937
2026-04-13 09:17:16,32.437
2026-04-13 09:17:38,31.75
2026-04-13 09:18:10,31.187
2026-04-13 09:19:05,30.625
2026-04-13 09:20:21,30.125
2026-04-13 09:21:59,29.625
2026-04-13 09:23:48,29.125
2026-04-13 09:25:37,28.625
2026-04-13 09:27:36,28.125
2026-04-13 09:29:47,27.625
2026-04-13 09:31:47,27.125
2026-04-13 09:34:08,26.625
2026-04-13 09:36:30,26.125
2026-04-13 09:39:13,25.625
2026-04-13 09:41:56,25.125
2026-04-13 09:45:01,24.625
2026-04-13 09:48:17,24.125
2026-04-13 09:51:44,23.625
2026-04-13 09:55:54,23.125
2026-04-13 10:00:27,22.625
2026-04-13 10:05:31,22.125
2026-04-13 10:10:58,21.625
2026-04-13 10:17:19,21.125
2026-04-13 11:04:17,20.625
2026-04-13 11:21:09,20.125
2026-04-13 11:40:55,19.625
2026-04-13 12:05:14,19.125
2026-04-13 12:29:21,19.625
2026-04-13 12:43:19,20.125
2026-04-13 13:20:51,19.625
2026-04-13 13:49:41,19.125
2026-04-13 14:29:24,19.625
2026-04-13 14:43:55,20.125
2026-04-13 15:19:28,19.625
2026-04-13 15:48:07,19.125
2026-04-13 16:32:33,19.625
2026-04-13 16:49:47,20.125
2026-04-13 17:38:12,19.625
2026-04-13 18:17:34,19.125
2026-04-13 18:22:17,19.625
2026-04-13 18:32:48,20.125
2026-04-13 19:36:49,19.625
2026-04-13 19:40:49,20.125
2026-04-13 19:51:09,20.625
2026-04-13 20:29:36,20.125
2026-04-13 20:47:01,19.625
2026-04-13 21:07:53,19.125
2026-04-13 21:31:38,19.625
2026-04-13 22:16:15,20.125
2026-04-13 22:28:03,20.625
2026-04-13 23:00:20,20.125
2026-04-13 23:17:12,19.625
2026-04-13 23:39:41,19.125
2026-04-14 00:08:10,19.625
2026-04-14 01:03:18,19.125
2026-04-14 01:33:46,18.625
2026-04-14 02:18:12,19.125
2026-04-14 03:40:32,18.625
2026-04-14 03:55:24,23.0
2026-04-14 03:55:35,25.875
2026-04-14 03:56:08,26.812
2026-04-14 03:56:19,27.812
2026-04-14 03:56:30,28.937
2026-04-14 03:56:40,30.0
2026-04-14 03:56:51,30.75
2026-04-14 03:57:02,31.312
2026-04-14 03:57:24,32.062
2026-04-14 03:57:46,32.625
2026-04-14 03:58:29,33.187
2026-04-14 03:59:24,33.687
2026-04-14 04:01:02,34.187
2026-04-14 04:01:56,34.687
2026-04-14 04:55:59,34.187
2026-04-14 04:57:26,33.687
2026-04-14 04:59:04,33.187
2026-04-14 04:59:14,33.875
2026-04-14 04:59:25,39.437
2026-04-14 04:59:36,43.125
2026-04-14 04:59:47,41.312
2026-04-14 04:59:58,37.812
2026-04-14 05:00:09,34.562
2026-04-14 05:00:20,31.937
2026-04-14 05:00:31,30.0
2026-04-14 05:00:42,28.562
2026-04-14 05:00:53,27.5
2026-04-14 05:01:03,26.687
2026-04-14 05:01:14,26.0
2026-04-14 05:01:25,25.5
2026-04-14 05:01:47,24.812
2026-04-14 05:02:09,24.312
2026-04-14 05:02:52,23.75
2026-04-14 05:03:47,25.875
2026-04-14 05:03:58,27.562
2026-04-14 05:04:08,29.062
2026-04-14 05:04:19,30.187
2026-04-14 05:04:30,30.937
2026-04-14 05:04:41,31.5
2026-04-14 05:05:03,32.25
2026-04-14 05:05:25,32.75
2026-04-14 05:06:08,33.312
2026-04-14 05:07:46,33.812
2026-04-14 05:09:24,34.312
2026-04-14 05:10:40,34.812
2026-04-14 05:17:23,34.312
2026-04-14 06:27:34,34.812
2026-04-14 07:25:04,35.312
2026-04-14 07:33:25,34.812
2026-04-14 07:34:52,34.312
2026-04-14 07:36:30,37.687
2026-04-14 07:36:41,42.875
2026-04-14 07:37:03,39.75
2026-04-14 07:37:14,36.437
2026-04-14 07:37:24,33.812
2026-04-14 07:37:35,31.75
2026-04-14 07:37:46,30.187
2026-04-14 07:37:57,29.062
2026-04-14 07:38:08,28.125
2026-04-14 07:38:19,27.5
2026-04-14 07:38:30,26.937
2026-04-14 07:38:51,26.187
2026-04-14 07:39:13,25.687
2026-04-14 07:39:46,25.187
2026-04-14 07:40:51,26.5
2026-04-14 07:41:02,28.312
2026-04-14 07:41:13,29.812
2026-04-14 07:41:24,30.875
2026-04-14 07:41:35,31.687
2026-04-14 07:41:46,32.25
2026-04-14 07:41:56,32.75
2026-04-14 07:42:18,33.375
2026-04-14 07:44:29,33.875
2026-04-14 07:46:29,34.375
2026-04-14 07:47:23,34.937
2026-04-14 08:01:22,35.437
2026-04-14 08:45:58,35.937
2026-04-14 09:28:14,36.437
2026-04-14 10:03:47,35.937
2026-04-14 10:05:03,35.437
2026-04-14 10:06:52,34.937
2026-04-14 10:07:03,36.75
2026-04-14 10:07:14,42.375
2026-04-14 10:07:24,44.125
2026-04-14 10:07:35,41.562
2026-04-14 10:07:46,38.25
2026-04-14 10:07:57,35.375
2026-04-14 10:08:08,33.187
2026-04-14 10:08:19,31.562
2026-04-14 10:08:30,30.312
2026-04-14 10:08:41,29.375
2026-04-14 10:08:52,28.625
2026-04-14 10:09:02,28.062
2026-04-14 10:09:24,27.25
2026-04-14 10:09:46,26.687
2026-04-14 10:10:29,26.125
2026-04-14 10:11:24,26.875
2026-04-14 10:11:35,28.75
2026-04-14 10:11:46,30.375
2026-04-14 10:11:56,31.562
2026-04-14 10:12:07,32.5
2026-04-14 10:12:18,33.125
2026-04-14 10:13:13,33.625
2026-04-14 10:15:45,34.125
2026-04-14 10:17:12,34.75
2026-04-14 10:17:45,35.312
2026-04-14 10:18:17,35.812
2026-04-14 10:21:01,36.312
2026-04-14 11:01:38,36.812
2026-04-14 11:41:21,35.625
2026-04-14 11:41:32,34.437
2026-04-14 11:41:43,33.562
2026-04-14 11:41:54,32.875
2026-04-14 11:42:16,32.125
2026-04-14 11:42:38,31.562
2026-04-14 11:43:21,31.0
2026-04-14 11:44:26,30.5
2026-04-14 11:45:53,30.0
2026-04-14 11:47:31,29.5
2026-04-14 11:49:20,29.0
2026-04-14 11:51:20,28.5
2026-04-14 11:53:20,28.0
2026-04-14 11:55:30,27.5
2026-04-14 11:57:52,27.0
2026-04-14 12:00:13,26.5
2026-04-14 12:02:57,26.0
2026-04-14 12:05:40,25.5
2026-04-14 12:08:34,25.0
2026-04-14 12:14:33,24.5
2026-04-14 12:23:15,24.0
2026-04-14 12:31:14,23.5
2026-04-14 12:39:02,23.0
2026-04-14 12:46:28,22.5
2026-04-14 12:55:00,22.0
2026-04-14 13:04:15,21.5
2026-04-14 13:15:30,21.0
2026-04-14 13:26:45,20.5
2026-04-14 13:42:20,20.0
2026-04-14 14:02:28,19.5
2026-04-14 14:11:11,20.0
2026-04-14 15:32:26,19.5
2026-04-14 16:20:30,20.0
2026-04-14 17:27:25,19.5
2026-04-14 18:06:47,19.0
2026-04-14 18:13:41,19.5
2026-04-14 18:24:34,20.0
2026-04-14 19:36:23,19.5
2026-04-14 19:42:55,20.0
2026-04-14 19:46:11,20.5
2026-04-14 20:38:35,20.0
2026-04-14 20:57:38,19.5
2026-04-14 21:31:11,20.0
2026-04-14 22:13:05,19.5
2026-04-14 22:35:24,19.0
2026-04-14 22:50:38,19.5
2026-04-14 23:01:41,20.0
2026-04-14 23:42:08,19.5
2026-04-15 00:07:42,19.0
2026-04-15 00:47:58,19.5
2026-04-15 01:54:54,19.0
2026-04-15 02:28:27,18.5
2026-04-15 03:00:00,19.0
2026-04-15 03:11:26,19.5
2026-04-15 04:08:01,19.0
2026-04-15 04:09:50,19.75
2026-04-15 04:10:01,24.5
2026-04-15 04:10:12,27.25
2026-04-15 04:10:55,28.375
2026-04-15 04:11:06,29.5
2026-04-15 04:11:17,30.562
2026-04-15 04:11:28,31.375
2026-04-15 04:11:39,31.937
2026-04-15 04:12:01,32.75
2026-04-15 04:12:22,33.25
2026-04-15 04:12:55,33.75
2026-04-15 04:14:00,34.312
2026-04-15 04:15:38,34.812
2026-04-15 04:16:33,35.312
2026-04-15 05:58:18,34.812
2026-04-15 05:59:45,34.312
2026-04-15 06:01:23,33.812
2026-04-15 06:01:34,34.375
2026-04-15 06:01:45,39.812
2026-04-15 06:01:56,43.562
2026-04-15 06:02:06,41.875
2026-04-15 06:02:17,38.375
2026-04-15 06:02:28,35.187
2026-04-15 06:02:39,32.625
2026-04-15 06:02:50,30.687
2026-04-15 06:03:01,29.25
2026-04-15 06:03:12,28.125
2026-04-15 06:03:23,27.312
2026-04-15 06:03:33,26.687
2026-04-15 06:03:44,26.125
2026-04-15 06:04:06,25.437
2026-04-15 06:04:28,24.937
2026-04-15 06:05:00,24.437
2026-04-15 06:06:06,26.562
2026-04-15 06:06:17,28.312
2026-04-15 06:06:28,29.812
2026-04-15 06:06:38,30.937
2026-04-15 06:06:49,31.75
2026-04-15 06:07:00,32.312
2026-04-15 06:07:22,33.125
2026-04-15 06:07:55,33.75
2026-04-15 06:08:38,34.25
2026-04-15 06:11:00,34.75
2026-04-15 06:12:05,35.312
2026-04-15 07:55:38,35.812
2026-04-15 08:11:47,35.312
2026-04-15 08:13:25,34.812
2026-04-15 08:14:30,35.437
2026-04-15 08:14:41,40.937
2026-04-15 08:14:52,43.875
2026-04-15 08:15:03,41.75
2026-04-15 08:15:14,38.375
2026-04-15 08:15:24,35.375
2026-04-15 08:15:35,33.062
2026-04-15 08:15:46,31.25
2026-04-15 08:15:57,29.937
2026-04-15 08:16:08,28.937
2026-04-15 08:16:19,28.187
2026-04-15 08:16:30,27.625
2026-04-15 08:16:41,27.125
2026-04-15 08:17:02,26.437
2026-04-15 08:17:35,25.812
2026-04-15 08:18:19,25.312
2026-04-15 08:18:51,26.0
2026-04-15 08:19:02,27.812
2026-04-15 08:19:13,29.5
2026-04-15 08:19:24,30.812
2026-04-15 08:19:35,31.75
2026-04-15 08:19:46,32.5
2026-04-15 08:19:56,33.0
2026-04-15 08:20:18,33.75
2026-04-15 08:20:51,34.312
2026-04-15 08:25:12,34.937
2026-04-15 08:25:45,35.437
2026-04-15 08:30:28,35.937
2026-04-15 09:29:57,36.437
2026-04-15 10:25:39,35.062
2026-04-15 10:25:50,34.0
2026-04-15 10:26:01,33.25
2026-04-15 10:26:12,32.687
2026-04-15 10:26:33,32.0
2026-04-15 10:26:55,31.5
2026-04-15 10:27:39,30.937
2026-04-15 10:28:44,30.437
2026-04-15 10:30:22,29.937
2026-04-15 10:32:43,29.437
2026-04-15 10:35:37,28.937
2026-04-15 10:37:15,28.437
2026-04-15 10:39:48,27.937
2026-04-15 10:43:03,27.437
2026-04-15 10:46:19,26.937
2026-04-15 10:49:46,26.437
2026-04-15 10:53:13,25.937
2026-04-15 10:57:01,25.437
2026-04-15 11:01:01,24.937
2026-04-15 11:05:11,24.437
2026-04-15 11:09:54,23.937
2026-04-15 11:14:48,23.437
2026-04-15 11:20:47,22.937
2026-04-15 11:27:08,22.437
2026-04-15 11:34:23,21.937
2026-04-15 11:43:05,21.437
2026-04-15 11:53:25,20.937
2026-04-15 12:05:24,20.437
2026-04-15 12:22:16,19.937
2026-04-15 12:39:19,20.437
2026-04-15 13:36:05,19.937
2026-04-15 14:05:28,19.437
2026-04-15 14:42:17,19.937
2026-04-15 16:08:37,19.437
2026-04-15 16:40:32,19.937
2026-04-15 16:56:08,20.437
2026-04-15 17:46:01,19.937
2026-04-15 18:20:40,19.437
2026-04-15 18:40:47,19.937
2026-04-15 18:52:13,20.437
2026-04-15 19:47:21,19.937
2026-04-15 20:30:20,20.437
2026-04-15 21:26:12,19.937
2026-04-15 21:47:47,19.437
2026-04-15 22:21:53,19.937
2026-04-15 22:59:36,20.437
2026-04-16 00:02:43,19.937
2026-04-16 00:23:02,19.437
2026-04-16 00:48:58,19.937
2026-04-16 01:46:39,19.437
2026-04-16 02:14:35,18.937
2026-04-16 03:05:44,19.437
2026-04-16 04:32:59,18.937
2026-04-16 04:58:55,20.375
2026-04-16 04:59:06,24.437
2026-04-16 04:59:17,25.812
2026-04-16 04:59:38,26.312
2026-04-16 04:59:49,27.25
2026-04-16 05:00:00,28.437
2026-04-16 05:00:11,29.625
2026-04-16 05:00:22,30.562
2026-04-16 05:00:33,31.25
2026-04-16 05:00:44,31.75
2026-04-16 05:01:06,32.437
2026-04-16 05:01:27,32.937
2026-04-16 05:02:11,33.437
2026-04-16 05:03:27,33.937
2026-04-16 05:04:54,34.437
2026-04-16 05:05:59,34.937
2026-04-16 05:21:46,33.875
2026-04-16 05:21:57,32.687
2026-04-16 05:22:08,31.187
2026-04-16 05:22:19,29.5
2026-04-16 05:22:30,28.125
2026-04-16 05:22:40,27.062
2026-04-16 05:22:51,26.312
2026-04-16 05:23:02,25.687
2026-04-16 05:23:24,24.875
2026-04-16 05:23:46,24.375
2026-04-16 05:24:29,23.812
2026-04-16 05:25:24,23.312
2026-04-16 05:26:07,25.312
2026-04-16 05:26:18,27.0
2026-04-16 05:26:29,28.562
2026-04-16 05:26:40,29.812
2026-04-16 05:26:51,30.75
2026-04-16 05:27:02,31.437
2026-04-16 05:27:13,31.937
2026-04-16 05:27:34,32.625
2026-04-16 05:28:07,33.25
2026-04-16 05:28:50,33.75
2026-04-16 05:30:28,34.25
2026-04-16 05:31:55,34.75
2026-04-16 05:41:54,34.187
2026-04-16 05:43:32,33.687
2026-04-16 05:44:48,39.75
2026-04-16 05:44:59,43.312
2026-04-16 05:45:10,41.312
2026-04-16 05:45:21,37.75
2026-04-16 05:45:32,34.437
2026-04-16 05:45:42,31.875
2026-04-16 05:45:53,29.937
2026-04-16 05:46:04,28.5
2026-04-16 05:46:15,27.375
2026-04-16 05:46:26,26.562
2026-04-16 05:46:37,25.937
2026-04-16 05:46:48,25.437
2026-04-16 05:47:09,24.687
2026-04-16 05:47:31,24.187
2026-04-16 05:48:15,23.625
2026-04-16 05:49:09,25.875
2026-04-16 05:49:20,27.562
2026-04-16 05:49:31,29.062
2026-04-16 05:49:42,30.312
2026-04-16 05:49:53,31.125
2026-04-16 05:50:04,31.75
2026-04-16 05:50:25,32.5
2026-04-16 05:50:47,33.062
2026-04-16 05:51:31,33.625
2026-04-16 05:53:08,34.125
2026-04-16 05:54:36,34.625
2026-04-16 05:55:41,35.125
2026-04-16 06:03:07,34.625
2026-04-16 07:48:30,35.125
2026-04-16 08:13:42,34.625
2026-04-16 08:15:20,34.125
2026-04-16 08:16:04,34.625
2026-04-16 08:16:15,40.0
2026-04-16 08:16:26,43.562
2026-04-16 08:16:36,41.875
2026-04-16 08:16:47,38.437
2026-04-16 08:16:58,35.375
2026-04-16 08:17:09,32.937
2026-04-16 08:17:20,31.125
2026-04-16 08:17:31,29.75
2026-04-16 08:17:42,28.687
2026-04-16 08:17:53,27.875
2026-04-16 08:18:03,27.187
2026-04-16 08:18:25,26.375
2026-04-16 08:18:47,25.812
2026-04-16 08:19:20,25.25
2026-04-16 08:20:36,27.062
2026-04-16 08:20:47,28.812
2026-04-16 08:20:58,30.125
2026-04-16 08:21:08,31.187
2026-04-16 08:21:19,31.875
2026-04-16 08:21:30,32.437
2026-04-16 08:21:52,33.187
2026-04-16 08:22:25,33.812
2026-04-16 08:26:46,34.375
2026-04-16 08:27:18,34.875
2026-04-16 08:37:39,35.375
2026-04-16 09:29:53,35.875
2026-04-16 10:23:34,35.375
2026-04-16 10:25:44,34.875
2026-04-16 10:27:11,34.375
2026-04-16 10:28:38,33.875
2026-04-16 10:30:27,33.375
2026-04-16 10:32:16,32.875
2026-04-16 10:34:05,32.375
2026-04-16 10:35:53,31.875
2026-04-16 10:37:53,31.375
2026-04-16 10:39:42,30.875
2026-04-16 10:41:42,30.375
2026-04-16 10:43:52,29.875
2026-04-16 10:46:03,29.375
2026-04-16 10:48:24,28.875
2026-04-16 10:50:46,28.375
2026-04-16 10:53:18,27.875
2026-04-16 10:56:01,27.375
2026-04-16 10:58:55,26.875
2026-04-16 11:02:01,26.375
2026-04-16 11:05:16,25.875
2026-04-16 11:08:54,25.375
2026-04-16 11:12:53,24.875
2026-04-16 11:17:15,24.375
2026-04-16 11:21:47,23.875
2026-04-16 11:27:02,23.375
2026-04-16 11:32:50,22.875
2026-04-16 11:39:44,22.375
2026-04-16 11:47:32,21.875
2026-04-16 11:57:09,21.375
2026-04-16 12:08:13,20.875
2026-04-16 12:25:59,21.375
2026-04-16 13:03:10,20.875
2026-04-16 13:25:06,20.375
2026-04-16 13:53:24,19.875
2026-04-16 14:24:03,20.375
2026-04-16 15:42:13,19.875
2026-04-16 16:28:28,20.375
2026-04-16 18:26:43,20.875
2026-04-16 19:47:14,21.375
2026-04-16 20:38:56,20.875
2026-04-16 20:55:15,20.375
2026-04-16 21:21:22,20.875
2026-04-16 21:24:27,21.375
2026-04-16 22:03:27,20.875
2026-04-16 22:23:46,20.375
2026-04-16 22:46:37,19.875
2026-04-16 23:23:15,20.375
2026-04-17 00:24:23,19.875
2026-04-17 00:49:36,19.375
2026-04-17 01:22:47,19.875
2026-04-17 02:34:26,19.375
2026-04-17 03:12:31,18.875
2026-04-17 03:38:05,19.375
2026-04-17 03:47:09,19.875
2026-04-17 04:10:00,21.562
2026-04-17 04:10:11,27.437
2026-04-17 04:10:22,30.0
2026-04-17 04:10:33,29.062
2026-04-17 04:11:17,30.437
2026-04-17 04:11:28,31.375
2026-04-17 04:11:38,32.062
2026-04-17 04:11:49,32.625
2026-04-17 04:12:11,33.312
2026-04-17 04:12:44,33.937
2026-04-17 04:13:27,34.437
2026-04-17 04:14:54,34.937
2026-04-17 04:16:10,35.437
2026-04-17 04:17:05,35.937
2026-04-17 05:43:03,35.437
2026-04-17 06:48:43,34.937
2026-04-17 06:50:10,34.437
2026-04-17 06:51:48,36.625
2026-04-17 06:51:59,42.312
2026-04-17 06:52:10,43.562
2026-04-17 06:52:20,40.687
2026-04-17 06:52:31,37.25
2026-04-17 06:52:42,34.375
2026-04-17 06:52:53,32.125
2026-04-17 06:53:04,30.437
2026-04-17 06:53:15,29.25
2026-04-17 06:53:26,28.25
2026-04-17 06:53:37,27.5
2026-04-17 06:53:47,26.937
2026-04-17 06:54:09,26.187
2026-04-17 06:54:31,25.625
2026-04-17 06:55:04,25.062
2026-04-17 06:56:09,26.0
2026-04-17 06:56:20,27.812
2026-04-17 06:56:31,29.5
2026-04-17 06:56:42,30.812
2026-04-17 06:56:53,31.75
2026-04-17 06:57:03,32.437
2026-04-17 06:57:14,32.937
2026-04-17 06:57:36,33.562
2026-04-17 06:58:09,34.125
2026-04-17 06:59:03,34.625
2026-04-17 07:01:36,35.187
2026-04-17 07:02:41,35.75
2026-04-17 08:19:35,36.25
2026-04-17 09:10:44,35.75
2026-04-17 09:12:22,35.25
2026-04-17 09:12:54,35.937
2026-04-17 09:13:05,41.25
2026-04-17 09:13:16,44.312
2026-04-17 09:13:27,42.375
2026-04-17 09:13:38,39.0
2026-04-17 09:13:49,36.0
2026-04-17 09:14:00,33.687
2026-04-17 09:14:10,31.875
2026-04-17 09:14:21,30.562
2026-04-17 09:14:32,29.5
2026-04-17 09:14:43,28.687
2026-04-17 09:14:54,28.125
2026-04-17 09:15:05,27.625
2026-04-17 09:15:27,26.937
2026-04-17 09:15:59,26.312
2026-04-17 09:16:54,25.75
2026-04-17 09:17:15,26.437
2026-04-17 09:17:26,28.187
2026-04-17 09:17:37,29.875
2026-04-17 09:17:48,31.187
2026-04-17 09:17:59,32.187
2026-04-17 09:18:10,32.937
2026-04-17 09:18:21,33.5
2026-04-17 09:21:26,34.0
2026-04-17 09:23:04,34.562
2026-04-17 09:23:36,35.125
2026-04-17 09:24:09,35.687
2026-04-17 09:25:47,36.187
2026-04-17 09:45:55,35.375
2026-04-17 09:46:06,34.125
2026-04-17 09:46:16,33.25
2026-04-17 09:46:27,32.625
2026-04-17 09:46:38,32.125
2026-04-17 09:47:00,31.5
2026-04-17 09:47:33,30.937
2026-04-17 09:48:27,30.437
2026-04-17 09:49:43,29.937
2026-04-17 09:51:32,29.437
2026-04-17 09:53:32,28.937
2026-04-17 09:55:31,28.437
2026-04-17 09:57:31,27.937
2026-04-17 10:00:04,27.437
2026-04-17 10:02:26,26.937
2026-04-17 10:04:58,26.437
2026-04-17 10:07:52,25.937
2026-04-17 10:11:08,25.437
2026-04-17 10:14:13,24.937
2026-04-17 10:18:02,24.437
2026-04-17 10:22:01,23.937
2026-04-17 10:26:33,23.437
2026-04-17 10:31:27,22.937
2026-04-17 10:37:04,22.437
2026-04-17 11:09:00,21.937
2026-04-17 11:24:57,21.437
2026-04-17 11:41:27,20.937
2026-04-17 11:59:57,20.437
2026-04-17 12:26:15,19.937
2026-04-17 12:49:17,20.437
2026-04-17 14:04:55,19.937
2026-04-17 14:55:10,20.437
2026-04-17 15:13:39,20.937
2026-04-17 16:14:36,20.437
2026-04-17 16:55:35,20.937
2026-04-17 18:13:01,20.437
2026-04-17 18:53:06,20.937
2026-04-17 19:04:10,21.437
2026-04-17 20:02:13,20.937
2026-04-17 20:36:07,20.437
2026-04-17 20:49:33,20.937
2026-04-17 21:03:31,21.437
2026-04-17 21:32:33,20.937
2026-04-17 21:37:48,21.437
2026-04-17 21:41:37,21.937
2026-04-17 22:22:36,21.437
2026-04-17 22:39:06,20.937
2026-04-17 22:57:36,20.437
2026-04-17 23:19:11,19.937
2026-04-17 23:35:42,20.437
2026-04-17 23:48:23,20.937
2026-04-18 00:26:40,20.437
2026-04-18 00:50:47,19.937
2026-04-18 01:20:32,19.437
2026-04-18 01:44:06,19.937
2026-04-18 01:55:43,20.437
2026-04-18 02:42:09,19.937
2026-04-18 03:17:53,19.437
2026-04-18 04:10:40,19.937
2026-04-18 05:19:35,23.5
2026-04-18 05:19:46,27.187
2026-04-18 05:20:19,27.687
2026-04-18 05:20:29,28.5
2026-04-18 05:20:40,29.562
2026-04-18 05:20:51,30.75
2026-04-18 05:21:02,31.687
2026-04-18 05:21:13,32.437
2026-04-18 05:21:24,32.937
2026-04-18 05:21:46,33.687
2026-04-18 05:22:18,34.312
2026-04-18 05:23:13,34.875
2026-04-18 05:25:01,35.375
2026-04-18 05:28:28,35.875
2026-04-18 07:07:53,35.375
2026-04-18 07:09:20,34.875
2026-04-18 07:10:47,39.937
2026-04-18 07:10:58,43.875
2026-04-18 07:11:08,42.437
2026-04-18 07:11:19,38.937
2026-04-18 07:11:30,35.75
2026-04-18 07:11:41,33.125
2026-04-18 07:11:52,31.187
2026-04-18 07:12:03,29.75
2026-04-18 07:12:14,28.562
2026-04-18 07:12:25,27.75
2026-04-18 07:12:36,27.062
2026-04-18 07:12:46,26.562
2026-04-18 07:13:08,25.75
2026-04-18 07:13:41,25.125
2026-04-18 07:14:24,24.625
2026-04-18 07:15:08,26.687
2026-04-18 07:15:19,28.5
2026-04-18 07:15:30,30.0
2026-04-18 07:15:40,31.25
2026-04-18 07:15:51,32.062
2026-04-18 07:16:02,32.687
2026-04-18 07:16:24,33.5
2026-04-18 07:16:46,34.062
2026-04-18 07:17:18,34.562
2026-04-18 07:18:45,35.062
2026-04-18 07:20:34,35.562
2026-04-18 07:21:40,36.062
2026-04-18 07:30:11,35.562
2026-04-18 07:44:53,34.812
2026-04-18 07:45:04,33.562
2026-04-18 07:45:14,32.5
2026-04-18 07:45:25,31.75
2026-04-18 07:45:36,31.25
2026-04-18 07:45:58,30.5
2026-04-18 07:46:31,29.875
2026-04-18 07:47:25,29.312
2026-04-18 07:48:52,28.812
2026-04-18 07:50:41,28.312
2026-04-18 07:52:51,27.812
2026-04-18 07:55:02,27.312
2026-04-18 07:57:34,26.812
2026-04-18 08:00:18,26.312
2026-04-18 08:03:01,25.812
2026-04-18 08:06:06,25.312
2026-04-18 08:09:22,24.812
2026-04-18 08:12:59,24.312
2026-04-18 08:16:59,23.812
2026-04-18 08:21:20,23.312
2026-04-18 08:26:25,22.75
2026-04-18 08:32:35,22.25
2026-04-18 09:09:47,21.25
2026-04-18 10:07:48,20.75
2026-04-18 10:34:28,20.25
2026-04-18 11:47:43,19.75
2026-04-18 14:01:23,19.25
2026-04-18 16:51:40,18.75
2026-04-18 20:07:31,18.25
2026-04-18 22:25:20,17.75
2026-04-19 00:56:57,17.25
2026-04-19 15:35:15,17.375
2026-04-19 15:39:51,17.437
2026-04-19 16:26:41,17.937
2026-04-19 16:29:46,18.437
2026-04-19 16:32:08,18.937
2026-04-19 16:32:29,19.812
2026-04-19 16:32:40,27.687
2026-04-19 16:32:51,34.25
2026-04-19 16:33:13,31.437
2026-04-19 16:33:24,28.75
2026-04-19 16:33:35,26.812
2026-04-19 16:33:46,25.437
2026-04-19 16:33:56,24.5
2026-04-19 16:34:07,23.812
2026-04-19 16:34:18,23.25
2026-04-19 16:34:40,22.562
2026-04-19 16:35:13,22.0
2026-04-19 16:36:18,21.5
2026-04-19 16:36:50,22.0
2026-04-19 16:37:01,23.687
2026-04-19 16:37:12,25.375
2026-04-19 16:37:23,26.875
2026-04-19 16:37:34,28.125
2026-04-19 16:37:45,29.0
2026-04-19 16:37:56,29.687
2026-04-19 16:38:18,30.562
2026-04-19 16:38:39,31.062
2026-04-19 16:39:12,31.625
2026-04-19 16:40:06,32.125
2026-04-19 16:41:55,32.625
2026-04-19 16:42:50,33.125
2026-04-19 17:02:03,33.625
2026-04-19 17:28:21,34.375
2026-04-19 17:29:26,34.937
2026-04-19 17:38:41,34.437
2026-04-19 17:42:51,35.062
2026-04-19 17:44:40,34.562
2026-04-19 17:51:12,35.125
2026-04-19 17:52:28,35.625
2026-04-19 17:54:16,36.25
2026-04-19 17:54:27,35.187
2026-04-19 17:54:38,33.25
2026-04-19 17:54:49,31.312
2026-04-19 17:55:00,29.625
2026-04-19 17:55:11,28.312
2026-04-19 17:55:22,27.25
2026-04-19 17:55:33,26.5
2026-04-19 17:55:44,25.875
2026-04-19 17:56:05,25.0
2026-04-19 17:56:27,24.437
2026-04-19 17:57:00,23.937
2026-04-19 17:57:54,23.437
2026-04-19 17:58:38,24.875
2026-04-19 17:58:48,27.187
2026-04-19 17:58:59,29.312
2026-04-19 17:59:10,30.812
2026-04-19 17:59:21,31.812
2026-04-19 17:59:32,32.5
2026-04-19 17:59:43,33.125
2026-04-19 17:59:54,33.75
2026-04-19 18:00:16,34.25
2026-04-19 18:01:54,34.812
2026-04-19 18:02:26,35.437
2026-04-19 18:03:10,35.937
2026-04-19 18:05:42,35.375
2026-04-19 18:07:31,35.937
2026-04-19 18:10:58,36.562
2026-04-19 18:11:41,36.062
2026-04-19 18:12:14,35.562
2026-04-19 18:14:57,35.062
2026-04-19 18:18:24,35.562
2026-04-19 18:19:40,35.0
2026-04-19 18:20:45,35.5
2026-04-19 18:22:12,34.812
2026-04-19 18:23:28,35.437
2026-04-19 18:24:34,34.937
2026-04-19 18:28:22,35.437
2026-04-19 18:28:44,36.0
2026-04-19 18:30:44,36.5
2026-04-19 18:32:11,35.875
2026-04-19 18:32:43,35.312
2026-04-19 18:34:10,36.062
2026-04-19 18:36:53,35.562
2026-04-19 18:38:42,36.062
2026-04-19 18:39:04,36.562
2026-04-19 18:41:04,36.0
2026-04-19 18:41:36,35.375
2026-04-19 18:44:09,36.125
2026-04-19 18:44:30,36.625
2026-04-19 18:45:03,35.0
2026-04-19 18:45:14,32.937
2026-04-19 18:45:25,31.062
2026-04-19 18:45:36,29.562
2026-04-19 18:45:47,28.375
2026-04-19 18:45:57,27.437
2026-04-19 18:46:08,26.75
2026-04-19 18:46:19,26.187
2026-04-19 18:46:41,25.375
2026-04-19 18:47:03,24.875
2026-04-19 18:47:35,24.375
2026-04-19 18:48:41,23.875
2026-04-19 18:49:02,24.562
2026-04-19 18:49:13,26.5
2026-04-19 18:49:24,28.687
2026-04-19 18:49:35,30.625
2026-04-19 18:49:46,32.062
2026-04-19 18:49:57,32.937
2026-04-19 18:50:08,33.5
2026-04-19 18:50:29,34.312
2026-04-19 18:51:35,35.062
2026-04-19 18:51:56,35.625
2026-04-19 18:54:40,36.25
2026-04-19 18:55:45,35.75
2026-04-19 18:57:45,35.25
2026-04-19 18:58:39,34.75
2026-04-19 18:59:55,34.25
2026-04-19 19:01:44,33.687
2026-04-19 19:02:06,35.437
2026-04-19 19:02:17,41.062
2026-04-19 19:02:28,43.125
2026-04-19 19:02:39,40.687
2026-04-19 19:02:49,37.312
2026-04-19 19:03:00,34.312
2026-04-19 19:03:11,32.0
2026-04-19 19:03:22,30.187
2026-04-19 19:03:33,28.812
2026-04-19 19:03:44,27.812
2026-04-19 19:03:55,27.0
2026-04-19 19:04:06,26.375
2026-04-19 19:04:16,25.875
2026-04-19 19:04:38,25.187
2026-04-19 19:05:00,24.687
2026-04-19 19:05:43,24.062
2026-04-19 19:06:27,24.937
2026-04-19 19:06:38,27.125
2026-04-19 19:06:49,29.125
2026-04-19 19:07:00,30.5
2026-04-19 19:07:10,31.437
2026-04-19 19:07:21,32.125
2026-04-19 19:07:43,32.937
2026-04-19 19:08:05,33.437
2026-04-19 19:12:15,34.0
2026-04-19 19:12:59,34.625
2026-04-19 19:14:15,35.125
2026-04-19 19:27:29,35.625
2026-04-19 19:29:07,34.562
2026-04-19 19:29:18,33.312
2026-04-19 19:29:29,32.25
2026-04-19 19:29:40,31.437
2026-04-19 19:29:51,30.875
2026-04-19 19:30:12,30.187
2026-04-19 19:30:34,29.687
2026-04-19 19:31:18,29.125
2026-04-19 19:32:34,28.625
2026-04-19 19:34:12,28.125
2026-04-19 19:36:11,27.625
2026-04-19 19:38:33,27.125
2026-04-19 19:40:43,26.625
2026-04-19 19:43:27,26.125
2026-04-19 19:46:32,25.625
2026-04-19 19:51:04,25.125
2026-04-19 19:55:57,24.625
2026-04-19 20:03:23,24.125
2026-04-19 20:03:53,22.875
2026-04-19 20:28:22,22.375
2026-04-19 20:36:21,21.875
2026-04-19 20:45:03,21.375
2026-04-19 20:54:29,20.875
2026-04-19 21:05:22,20.375
2026-04-19 21:25:08,20.875
2026-04-19 21:54:31,20.375
2026-04-19 22:13:56,19.875
2026-04-19 22:32:47,20.375
2026-04-19 23:25:34,19.875
2026-04-19 23:48:36,19.375
2026-04-20 00:19:37,19.875
2026-04-20 01:28:33,19.375
2026-04-20 01:58:17,18.875
2026-04-20 02:00:39,21.125
2026-04-20 02:00:50,24.562
2026-04-20 02:01:01,25.5
2026-04-20 02:01:22,26.562
2026-04-20 02:01:33,27.687
2026-04-20 02:01:44,28.875
2026-04-20 02:01:55,30.0
2026-04-20 02:02:06,30.875
2026-04-20 02:02:17,31.5
2026-04-20 02:02:28,32.0
2026-04-20 02:02:49,32.625
2026-04-20 02:03:22,33.25
2026-04-20 02:04:06,33.75
2026-04-20 02:05:22,34.25
2026-04-20 02:06:49,34.75
2026-04-20 02:08:05,35.25
2026-04-20 02:20:14,34.75
2026-04-20 02:28:24,34.187
2026-04-20 02:30:12,38.25
2026-04-20 02:30:23,42.875
2026-04-20 02:30:34,42.062
2026-04-20 02:30:45,38.687
2026-04-20 02:30:56,35.312
2026-04-20 02:31:07,32.625
2026-04-20 02:31:18,30.625
2026-04-20 02:31:29,29.0
2026-04-20 02:31:40,27.875
2026-04-20 02:31:50,26.937
2026-04-20 02:32:01,26.25
2026-04-20 02:32:12,25.687
2026-04-20 02:32:34,24.875
2026-04-20 02:32:56,24.375
2026-04-20 02:33:28,23.875
2026-04-20 02:34:34,25.375
2026-04-20 02:34:44,27.125
2026-04-20 02:34:55,28.687
2026-04-20 02:35:06,30.0
2026-04-20 02:35:17,31.0
2026-04-20 02:35:28,31.625
2026-04-20 02:35:39,32.187
2026-04-20 02:36:01,32.875
2026-04-20 02:36:33,33.5
2026-04-20 02:37:17,34.0
2026-04-20 02:38:55,34.5
2026-04-20 02:40:22,35.062
2026-04-20 04:07:58,35.562
2026-04-20 05:08:55,36.062
2026-04-20 05:33:34,36.562
2026-04-20 05:43:22,36.062
2026-04-20 05:48:05,35.562
2026-04-20 05:49:32,35.062
2026-04-20 05:50:37,36.437
2026-04-20 05:50:48,42.0
2026-04-20 05:50:59,44.062
2026-04-20 05:51:10,41.687
2026-04-20 05:51:21,38.312
2026-04-20 05:51:32,35.437
2026-04-20 05:51:43,33.187
2026-04-20 05:51:54,31.5
2026-04-20 05:52:04,30.187
2026-04-20 05:52:15,29.125
2026-04-20 05:52:26,28.375
2026-04-20 05:52:37,27.75
2026-04-20 05:52:59,26.937
2026-04-20 05:53:21,26.375
2026-04-20 05:53:53,25.812
2026-04-20 05:54:58,26.437
2026-04-20 05:55:09,28.25
2026-04-20 05:55:20,29.937
2026-04-20 05:55:31,31.125
2026-04-20 05:55:42,32.062
2026-04-20 05:55:53,32.562
2026-04-20 05:56:15,33.125
2026-04-20 05:56:47,33.687
2026-04-20 05:57:42,34.187
2026-04-20 05:59:52,34.75
2026-04-20 06:01:20,35.25
2026-04-20 06:02:03,35.75
2026-04-20 06:15:50,36.25
2026-04-20 06:57:44,35.687
2026-04-20 06:57:54,34.437
2026-04-20 06:58:05,33.437
2026-04-20 06:58:16,32.812
2026-04-20 06:58:27,32.25
2026-04-20 06:58:49,31.562
2026-04-20 06:59:22,30.937
2026-04-20 07:00:16,30.375
2026-04-20 07:01:44,29.875
2026-04-20 07:03:21,29.375
2026-04-20 07:05:10,28.875
2026-04-20 07:07:10,28.375
2026-04-20 07:09:10,27.875
2026-04-20 07:11:31,27.375
2026-04-20 07:13:42,26.875
2026-04-20 07:16:14,26.375
2026-04-20 07:18:46,25.875
2026-04-20 07:21:30,25.375
2026-04-20 07:24:45,24.875
2026-04-20 07:28:01,24.375
2026-04-20 07:31:50,23.875
2026-04-20 07:35:38,23.375
2026-04-20 07:42:10,22.875
2026-04-20 07:56:51,22.375
2026-04-20 08:09:11,21.875
2026-04-20 08:20:48,21.375
2026-04-20 08:33:19,20.875
2026-04-20 08:47:06,20.375
2026-04-20 09:06:41,19.875
2026-04-20 09:41:30,20.375
2026-04-20 10:35:44,19.875
2026-04-20 11:10:23,19.375
2026-04-20 11:27:58,19.875
2026-04-20 11:41:34,20.375
2026-04-20 12:38:32,19.875
2026-04-20 13:33:29,20.375
2026-04-20 14:28:48,19.875
2026-04-20 15:04:43,19.375
2026-04-20 15:28:39,19.875
2026-04-20 15:41:32,20.375
2026-04-20 16:30:19,19.875
2026-04-20 17:05:31,19.375
2026-04-20 17:14:03,19.875
2026-04-20 17:26:01,20.375
2026-04-20 18:18:26,19.875
2026-04-20 18:22:58,23.125
2026-04-20 18:23:09,26.812
2026-04-20 18:23:41,27.5
2026-04-20 18:23:52,28.375
2026-04-20 18:24:03,29.437
2026-04-20 18:24:14,30.437
2026-04-20 18:24:25,31.187
2026-04-20 18:24:36,31.75
2026-04-20 18:24:57,32.437
2026-04-20 18:25:30,33.062
2026-04-20 18:26:14,33.562
2026-04-20 18:27:30,34.062
2026-04-20 18:28:57,34.562
2026-04-20 18:30:02,35.062
2026-04-20 18:36:45,34.562
2026-04-20 18:38:33,34.062
2026-04-20 18:38:55,35.187
2026-04-20 18:39:06,40.625
2026-04-20 18:39:17,43.125
2026-04-20 18:39:28,40.75
2026-04-20 18:39:39,37.187
2026-04-20 18:39:50,34.0
2026-04-20 18:40:00,31.562
2026-04-20 18:40:11,29.75
2026-04-20 18:40:22,28.375
2026-04-20 18:40:33,27.312
2026-04-20 18:40:44,26.5
2026-04-20 18:40:55,25.937
2026-04-20 18:41:06,25.437
2026-04-20 18:41:27,24.75
2026-04-20 18:42:00,24.125
2026-04-20 18:42:44,23.562
2026-04-20 18:43:16,24.25
2026-04-20 18:43:27,26.187
2026-04-20 18:43:38,28.062
2026-04-20 18:43:49,29.5
2026-04-20 18:44:00,30.562
2026-04-20 18:44:11,31.312
2026-04-20 18:44:22,31.937
2026-04-20 18:44:43,32.687
2026-04-20 18:45:05,33.25
2026-04-20 18:45:49,33.875
2026-04-20 18:47:48,34.375
2026-04-20 18:49:04,34.875
2026-04-20 18:51:59,35.375
2026-04-20 18:53:58,34.875
2026-04-20 19:39:30,34.375
2026-04-20 19:41:08,33.875
2026-04-20 19:42:57,33.375
2026-04-20 19:43:29,33.875
2026-04-20 19:43:40,39.062
2026-04-20 19:43:51,42.75
2026-04-20 19:44:02,41.25
2026-04-20 19:44:13,37.937
2026-04-20 19:44:24,34.875
2026-04-20 19:44:34,32.375
2026-04-20 19:44:45,30.562
2026-04-20 19:44:56,29.062
2026-04-20 19:45:07,28.0
2026-04-20 19:45:18,27.125
2026-04-20 19:45:29,26.437
2026-04-20 19:45:40,25.937
2026-04-20 19:46:02,25.187
2026-04-20 19:46:34,24.562
2026-04-20 19:47:18,24.0
2026-04-20 19:48:01,26.125
2026-04-20 19:48:12,27.875
2026-04-20 19:48:23,29.437
2026-04-20 19:48:34,30.687
2026-04-20 19:48:45,31.5
2026-04-20 19:48:56,32.187
2026-04-20 19:49:06,32.687
2026-04-20 19:49:28,33.375
2026-04-20 19:50:01,33.875
2026-04-20 19:50:55,34.375
2026-04-20 19:53:06,34.875
2026-04-20 19:54:00,35.375
2026-04-20 20:36:27,34.687
2026-04-20 20:36:38,33.375
2026-04-20 20:36:49,32.375
2026-04-20 20:37:00,31.625
2026-04-20 20:37:11,31.125
2026-04-20 20:37:32,30.375
2026-04-20 20:37:54,29.875
2026-04-20 20:38:38,29.375
2026-04-20 20:39:54,28.812
2026-04-20 20:41:43,28.312
2026-04-20 20:43:42,27.812
2026-04-20 20:46:04,27.312
2026-04-20 20:48:14,26.812
2026-04-20 20:50:58,26.312
2026-04-20 20:53:41,25.812
2026-04-20 20:56:35,25.312
2026-04-20 20:59:40,24.812
2026-04-20 21:02:56,24.312
2026-04-20 21:10:33,23.812
2026-04-20 21:21:15,23.312
2026-04-20 21:30:08,22.812
2026-04-20 21:38:29,22.312
2026-04-20 21:47:00,21.812
2026-04-20 22:32:44,21.312
2026-04-20 22:45:58,20.812
2026-04-20 23:00:51,20.312
2026-04-21 00:26:16,19.812
2026-04-21 00:51:06,19.312
2026-04-21 01:28:07,19.812
2026-04-21 02:38:07,19.312
2026-04-21 03:19:40,18.812
2026-04-21 03:42:31,19.312
2026-04-21 03:52:18,19.812
2026-04-21 04:32:56,22.187
2026-04-21 04:33:07,27.125
2026-04-21 04:33:18,28.5
2026-04-21 04:33:29,27.875
2026-04-21 04:33:50,28.5
2026-04-21 04:34:01,29.437
2026-04-21 04:34:12,30.5
2026-04-21 04:34:23,31.437
2026-04-21 04:34:34,32.125
2026-04-21 04:34:56,32.937
2026-04-21 04:35:18,33.437
2026-04-21 04:35:50,34.0
2026-04-21 04:36:55,34.5
2026-04-21 04:38:33,35.0
2026-04-21 04:39:28,35.5
2026-04-21 06:39:53,35.0
2026-04-21 06:41:21,34.5
2026-04-21 06:42:59,34.0
2026-04-21 06:43:20,36.25
2026-04-21 06:43:31,41.875
2026-04-21 06:43:42,43.312
2026-04-21 06:43:53,40.687
2026-04-21 06:44:04,37.312
2026-04-21 06:44:15,34.437
2026-04-21 06:44:26,32.25
2026-04-21 06:44:36,30.562
2026-04-21 06:44:47,29.25
2026-04-21 06:44:58,28.25
2026-04-21 06:45:09,27.5
2026-04-21 06:45:20,26.937
2026-04-21 06:45:31,26.437
2026-04-21 06:45:53,25.812
2026-04-21 06:46:14,25.312
2026-04-21 06:46:58,24.75
2026-04-21 06:47:41,25.75
2026-04-21 06:47:52,27.625
2026-04-21 06:48:03,29.25
2026-04-21 06:48:14,30.625
2026-04-21 06:48:25,31.562
2026-04-21 06:48:36,32.25
2026-04-21 06:48:47,32.75
2026-04-21 06:49:08,33.437
2026-04-21 06:49:41,34.062
2026-04-21 06:50:36,34.562
2026-04-21 06:52:57,35.125
2026-04-21 06:54:02,35.625
2026-04-21 07:55:31,36.125
2026-04-21 08:07:51,35.5
2026-04-21 08:08:02,34.437
2026-04-21 08:08:13,33.062
2026-04-21 08:08:24,31.5
2026-04-21 08:08:35,30.125
2026-04-21 08:08:46,29.062
2026-04-21 08:08:57,28.25
2026-04-21 08:09:08,27.625
2026-04-21 08:09:29,26.812
2026-04-21 08:09:51,26.312
2026-04-21 08:10:24,25.812
2026-04-21 08:11:29,25.312
2026-04-21 08:12:13,27.25
2026-04-21 08:12:24,29.0
2026-04-21 08:12:35,30.437
2026-04-21 08:12:46,31.5
2026-04-21 08:12:56,32.25
2026-04-21 08:13:07,32.812
2026-04-21 08:13:29,33.5
2026-04-21 08:14:23,34.0
2026-04-21 08:16:01,34.5
2026-04-21 08:18:01,35.0
2026-04-21 08:18:45,35.625
2026-04-21 08:19:28,36.125
2026-04-21 08:48:40,35.625
2026-04-21 08:50:18,35.125
2026-04-21 08:50:29,35.875
2026-04-21 08:50:40,41.0
2026-04-21 08:50:50,44.25
2026-04-21 08:51:01,42.5
2026-04-21 08:51:12,39.125
2026-04-21 08:51:23,36.062
2026-04-21 08:51:34,33.75
2026-04-21 08:51:45,31.875
2026-04-21 08:51:56,30.562
2026-04-21 08:52:07,29.5
2026-04-21 08:52:17,28.687
2026-04-21 08:52:28,28.062
2026-04-21 08:52:39,27.562
2026-04-21 08:53:01,26.812
2026-04-21 08:53:23,26.312
2026-04-21 08:54:06,25.75
2026-04-21 08:55:01,27.875
2026-04-21 08:55:12,29.625
2026-04-21 08:55:22,30.937
2026-04-21 08:55:33,31.937
2026-04-21 08:55:44,32.625
2026-04-21 08:55:55,33.187
2026-04-21 08:56:39,33.75
2026-04-21 08:58:06,34.25
2026-04-21 09:00:49,34.812
2026-04-21 09:01:22,35.5
2026-04-21 09:02:05,36.125
2026-04-21 09:17:08,35.312
2026-04-21 09:17:19,34.125
2026-04-21 09:17:30,33.187
2026-04-21 09:17:41,32.562
2026-04-21 09:17:52,32.062
2026-04-21 09:18:14,31.375
2026-04-21 09:18:46,30.75
2026-04-21 09:19:41,30.25
2026-04-21 09:20:57,29.75
2026-04-21 09:22:35,29.25
2026-04-21 09:24:24,28.75
2026-04-21 09:26:34,28.25
2026-04-21 09:28:34,27.75
2026-04-21 09:30:55,27.25
2026-04-21 09:33:06,26.75
2026-04-21 09:36:00,26.25
2026-04-21 09:38:32,25.75
2026-04-21 09:41:26,25.25
2026-04-21 09:44:53,24.75
2026-04-21 09:48:09,24.25
2026-04-21 09:52:08,23.75
2026-04-21 09:56:19,23.25
2026-04-21 10:01:13,22.75
2026-04-21 10:06:39,22.25
2026-04-21 10:12:49,21.75
2026-04-21 10:20:04,21.25
2026-04-21 11:09:57,20.75
2026-04-21 11:28:05,20.25
2026-04-21 11:50:02,19.75
2026-04-21 12:36:50,20.25
2026-04-21 13:35:57,19.75
2026-04-21 14:10:03,19.25
2026-04-21 14:33:16,19.75
2026-04-21 14:45:58,20.25
2026-04-21 15:40:01,19.75
2026-04-21 16:17:55,19.25
2026-04-21 16:34:36,19.75
2026-04-21 16:44:13,20.25
2026-04-21 17:38:16,19.75
2026-04-21 18:10:11,19.25
2026-04-21 18:32:08,19.75
2026-04-21 18:45:11,20.25
2026-04-21 19:39:14,19.75
2026-04-21 20:14:25,20.25
2026-04-21 20:43:48,20.75
2026-04-21 21:35:30,20.25
2026-04-21 21:53:27,19.75
2026-04-21 22:16:40,20.25
2026-04-21 22:58:45,19.75
2026-04-21 23:30:51,20.25
2026-04-22 00:11:50,19.75
2026-04-22 00:34:52,19.25
2026-04-22 01:03:00,18.75
2026-04-22 01:13:52,19.25
2026-04-22 01:27:39,19.75
2026-04-22 02:10:06,19.25
2026-04-22 02:39:29,18.75
2026-04-22 03:16:39,18.25
2026-04-22 03:19:23,21.437
2026-04-22 03:19:34,24.437
2026-04-22 03:19:44,25.562
2026-04-22 03:19:55,26.125
2026-04-22 03:20:17,26.687
2026-04-22 03:23:11,28.062
2026-04-22 03:23:22,34.812
2026-04-22 03:23:33,38.75
2026-04-22 03:23:44,36.937
2026-04-22 03:23:55,33.687
2026-04-22 03:24:06,30.75
2026-04-22 03:24:16,28.562
2026-04-22 03:24:27,27.0
2026-04-22 03:24:38,25.75
2026-04-22 03:24:49,24.875
2026-04-22 03:25:00,24.187
2026-04-22 03:25:11,23.687
2026-04-22 03:25:33,22.937
2026-04-22 03:26:05,22.375
2026-04-22 03:27:00,21.875
2026-04-22 03:27:32,22.5
2026-04-22 03:27:43,24.312
2026-04-22 03:27:54,26.125
2026-04-22 03:28:05,27.75
2026-04-22 03:28:16,29.25
2026-04-22 03:28:27,30.687
2026-04-22 03:28:38,31.687
2026-04-22 03:28:48,32.437
2026-04-22 03:28:59,33.0
2026-04-22 03:29:21,33.75
2026-04-22 03:29:43,34.25
2026-04-22 03:30:16,34.812
2026-04-22 03:31:10,35.312
2026-04-22 03:32:59,35.812
2026-04-22 03:35:53,36.312
2026-04-22 06:29:59,35.812
2026-04-22 06:31:37,35.312
2026-04-22 06:32:32,37.187
2026-04-22 06:32:43,42.75
2026-04-22 06:32:54,44.187
2026-04-22 06:33:04,41.375
2026-04-22 06:33:15,37.937
2026-04-22 06:33:26,35.0
2026-04-22 06:33:37,32.687
2026-04-22 06:33:48,31.0
2026-04-22 06:33:59,29.687
2026-04-22 06:34:10,28.687
2026-04-22 06:34:21,27.937
2026-04-22 06:34:31,27.312
2026-04-22 06:34:53,26.437
2026-04-22 06:35:15,25.875
2026-04-22 06:35:48,25.312
2026-04-22 06:36:53,26.0
2026-04-22 06:37:04,27.812
2026-04-22 06:37:15,29.5
2026-04-22 06:37:26,31.0
2026-04-22 06:37:36,32.062
2026-04-22 06:37:47,32.812
2026-04-22 06:37:58,33.437
2026-04-22 06:38:20,34.187
2026-04-22 06:38:53,34.875
2026-04-22 06:39:47,35.375
2026-04-22 06:41:36,35.875
2026-04-22 06:42:52,36.437
2026-04-22 08:56:43,35.937
2026-04-22 08:58:21,35.437
2026-04-22 08:59:15,39.937
2026-04-22 08:59:26,44.125
2026-04-22 08:59:37,43.125
2026-04-22 08:59:48,39.875
2026-04-22 08:59:59,36.75
2026-04-22 09:00:10,34.312
2026-04-22 09:00:20,32.375
2026-04-22 09:00:31,30.937
2026-04-22 09:00:42,29.875
2026-04-22 09:00:53,29.062
2026-04-22 09:01:04,28.437
2026-04-22 09:01:15,27.875
2026-04-22 09:01:37,27.125
2026-04-22 09:02:09,26.5
2026-04-22 09:02:53,26.0
2026-04-22 09:03:36,27.812
2026-04-22 09:03:47,29.625
2026-04-22 09:03:58,30.937
2026-04-22 09:04:09,32.0
2026-04-22 09:04:20,32.812
2026-04-22 09:04:42,33.5
2026-04-22 09:05:14,34.062
2026-04-22 09:06:20,34.562
2026-04-22 09:08:52,35.062
2026-04-22 09:09:46,35.687
2026-04-22 09:10:30,36.312
2026-04-22 09:41:52,36.812
2026-04-22 10:20:09,35.937
2026-04-22 10:20:20,34.687
2026-04-22 10:20:30,33.75
2026-04-22 10:20:41,33.062
2026-04-22 10:20:52,32.562
2026-04-22 10:21:14,31.875
2026-04-22 10:21:47,31.312
2026-04-22 10:22:30,30.812
2026-04-22 10:23:35,30.312
2026-04-22 10:25:13,29.812
2026-04-22 10:26:51,29.312
2026-04-22 10:28:51,28.812
2026-04-22 10:30:51,28.312
2026-04-22 10:33:01,27.812
2026-04-22 10:35:01,27.312
2026-04-22 10:37:22,26.812
2026-04-22 10:40:06,26.312
2026-04-22 10:42:38,25.812
2026-04-22 10:45:43,25.312
2026-04-22 10:50:58,24.812
2026-04-22 10:56:58,24.312
2026-04-22 11:04:46,23.812
2026-04-22 11:12:23,23.312
2026-04-22 11:20:11,22.812
2026-04-22 11:28:20,22.312
2026-04-22 11:37:24,21.812
2026-04-22 11:47:44,21.312
2026-04-22 11:58:59,20.812
2026-04-22 12:12:58,20.312
2026-04-22 12:31:16,19.812
2026-04-22 12:51:13,20.312
2026-04-22 13:50:43,19.812
2026-04-22 14:19:43,19.312
2026-04-22 14:59:27,19.812
2026-04-22 16:33:34,19.312
2026-04-22 16:54:26,19.812
2026-04-22 17:04:03,20.312
2026-04-22 18:02:05,19.812
2026-04-22 18:34:44,19.312
2026-04-22 18:40:54,19.812
2026-04-22 18:51:58,20.312
2026-04-22 19:55:48,19.812
2026-04-22 20:47:08,20.312
2026-04-22 21:21:25,19.812
2026-04-22 21:25:57,20.312
2026-04-22 22:25:49,19.812
2026-04-22 22:50:51,19.312
2026-04-22 23:01:22,19.812
2026-04-23 00:08:07,19.312
2026-04-23 00:13:55,19.812
2026-04-23 00:28:25,20.312
2026-04-23 01:01:59,19.812
2026-04-23 01:23:01,19.312
2026-04-23 01:47:08,18.812
2026-04-23 02:19:58,19.312
2026-04-23 03:47:45,18.812
2026-04-23 04:10:26,19.375
2026-04-23 04:10:36,23.062
2026-04-23 04:10:47,25.25
2026-04-23 04:11:09,26.187
2026-04-23 04:11:20,27.062
2026-04-23 04:11:31,28.125
2026-04-23 04:11:42,29.375
2026-04-23 04:11:53,30.687
2026-04-23 04:12:04,31.625
2026-04-23 04:12:14,32.375
2026-04-23 04:12:25,32.875
2026-04-23 04:12:47,33.625
2026-04-23 04:13:09,34.125
2026-04-23 04:13:41,34.625
2026-04-23 04:14:36,35.125
2026-04-23 04:16:03,35.625
2026-04-23 04:17:08,36.187
2026-04-23 04:41:48,35.687
2026-04-23 04:43:04,35.187
2026-04-23 04:44:31,34.687
2026-04-23 04:45:04,39.0
2026-04-23 04:45:15,43.437
2026-04-23 04:45:26,42.437
2026-04-23 04:45:37,39.0
2026-04-23 04:45:48,35.625
2026-04-23 04:45:59,32.937
2026-04-23 04:46:09,31.0
2026-04-23 04:46:20,29.437
2026-04-23 04:46:31,28.312
2026-04-23 04:46:42,27.437
2026-04-23 04:46:53,26.812
2026-04-23 04:47:04,26.25
2026-04-23 04:47:26,25.5
2026-04-23 04:47:47,24.937
2026-04-23 04:48:20,24.312
2026-04-23 04:48:53,23.812
2026-04-23 04:49:25,25.5
2026-04-23 04:49:36,27.187
2026-04-23 04:49:47,28.75
2026-04-23 04:49:58,30.125
2026-04-23 04:50:09,31.375
2026-04-23 04:50:20,32.25
2026-04-23 04:50:31,32.812
2026-04-23 04:50:42,33.312
2026-04-23 04:51:03,33.937
2026-04-23 04:51:25,34.437
2026-04-23 04:52:09,35.0
2026-04-23 04:53:25,35.5
2026-04-23 04:55:03,36.062
2026-04-23 06:58:11,35.562
2026-04-23 07:17:47,35.062
2026-04-23 07:19:14,34.562
2026-04-23 07:20:52,34.062
2026-04-23 07:21:13,37.062
2026-04-23 07:21:24,42.437
2026-04-23 07:21:35,43.062
2026-04-23 07:21:46,40.125
2026-04-23 07:21:57,36.875
2026-04-23 07:22:08,34.125
2026-04-23 07:22:19,32.0
2026-04-23 07:22:29,30.437
2026-04-23 07:22:40,29.187
2026-04-23 07:22:51,28.25
2026-04-23 07:23:02,27.562
2026-04-23 07:23:13,26.937
2026-04-23 07:23:35,26.125
2026-04-23 07:23:56,25.625
2026-04-23 07:24:29,25.062
2026-04-23 07:25:34,26.187
2026-04-23 07:25:45,28.0
2026-04-23 07:25:56,29.625
2026-04-23 07:26:07,30.937
2026-04-23 07:26:18,31.812
2026-04-23 07:26:29,32.562
2026-04-23 07:26:51,33.375
2026-04-23 07:27:12,33.937
2026-04-23 07:27:45,34.437
2026-04-23 07:28:50,34.937
2026-04-23 07:31:01,35.437
2026-04-23 07:31:55,35.937
2026-04-23 07:40:16,35.437
2026-04-23 07:47:20,36.0
2026-04-23 08:17:27,36.5
2026-04-23 08:20:10,36.0
2026-04-23 08:25:47,36.5
2026-04-23 08:26:20,37.062
2026-04-23 08:28:09,36.5
2026-04-23 08:32:41,37.125
2026-04-23 08:33:35,36.625
2026-04-23 08:40:51,36.125
2026-04-23 08:44:28,36.625
2026-04-23 08:59:10,36.125
2026-04-23 09:00:04,36.625
2026-04-23 09:03:09,37.187
2026-04-23 09:05:09,36.687
2026-04-23 09:05:52,37.187
2026-04-23 09:07:30,36.625
2026-04-23 09:12:46,36.125
2026-04-23 09:13:51,36.625
2026-04-23 09:25:38,37.187
2026-04-23 09:30:54,36.687
2026-04-23 09:39:14,36.125
2026-04-23 09:40:52,39.562
2026-04-23 09:41:03,44.375
2026-04-23 09:41:25,40.812
2026-04-23 09:41:36,37.5
2026-04-23 09:41:47,34.812
2026-04-23 09:41:58,32.812
2026-04-23 09:42:09,31.312
2026-04-23 09:42:19,30.062
2026-04-23 09:42:30,29.187
2026-04-23 09:42:41,28.5
2026-04-23 09:42:52,27.937
2026-04-23 09:43:14,27.125
2026-04-23 09:43:36,26.625
2026-04-23 09:44:08,26.062
2026-04-23 09:45:14,27.437
2026-04-23 09:45:25,29.312
2026-04-23 09:45:35,30.75
2026-04-23 09:45:46,31.875
2026-04-23 09:45:57,32.687
2026-04-23 09:46:08,33.312
2026-04-23 09:46:41,34.0
2026-04-23 09:47:35,34.812
2026-04-23 09:47:57,35.5
2026-04-23 09:49:13,35.0
2026-04-23 09:50:40,35.625
2026-04-23 09:51:13,36.125
2026-04-23 09:51:56,36.625
2026-04-23 09:53:23,37.312
2026-04-23 09:59:55,37.812
2026-04-23 10:01:44,37.312
2026-04-23 10:04:38,37.812
2026-04-23 10:05:32,37.312
2026-04-23 10:06:38,37.937
2026-04-23 10:08:16,37.437
2026-04-23 10:10:05,38.0
2026-04-23 10:13:10,37.5
2026-04-23 10:15:31,38.125
2026-04-23 10:17:52,37.562
2026-04-23 10:19:09,37.062
2026-04-23 10:21:08,37.625
2026-04-23 10:25:19,37.062
2026-04-23 10:26:56,37.562
2026-04-23 10:31:18,37.062
2026-04-23 10:32:23,37.687
2026-04-23 10:36:22,37.125
2026-04-23 10:37:28,37.687
2026-04-23 10:43:59,37.187
2026-04-23 10:45:15,37.75
2026-04-23 10:48:42,37.125
2026-04-23 10:48:53,35.5
2026-04-23 10:49:04,33.687
2026-04-23 10:49:15,32.187
2026-04-23 10:49:26,30.937
2026-04-23 10:49:37,29.937
2026-04-23 10:49:47,29.187
2026-04-23 10:49:58,28.562
2026-04-23 10:50:20,27.75
2026-04-23 10:50:42,27.25
2026-04-23 10:51:15,26.75
2026-04-23 10:52:09,26.25
2026-04-23 10:52:52,27.437
2026-04-23 10:53:03,29.625
2026-04-23 10:53:14,31.625
2026-04-23 10:53:25,32.937
2026-04-23 10:53:36,33.812
2026-04-23 10:53:47,34.375
2026-04-23 10:54:09,35.125
2026-04-23 10:54:41,35.812
2026-04-23 10:56:08,36.312
2026-04-23 10:57:03,36.812
2026-04-23 10:58:19,37.5
2026-04-23 11:02:30,36.187
2026-04-23 11:02:40,34.437
2026-04-23 11:02:51,32.75
2026-04-23 11:03:02,31.312
2026-04-23 11:03:13,30.187
2026-04-23 11:03:24,29.312
2026-04-23 11:03:35,28.687
2026-04-23 11:03:46,28.125
2026-04-23 11:04:07,27.437
2026-04-23 11:04:40,26.812
2026-04-23 11:05:35,26.25
2026-04-23 11:06:40,28.562
2026-04-23 11:06:51,30.687
2026-04-23 11:07:02,32.25
2026-04-23 11:07:12,33.375
2026-04-23 11:07:23,34.062
2026-04-23 11:07:34,34.625
2026-04-23 11:07:45,35.375
2026-04-23 11:08:07,34.625
2026-04-23 11:08:18,33.0
2026-04-23 11:08:29,31.5
2026-04-23 11:08:40,30.187
2026-04-23 11:08:50,29.187
2026-04-23 11:09:01,28.437
2026-04-23 11:09:12,27.812
2026-04-23 11:09:34,27.062
2026-04-23 11:10:07,26.437
2026-04-23 11:11:12,25.937
2026-04-23 11:12:17,28.125
2026-04-23 11:12:28,30.375
2026-04-23 11:12:39,32.187
2026-04-23 11:12:50,33.437
2026-04-23 11:13:01,34.312
2026-04-23 11:13:23,35.125
2026-04-23 11:13:44,35.75
2026-04-23 11:14:17,36.312
2026-04-23 11:15:55,36.875
2026-04-23 11:16:38,37.437
2026-04-23 11:21:00,36.562
2026-04-23 11:21:10,35.25
2026-04-23 11:21:21,34.187
2026-04-23 11:21:32,33.437
2026-04-23 11:21:43,32.875
2026-04-23 11:22:05,32.125
2026-04-23 11:22:27,31.625
2026-04-23 11:23:10,31.062
2026-04-23 11:24:15,30.562
2026-04-23 11:25:42,30.062
2026-04-23 11:27:20,29.562
2026-04-23 11:29:09,29.062
2026-04-23 11:31:09,28.562
2026-04-23 11:33:20,28.0
2026-04-23 11:35:30,27.5
2026-04-23 11:38:35,27.0
2026-04-23 11:42:02,26.5
2026-04-23 11:45:40,26.0
2026-04-23 11:50:55,25.5
2026-04-23 11:56:11,25.0
2026-04-23 12:01:26,24.5
2026-04-23 12:06:53,24.0
2026-04-23 12:12:30,23.5
2026-04-23 12:19:02,23.0
2026-04-23 12:26:06,22.5
2026-04-23 12:33:54,22.0
2026-04-23 12:43:09,21.5
2026-04-23 12:54:24,21.0
2026-04-23 13:07:17,20.5
2026-04-23 13:23:14,20.0
2026-04-23 13:49:00,20.5
2026-04-23 14:46:40,20.0
2026-04-23 15:16:57,19.5
2026-04-23 15:48:31,20.0
2026-04-23 16:01:45,20.5
2026-04-23 16:51:16,20.0
2026-04-23 17:49:18,20.5
2026-04-23 19:03:29,20.0
2026-04-23 19:44:50,20.5
2026-04-23 21:28:47,20.0
2026-04-23 21:34:36,20.5
2026-04-23 22:35:54,20.0
2026-04-23 22:56:56,19.5
2026-04-23 23:23:36,20.0
2026-04-24 00:34:31,19.5
2026-04-24 01:09:20,19.0
2026-04-24 01:24:34,19.5
2026-04-24 01:34:00,20.0
2026-04-24 02:30:13,19.5
2026-04-24 03:03:14,19.0
2026-04-24 03:46:56,19.5
2026-04-24 04:16:30,23.437
2026-04-24 04:16:41,28.625
2026-04-24 04:16:52,29.437
2026-04-24 04:17:03,28.562
2026-04-24 04:17:35,29.75
2026-04-24 04:17:46,30.687
2026-04-24 04:17:57,31.625
2026-04-24 04:18:08,32.25
2026-04-24 04:18:19,32.812
2026-04-24 04:18:41,33.437
2026-04-24 04:19:13,34.062
2026-04-24 04:19:57,34.562
2026-04-24 04:21:13,35.062
2026-04-24 04:22:40,35.625
2026-04-24 04:23:34,36.187
2026-04-24 04:31:44,35.687
2026-04-24 06:47:02,35.187
2026-04-24 06:48:40,34.687
2026-04-24 06:49:45,36.125
2026-04-24 06:49:56,41.687
2026-04-24 06:50:07,43.687
2026-04-24 06:50:18,41.187
2026-04-24 06:50:29,37.812
2026-04-24 06:50:40,34.875
2026-04-24 06:50:50,32.562
2026-04-24 06:51:01,30.875
2026-04-24 06:51:12,29.5
2026-04-24 06:51:23,28.5
2026-04-24 06:51:34,27.75
2026-04-24 06:51:45,27.125
2026-04-24 06:52:07,26.312
2026-04-24 06:52:28,25.75
2026-04-24 06:53:01,25.125
2026-04-24 06:54:06,25.75
2026-04-24 06:54:17,27.562
2026-04-24 06:54:28,29.25
2026-04-24 06:54:39,30.625
2026-04-24 06:54:50,31.625
2026-04-24 06:55:01,32.375
2026-04-24 06:55:12,32.937
2026-04-24 06:55:33,33.687
2026-04-24 06:56:06,34.312
2026-04-24 06:56:49,34.812
2026-04-24 06:59:11,35.312
2026-04-24 07:00:16,35.875
2026-04-24 07:05:32,35.375
2026-04-24 07:05:43,34.437
2026-04-24 07:05:54,33.312
2026-04-24 07:06:05,31.75
2026-04-24 07:06:16,30.25
2026-04-24 07:06:26,29.0
2026-04-24 07:06:37,28.125
2026-04-24 07:06:48,27.375
2026-04-24 07:06:59,26.875
2026-04-24 07:07:21,26.125
2026-04-24 07:07:43,25.625
2026-04-24 07:08:26,25.062
2026-04-24 07:09:53,26.312
2026-04-24 07:10:04,28.125
2026-04-24 07:10:15,29.75
2026-04-24 07:10:26,31.0
2026-04-24 07:10:37,31.812
2026-04-24 07:10:48,32.437
2026-04-24 07:10:58,32.937
2026-04-24 07:11:20,33.625
2026-04-24 07:11:53,34.187
2026-04-24 07:12:36,34.687
2026-04-24 07:14:58,35.187
2026-04-24 07:15:52,35.687
2026-04-24 08:34:35,36.187
2026-04-24 08:53:16,36.687
2026-04-24 08:59:58,36.187
2026-04-24 09:01:36,35.625
2026-04-24 09:03:03,36.375
2026-04-24 09:03:14,41.625
2026-04-24 09:03:25,44.25
2026-04-24 09:03:36,42.125
2026-04-24 09:03:47,38.812
2026-04-24 09:03:58,35.875
2026-04-24 09:04:09,33.562
2026-04-24 09:04:20,31.812
2026-04-24 09:04:30,30.5
2026-04-24 09:04:41,29.5
2026-04-24 09:04:52,28.75
2026-04-24 09:05:03,28.062
2026-04-24 09:05:25,27.25
2026-04-24 09:05:47,26.687
2026-04-24 09:06:19,26.125
2026-04-24 09:07:35,28.375
2026-04-24 09:07:46,30.0
2026-04-24 09:07:57,31.25
2026-04-24 09:08:08,32.187
2026-04-24 09:08:19,32.875
2026-04-24 09:08:30,33.5
2026-04-24 09:10:08,34.062
2026-04-24 09:12:29,34.562
2026-04-24 09:13:24,35.062
2026-04-24 09:13:56,35.625
2026-04-24 09:15:13,36.125
2026-04-24 09:24:17,36.625
2026-04-24 09:33:42,37.125
2026-04-24 09:35:20,36.625
2026-04-24 10:15:36,37.125
2026-04-24 10:18:20,36.625
2026-04-24 10:19:14,37.187
2026-04-24 10:22:30,35.75
2026-04-24 10:22:41,34.562
2026-04-24 10:22:52,33.625
2026-04-24 10:23:03,33.0
2026-04-24 10:23:24,32.187
2026-04-24 10:23:57,31.5
2026-04-24 10:24:40,30.937
2026-04-24 10:25:46,30.437
2026-04-24 10:27:24,29.937
2026-04-24 10:29:02,29.437
2026-04-24 10:31:01,28.937
2026-04-24 10:33:01,28.437
2026-04-24 10:35:12,27.937
2026-04-24 10:37:33,27.437
2026-04-24 10:39:55,26.937
2026-04-24 10:42:27,26.437
2026-04-24 10:45:10,25.937
2026-04-24 10:48:15,25.437
2026-04-24 10:52:36,24.937
2026-04-24 11:00:03,24.437
2026-04-24 11:09:39,23.937
2026-04-24 11:17:27,23.437
2026-04-24 11:25:15,22.937
2026-04-24 11:33:03,22.437
2026-04-24 11:42:29,21.937
2026-04-24 11:53:00,21.437
2026-04-24 12:06:37,20.937
2026-04-24 12:22:23,20.437
2026-04-24 12:42:53,19.937
2026-04-24 12:49:14,20.437
2026-04-24 13:07:11,20.937
2026-04-24 13:42:00,20.437
2026-04-24 14:09:45,19.937
2026-04-24 14:48:34,19.437
2026-04-24 14:53:49,19.937
2026-04-24 15:05:04,20.437
2026-04-24 16:59:41,20.937
2026-04-24 18:08:48,20.437
2026-04-24 18:40:10,19.937
2026-04-24 18:47:15,20.437
2026-04-24 18:59:02,20.937
2026-04-24 20:05:36,20.437
2026-04-24 20:50:24,20.937
2026-04-24 21:43:43,20.437
2026-04-24 22:23:15,20.937
2026-04-24 22:50:06,20.437
2026-04-24 23:14:13,20.937
2026-04-24 23:54:40,20.437
2026-04-25 00:16:26,19.937
2026-04-25 00:40:00,19.437
2026-04-25 01:04:51,19.937
2026-04-25 02:22:40,19.437
2026-04-25 02:57:29,18.937
2026-04-25 03:17:48,19.437
2026-04-25 03:26:52,19.937
2026-04-25 04:26:00,19.437
2026-04-25 05:07:42,22.125
2026-04-25 05:07:53,25.5
2026-04-25 05:08:04,26.0
2026-04-25 05:08:26,27.0
2026-04-25 05:08:37,27.937
2026-04-25 05:08:48,29.125
2026-04-25 05:08:59,30.437
2026-04-25 05:09:10,31.375
2026-04-25 05:09:20,32.062
2026-04-25 05:09:31,32.625
2026-04-25 05:09:53,33.375
2026-04-25 05:10:15,33.875
2026-04-25 05:10:58,34.375
2026-04-25 05:12:04,34.875
2026-04-25 05:13:31,35.375
2026-04-25 05:14:14,35.875
2026-04-25 06:00:29,35.375
2026-04-25 06:01:56,34.875
2026-04-25 06:03:23,39.75
2026-04-25 06:03:34,43.687
2026-04-25 06:03:45,42.25
2026-04-25 06:03:56,38.75
2026-04-25 06:04:07,35.437
2026-04-25 06:04:17,32.812
2026-04-25 06:04:28,30.812
2026-04-25 06:04:39,29.25
2026-04-25 06:04:50,28.125
2026-04-25 06:05:01,27.187
2026-04-25 06:05:12,26.5
2026-04-25 06:05:23,26.0
2026-04-25 06:05:45,25.187
2026-04-25 06:06:06,24.687
2026-04-25 06:06:50,24.125
2026-04-25 06:07:44,26.062
2026-04-25 06:07:55,27.812
2026-04-25 06:08:06,29.312
2026-04-25 06:08:17,30.687
2026-04-25 06:08:28,31.687
2026-04-25 06:08:39,32.375
2026-04-25 06:08:50,32.937
2026-04-25 06:09:11,33.625
2026-04-25 06:09:33,34.125
2026-04-25 06:10:17,34.687
2026-04-25 06:11:44,35.187
2026-04-25 06:13:22,35.687
2026-04-25 06:14:27,36.187
2026-04-25 06:19:32,35.687
2026-04-25 07:19:01,34.875
2026-04-25 07:19:12,33.625
2026-04-25 07:19:22,32.562
2026-04-25 07:19:33,31.812
2026-04-25 07:19:44,31.25
2026-04-25 07:20:06,30.5
2026-04-25 07:20:39,29.875
2026-04-25 07:21:33,29.312
2026-04-25 07:23:00,28.812
2026-04-25 07:24:49,28.312
2026-04-25 07:26:59,27.812
2026-04-25 07:29:21,27.312
2026-04-25 07:31:53,26.812
2026-04-25 07:34:36,26.312
2026-04-25 07:37:20,25.812
2026-04-25 07:40:25,25.312
2026-04-25 07:44:02,24.812
2026-04-25 07:47:40,24.312
2026-04-25 07:51:39,23.812
2026-04-25 07:56:11,23.312
2026-04-25 08:02:32,22.812
2026-04-25 08:26:51,22.312
2026-04-25 08:40:16,21.812
2026-04-25 08:54:46,21.312
2026-04-25 09:09:28,20.812
2026-04-25 09:25:26,20.312
2026-04-25 09:53:32,20.812
2026-04-25 10:12:36,21.312
2026-04-25 10:56:40,20.812
2026-04-25 11:36:01,21.312
2026-04-25 12:25:10,20.812
2026-04-25 13:08:31,21.312
2026-04-25 14:04:45,20.812
2026-04-25 14:26:41,20.312
2026-04-25 14:55:42,20.812
2026-04-25 16:06:16,20.312
2026-04-25 16:54:30,20.812
2026-04-25 18:14:29,20.312
2026-04-25 18:54:56,20.812
2026-04-25 20:19:16,20.312
2026-04-25 21:09:30,20.812
2026-04-25 22:01:12,25.25
2026-04-25 22:01:23,29.25
2026-04-25 22:01:45,28.375
2026-04-25 22:02:06,29.0
2026-04-25 22:02:17,29.812
2026-04-25 22:02:28,30.5
2026-04-25 22:02:39,31.0
2026-04-25 22:03:01,31.687
2026-04-25 22:03:34,32.375
2026-04-25 22:04:28,32.875
2026-04-25 22:05:55,33.375
2026-04-25 22:07:22,33.875
2026-04-25 22:43:27,34.375
2026-04-25 23:04:08,33.875
2026-04-25 23:05:57,33.375
2026-04-25 23:07:46,32.875
2026-04-25 23:09:56,32.375
2026-04-25 23:12:18,31.875
2026-04-25 23:13:55,32.75
2026-04-25 23:14:06,38.687
2026-04-25 23:14:17,42.062
2026-04-25 23:14:28,40.187
2026-04-25 23:14:39,36.875
2026-04-25 23:14:50,33.875
2026-04-25 23:15:01,31.562
2026-04-25 23:15:12,29.812
2026-04-25 23:15:23,28.437
2026-04-25 23:15:33,27.437
2026-04-25 23:15:44,26.625
2026-04-25 23:15:55,26.0
2026-04-25 23:16:06,25.5
2026-04-25 23:16:28,24.812
2026-04-25 23:16:50,24.312
2026-04-25 23:17:22,23.812
2026-04-25 23:18:28,26.0
2026-04-25 23:18:38,27.625
2026-04-25 23:18:49,29.062
2026-04-25 23:19:00,30.125
2026-04-25 23:19:11,30.812
2026-04-25 23:19:22,31.375
2026-04-25 23:19:44,32.062
2026-04-25 23:20:16,32.687
2026-04-25 23:21:11,33.187
2026-04-25 23:23:10,33.687
2026-04-25 23:24:16,34.187
2026-04-26 00:10:42,34.687
2026-04-26 01:01:07,35.187
2026-04-26 01:16:21,35.75
2026-04-26 01:31:02,36.312
2026-04-26 01:42:17,35.812
2026-04-26 01:47:32,36.312
2026-04-26 01:48:38,35.812
2026-04-26 02:20:44,35.312
2026-04-26 02:22:22,34.812
2026-04-26 02:23:06,37.875
2026-04-26 02:23:16,43.187
2026-04-26 02:23:38,40.687
2026-04-26 02:23:49,37.375
2026-04-26 02:24:00,34.687
2026-04-26 02:24:11,32.625
2026-04-26 02:24:22,31.0
2026-04-26 02:24:33,29.812
2026-04-26 02:24:43,28.937
2026-04-26 02:24:54,28.25
2026-04-26 02:25:05,27.687
2026-04-26 02:25:27,26.875
2026-04-26 02:25:49,26.375
2026-04-26 02:26:21,25.875
2026-04-26 02:27:27,27.0
2026-04-26 02:27:38,29.062
2026-04-26 02:27:48,30.75
2026-04-26 02:27:59,31.812
2026-04-26 02:28:10,32.562
2026-04-26 02:28:21,33.062
2026-04-26 02:28:43,33.625
2026-04-26 02:29:37,34.187
2026-04-26 02:32:53,34.875
2026-04-26 02:33:15,35.687
2026-04-26 02:33:37,36.187
2026-04-26 02:33:58,36.875
2026-04-26 02:36:09,37.375
2026-04-26 02:36:53,36.125
2026-04-26 02:37:03,34.25
2026-04-26 02:37:14,32.437
2026-04-26 02:37:25,30.937
2026-04-26 02:37:36,29.812
2026-04-26 02:37:47,28.875
2026-04-26 02:37:58,28.125
2026-04-26 02:38:09,27.625
2026-04-26 02:38:30,26.875
2026-04-26 02:39:03,26.187
2026-04-26 02:39:47,25.687
2026-04-26 02:41:03,27.75
2026-04-26 02:41:14,29.937
2026-04-26 02:41:25,31.562
2026-04-26 02:41:36,32.75
2026-04-26 02:41:46,33.625
2026-04-26 02:41:57,34.125
2026-04-26 02:42:19,34.687
2026-04-26 02:42:41,35.312
2026-04-26 02:43:24,35.875
2026-04-26 02:45:13,36.437
2026-04-26 02:49:34,37.062
2026-04-26 02:51:12,36.5
2026-04-26 03:18:14,37.0
2026-04-26 03:18:57,37.5
2026-04-26 03:19:19,36.687
2026-04-26 03:19:30,34.937
2026-04-26 03:19:41,33.125
2026-04-26 03:19:52,31.625
2026-04-26 03:20:03,30.375
2026-04-26 03:20:13,29.375
2026-04-26 03:20:24,28.625
2026-04-26 03:20:35,28.062
2026-04-26 03:20:57,27.312
2026-04-26 03:21:19,26.812
2026-04-26 03:21:51,26.312
2026-04-26 03:22:57,25.75
2026-04-26 03:23:29,27.375
2026-04-26 03:23:40,29.625
2026-04-26 03:23:51,31.375
2026-04-26 03:24:02,32.562
2026-04-26 03:24:13,33.375
2026-04-26 03:24:24,34.062
2026-04-26 03:24:35,34.625
2026-04-26 03:24:56,35.125
2026-04-26 03:25:29,35.687
2026-04-26 03:26:12,36.25
2026-04-26 03:27:07,36.75
2026-04-26 03:31:39,35.437
2026-04-26 03:31:50,34.187
2026-04-26 03:32:01,33.312
2026-04-26 03:32:12,32.625
2026-04-26 03:32:33,31.812
2026-04-26 03:32:55,31.25
2026-04-26 03:33:39,30.687
2026-04-26 03:34:55,30.187
2026-04-26 03:36:55,29.687
2026-04-26 03:39:38,29.125
2026-04-26 03:41:16,28.625
2026-04-26 03:43:59,28.125
2026-04-26 03:46:53,27.625
2026-04-26 03:49:58,27.125
2026-04-26 03:53:03,26.625
2026-04-26 03:56:41,26.125
2026-04-26 04:00:08,25.625
2026-04-26 04:03:56,25.125
2026-04-26 04:07:55,24.625
2026-04-26 04:12:17,24.125
2026-04-26 04:16:49,23.625
2026-04-26 04:21:53,23.125
2026-04-26 04:27:31,22.625
2026-04-26 04:33:40,22.125
2026-04-26 04:40:45,21.625
2026-04-26 04:48:33,21.125
2026-04-26 04:57:58,20.625
2026-04-26 05:08:52,20.125
2026-04-26 05:22:39,19.625
2026-04-26 05:54:45,20.125
2026-04-26 06:44:27,19.625
2026-04-26 07:14:00,19.125
2026-04-26 07:57:54,19.625
2026-04-26 08:14:35,20.125
2026-04-26 08:27:17,22.125
2026-04-26 08:27:28,27.625
2026-04-26 08:27:39,29.687
2026-04-26 08:27:50,28.812
2026-04-26 08:28:11,29.312
2026-04-26 08:28:22,30.25
2026-04-26 08:28:33,31.187
2026-04-26 08:28:44,31.937
2026-04-26 08:28:55,32.5
2026-04-26 08:29:17,33.187
2026-04-26 08:29:49,33.875
2026-04-26 08:30:33,34.375
2026-04-26 08:32:22,34.875
2026-04-26 08:34:00,35.437
2026-04-26 08:49:03,35.937
2026-04-26 08:51:57,35.437
2026-04-26 09:01:12,35.937
2026-04-26 09:03:12,35.437
2026-04-26 09:05:01,35.937
2026-04-26 09:11:54,36.5
2026-04-26 09:14:59,37.0
2026-04-26 09:16:04,36.375
2026-04-26 09:18:48,35.812
2026-04-26 09:20:26,36.437
2026-04-26 09:22:03,35.875
2026-04-26 09:33:40,35.375
2026-04-26 09:39:06,35.875
2026-04-26 09:42:22,35.375
2026-04-26 09:43:38,34.875
2026-04-26 09:45:16,34.312
2026-04-26 09:46:11,35.625
2026-04-26 09:46:22,41.187
2026-04-26 09:46:32,43.312
2026-04-26 09:46:43,40.937
2026-04-26 09:46:54,37.562
2026-04-26 09:47:05,34.625
2026-04-26 09:47:16,32.375
2026-04-26 09:47:27,30.625
2026-04-26 09:47:38,29.312
2026-04-26 09:47:49,28.312
2026-04-26 09:47:59,27.562
2026-04-26 09:48:10,26.875
2026-04-26 09:48:32,26.062
2026-04-26 09:48:54,25.5
2026-04-26 09:49:26,24.937
2026-04-26 09:50:32,25.5
2026-04-26 09:50:43,27.312
2026-04-26 09:50:54,29.0
2026-04-26 09:51:04,30.437
2026-04-26 09:51:15,31.437
2026-04-26 09:51:26,32.125
2026-04-26 09:51:37,32.687
2026-04-26 09:51:59,33.312
2026-04-26 09:52:31,33.875
2026-04-26 09:53:37,34.375
2026-04-26 09:55:37,35.0
2026-04-26 09:56:42,35.5
2026-04-26 09:57:47,36.0
2026-04-26 10:01:14,35.437
2026-04-26 10:05:13,35.937
2026-04-26 10:06:29,36.437
2026-04-26 10:08:29,35.937
2026-04-26 10:11:02,35.437
2026-04-26 10:14:28,35.937
2026-04-26 10:21:33,35.437
2026-04-26 10:25:54,36.0
2026-04-26 10:32:04,36.5
2026-04-26 10:33:31,36.0
2026-04-26 10:34:25,35.0
2026-04-26 10:34:36,33.687
2026-04-26 10:34:47,32.687
2026-04-26 10:34:58,32.0
2026-04-26 10:35:09,31.5
2026-04-26 10:35:30,30.812
2026-04-26 10:36:03,30.187
2026-04-26 10:36:57,29.625
2026-04-26 10:38:14,29.125
2026-04-26 10:40:03,28.625
2026-04-26 10:42:02,28.125
2026-04-26 10:44:13,27.625
2026-04-26 10:46:23,27.125
2026-04-26 10:48:56,26.625
2026-04-26 10:51:28,26.125
2026-04-26 10:54:11,25.625
2026-04-26 10:57:16,25.125
2026-04-26 11:00:32,24.625
2026-04-26 11:04:42,24.125
2026-04-26 11:12:20,23.625
2026-04-26 11:26:06,23.125
2026-04-26 11:36:05,22.625
2026-04-26 11:46:14,22.125
2026-04-26 11:57:29,21.625
2026-04-26 12:10:11,21.125
2026-04-26 12:25:47,20.625
2026-04-26 12:49:32,21.125
2026-04-26 13:31:16,20.625
2026-04-26 13:49:24,20.125
2026-04-26 14:08:48,19.625
2026-04-26 14:34:12,20.125
2026-04-26 15:44:23,20.625
2026-04-26 15:49:28,21.125
2026-04-26 15:59:05,21.625
2026-04-26 16:33:43,21.125
2026-04-26 16:51:08,20.625
2026-04-26 18:24:10,20.125
2026-04-26 19:16:14,20.625
2026-04-26 19:56:40,21.125
2026-04-26 20:27:52,20.625
2026-04-26 20:45:49,20.125
2026-04-26 20:58:31,20.625
2026-04-26 21:53:28,20.125
2026-04-26 22:12:09,19.625
2026-04-26 22:50:36,20.125
2026-04-26 23:49:33,19.625
2026-04-27 00:17:40,19.125
2026-04-27 00:33:05,19.625
2026-04-27 00:42:53,20.125
2026-04-27 01:30:46,19.625
2026-04-27 01:47:38,20.5
2026-04-27 01:47:49,25.0
2026-04-27 01:48:00,27.25
2026-04-27 01:48:32,27.937
2026-04-27 01:48:43,28.875
2026-04-27 01:48:54,30.0
2026-04-27 01:49:05,31.25
2026-04-27 01:49:16,32.25
2026-04-27 01:49:27,33.0
2026-04-27 01:49:38,33.562
2026-04-27 01:50:00,34.312
2026-04-27 01:50:21,34.812
2026-04-27 01:51:05,35.375
2026-04-27 01:52:21,35.875
2026-04-27 01:53:59,36.375
2026-04-27 02:01:15,36.875
2026-04-27 03:29:34,36.375
2026-04-27 03:31:01,35.875
2026-04-27 03:32:18,41.25
2026-04-27 03:32:28,44.5
2026-04-27 03:32:39,42.625
2026-04-27 03:32:50,39.062
2026-04-27 03:33:01,35.812
2026-04-27 03:33:12,33.25
2026-04-27 03:33:23,31.312
2026-04-27 03:33:34,29.812
2026-04-27 03:33:45,28.687
2026-04-27 03:33:56,27.875
2026-04-27 03:34:06,27.187
2026-04-27 03:34:17,26.625
2026-04-27 03:34:39,25.875
2026-04-27 03:35:01,25.375
2026-04-27 03:35:33,24.875
2026-04-27 03:36:39,27.0
2026-04-27 03:36:50,28.75
2026-04-27 03:37:00,30.312
2026-04-27 03:37:11,31.687
2026-04-27 03:37:22,32.75
2026-04-27 03:37:33,33.5
2026-04-27 03:37:44,34.0
2026-04-27 03:38:06,34.812
2026-04-27 03:38:38,35.437
2026-04-27 03:39:22,35.937
2026-04-27 03:41:00,36.437
2026-04-27 03:42:27,36.937
2026-04-27 06:03:23,36.437
2026-04-27 06:03:34,35.187
2026-04-27 06:03:45,33.812
2026-04-27 06:03:56,32.187
2026-04-27 06:04:06,30.812
2026-04-27 06:04:17,29.75
2026-04-27 06:04:28,29.0
2026-04-27 06:04:39,28.375
2026-04-27 06:04:50,27.875
2026-04-27 06:05:12,27.25
2026-04-27 06:05:44,26.625
2026-04-27 06:06:39,26.125
2026-04-27 06:07:44,27.937
2026-04-27 06:07:55,29.687
2026-04-27 06:08:06,31.312
2026-04-27 06:08:17,32.562
2026-04-27 06:08:28,33.375
2026-04-27 06:08:38,34.0
2026-04-27 06:08:49,34.5
2026-04-27 06:09:11,35.187
2026-04-27 06:09:44,35.75
2026-04-27 06:10:38,36.312
2026-04-27 06:13:00,36.812
2026-04-27 06:13:54,37.312
2026-04-27 06:21:53,36.812
2026-04-27 06:34:02,36.312
2026-04-27 06:35:29,35.812
2026-04-27 06:36:45,38.937
2026-04-27 06:36:56,43.937
2026-04-27 06:37:18,41.062
2026-04-27 06:37:29,37.75
2026-04-27 06:37:40,35.062
2026-04-27 06:37:50,33.062
2026-04-27 06:38:01,31.562
2026-04-27 06:38:12,30.375
2026-04-27 06:38:23,29.5
2026-04-27 06:38:34,28.812
2026-04-27 06:38:45,28.25
2026-04-27 06:39:07,27.5
2026-04-27 06:39:28,26.937
2026-04-27 06:40:01,26.437
2026-04-27 06:41:06,27.812
2026-04-27 06:41:17,29.625
2026-04-27 06:41:28,31.187
2026-04-27 06:41:39,32.437
2026-04-27 06:41:50,33.312
2026-04-27 06:42:01,33.937
2026-04-27 06:42:23,34.75
2026-04-27 06:42:44,35.25
2026-04-27 06:43:17,35.75
2026-04-27 06:44:33,36.25
2026-04-27 06:46:33,36.75
2026-04-27 07:07:25,35.812
2026-04-27 07:07:35,34.562
2026-04-27 07:07:46,33.625
2026-04-27 07:07:57,33.0
2026-04-27 07:08:08,32.5
2026-04-27 07:08:30,31.875
2026-04-27 07:09:02,31.312
2026-04-27 07:09:46,30.812
2026-04-27 07:11:02,30.312
2026-04-27 07:12:29,29.812
2026-04-27 07:14:07,29.312
2026-04-27 07:16:07,28.812
2026-04-27 07:18:07,28.312
2026-04-27 07:20:06,27.812
2026-04-27 07:22:17,27.312
2026-04-27 07:24:38,26.812
2026-04-27 07:27:00,26.312
2026-04-27 07:29:32,25.812
2026-04-27 07:32:26,25.312
2026-04-27 07:35:31,24.812
2026-04-27 07:38:15,24.312
2026-04-27 07:41:31,23.812
2026-04-27 07:45:08,23.312
2026-04-27 07:49:18,22.812
2026-04-27 07:54:23,22.312
2026-04-27 08:00:00,21.812
2026-04-27 08:33:23,21.312
2026-04-27 08:49:42,20.812
2026-04-27 09:06:45,20.312
2026-04-27 09:25:59,19.812
2026-04-27 09:53:11,19.312
2026-04-27 10:00:15,19.812
2026-04-27 10:13:19,20.312
2026-04-27 11:12:26,19.812
2026-04-27 12:01:57,20.312
2026-04-27 13:16:29,19.812
2026-04-27 13:49:30,20.312
2026-04-27 15:14:57,19.812
2026-04-27 15:42:53,20.312
2026-04-27 15:51:46,20.812
2026-04-27 17:11:02,20.312
2026-04-27 17:42:57,20.812
2026-04-27 19:03:17,20.312
2026-04-27 19:36:29,20.812
2026-04-27 20:08:14,21.312
2026-04-27 20:12:13,21.812
2026-04-27 20:49:35,21.312
2026-04-27 21:03:11,20.812
2026-04-27 22:18:49,20.312
2026-04-27 22:39:51,19.812
2026-04-27 23:06:09,20.312
2026-04-28 00:08:21,19.812
2026-04-28 00:36:06,19.312
2026-04-28 01:08:56,19.812
2026-04-28 02:25:07,19.312
2026-04-28 02:58:51,18.812
2026-04-28 03:27:20,19.312
2026-04-28 03:37:07,19.812
2026-04-28 04:12:29,23.0
2026-04-28 04:12:40,27.875
2026-04-28 04:12:51,28.687
2026-04-28 04:13:02,28.0
2026-04-28 04:13:24,28.625
2026-04-28 04:13:34,29.437
2026-04-28 04:13:45,30.5
2026-04-28 04:13:56,31.625
2026-04-28 04:14:07,32.625
2026-04-28 04:14:18,33.25
2026-04-28 04:14:29,33.75
2026-04-28 04:14:51,34.437
2026-04-28 04:15:23,35.062
2026-04-28 04:16:07,35.562
2026-04-28 04:17:23,36.062
2026-04-28 04:20:06,36.562
2026-04-28 06:37:56,36.062
2026-04-28 06:39:23,35.562
2026-04-28 06:40:50,39.437
2026-04-28 06:41:01,44.0
2026-04-28 06:41:12,43.312
2026-04-28 06:41:23,39.937
2026-04-28 06:41:34,36.625
2026-04-28 06:41:45,33.937
2026-04-28 06:41:56,31.937
2026-04-28 06:42:07,30.375
2026-04-28 06:42:18,29.187
2026-04-28 06:42:28,28.25
2026-04-28 06:42:39,27.562
2026-04-28 06:42:50,27.062
2026-04-28 06:43:12,26.25
2026-04-28 06:43:34,25.75
2026-04-28 06:44:06,25.187
2026-04-28 06:45:12,26.687
2026-04-28 06:45:22,28.437
2026-04-28 06:45:33,30.062
2026-04-28 06:45:44,31.437
2026-04-28 06:45:55,32.437
2026-04-28 06:46:06,33.187
2026-04-28 06:46:17,33.687
2026-04-28 06:46:39,34.437
2026-04-28 06:47:00,34.937
2026-04-28 06:47:44,35.5
2026-04-28 06:49:33,36.0
2026-04-28 06:51:00,36.562
2026-04-28 07:12:25,36.062
2026-04-28 09:03:57,35.562
2026-04-28 09:05:46,35.062
2026-04-28 09:06:08,40.0
2026-04-28 09:06:19,44.062
2026-04-28 09:06:30,42.875
2026-04-28 09:06:41,39.687
2026-04-28 09:06:51,36.625
2026-04-28 09:07:02,34.125
2026-04-28 09:07:13,32.312
2026-04-28 09:07:24,30.875
2026-04-28 09:07:35,29.812
2026-04-28 09:07:46,29.0
2026-04-28 09:07:57,28.312
2026-04-28 09:08:08,27.812
2026-04-28 09:08:29,27.125
2026-04-28 09:08:51,26.625
2026-04-28 09:09:35,26.0
2026-04-28 09:10:29,27.937
2026-04-28 09:10:40,29.687
2026-04-28 09:10:51,31.0
2026-04-28 09:11:02,32.0
2026-04-28 09:11:13,32.75
2026-04-28 09:11:23,33.312
2026-04-28 09:11:45,34.125
2026-04-28 09:12:18,34.625
2026-04-28 09:16:28,35.125
2026-04-28 09:17:01,35.687
2026-04-28 09:17:44,36.187
2026-04-28 09:50:34,36.687
2026-04-28 09:53:39,35.812
2026-04-28 09:53:50,34.625
2026-04-28 09:54:00,33.625
2026-04-28 09:54:11,32.875
2026-04-28 09:54:22,32.375
2026-04-28 09:54:44,31.625
2026-04-28 09:55:17,31.062
2026-04-28 09:56:00,30.562
2026-04-28 09:57:16,30.062
2026-04-28 09:58:43,29.562
2026-04-28 10:00:32,29.062
2026-04-28 10:02:32,28.562
2026-04-28 10:04:43,28.062
2026-04-28 10:06:53,27.562
2026-04-28 10:09:15,27.062
2026-04-28 10:11:36,26.562
2026-04-28 10:14:19,26.062
2026-04-28 10:17:14,25.562
2026-04-28 10:20:08,25.062
2026-04-28 10:23:45,24.562
2026-04-28 10:27:23,24.062
2026-04-28 10:31:33,23.562
2026-04-28 10:36:16,23.062
2026-04-28 10:41:53,22.562
2026-04-28 11:10:11,22.062
2026-04-28 11:24:20,21.562
2026-04-28 11:37:56,21.062
2026-04-28 11:55:32,20.562
2026-04-28 12:17:50,20.062
2026-04-28 12:51:23,20.562
2026-04-28 13:55:46,20.062
2026-04-28 14:27:09,19.562
2026-04-28 14:54:21,20.062
2026-04-28 15:03:03,20.562
2026-04-28 16:55:19,21.062
2026-04-28 18:06:04,20.562
2026-04-28 18:53:24,21.062
2026-04-28 19:55:58,21.562
2026-04-28 20:20:16,21.062
2026-04-28 21:33:22,20.562
2026-04-28 21:53:08,20.062
2026-04-28 22:19:59,20.562
2026-04-28 23:14:12,20.062
2026-04-28 23:40:19,19.562
2026-04-28 23:58:49,20.062
2026-04-29 01:09:55,19.562
2026-04-29 01:37:29,19.062
2026-04-29 02:12:18,19.562
2026-04-29 03:30:17,19.062
2026-04-29 04:01:18,22.187
2026-04-29 04:01:29,25.312
2026-04-29 04:01:40,25.937
2026-04-29 04:01:51,26.5
2026-04-29 04:02:02,27.25
2026-04-29 04:02:13,28.25
2026-04-29 04:02:24,29.5
2026-04-29 04:02:35,30.875
2026-04-29 04:02:45,32.062
2026-04-29 04:02:56,32.937
2026-04-29 04:03:07,33.625
2026-04-29 04:03:18,34.125
2026-04-29 04:03:40,34.812
2026-04-29 04:04:02,35.312
2026-04-29 04:04:45,35.875
2026-04-29 04:05:50,36.375
2026-04-29 04:09:28,36.875
2026-04-29 04:49:00,36.375
2026-04-29 04:50:27,35.875
2026-04-29 04:51:00,37.312
2026-04-29 04:51:11,42.687
2026-04-29 04:51:22,44.375
2026-04-29 04:51:32,41.625
2026-04-29 04:51:43,37.937
2026-04-29 04:51:54,34.75
2026-04-29 04:52:05,32.312
2026-04-29 04:52:16,30.437
2026-04-29 04:52:27,29.0
2026-04-29 04:52:38,27.937
2026-04-29 04:52:49,27.125
2026-04-29 04:53:00,26.437
2026-04-29 04:53:10,25.937
2026-04-29 04:53:32,25.187
2026-04-29 04:53:54,24.687
2026-04-29 04:54:27,24.187
2026-04-29 04:55:21,25.0
2026-04-29 04:55:32,26.812
2026-04-29 04:55:43,28.5
2026-04-29 04:55:54,30.0
2026-04-29 04:56:05,31.5
2026-04-29 04:56:15,32.625
2026-04-29 04:56:26,33.437
2026-04-29 04:56:37,34.062
2026-04-29 04:56:48,34.562
2026-04-29 04:57:10,35.187
2026-04-29 04:57:42,35.812
2026-04-29 04:58:37,36.312
2026-04-29 05:00:26,36.812
2026-04-29 05:03:42,37.312
2026-04-29 07:01:46,36.812
2026-04-29 07:31:41,36.312
2026-04-29 07:32:57,35.812
2026-04-29 07:34:13,35.312
2026-04-29 07:35:30,36.687
2026-04-29 07:35:40,42.187
2026-04-29 07:35:51,44.125
2026-04-29 07:36:02,41.625
2026-04-29 07:36:13,38.25
2026-04-29 07:36:24,35.375
2026-04-29 07:36:35,33.125
2026-04-29 07:36:46,31.437
2026-04-29 07:36:57,30.187
2026-04-29 07:37:07,29.187
2026-04-29 07:37:18,28.437
2026-04-29 07:37:29,27.812
2026-04-29 07:37:51,27.0
2026-04-29 07:38:13,26.437
2026-04-29 07:38:45,25.875
2026-04-29 07:39:51,26.562
2026-04-29 07:40:02,28.375
2026-04-29 07:40:13,30.062
2026-04-29 07:40:24,31.437
2026-04-29 07:40:34,32.437
2026-04-29 07:40:45,33.187
2026-04-29 07:40:56,33.687
2026-04-29 07:41:18,34.375
2026-04-29 07:41:40,34.875
2026-04-29 07:42:23,35.375
2026-04-29 07:44:12,35.875
2026-04-29 07:45:39,36.375
2026-04-29 09:02:55,36.875
2026-04-29 09:26:19,36.0
2026-04-29 09:26:30,34.75
2026-04-29 09:26:40,33.75
2026-04-29 09:26:51,33.062
2026-04-29 09:27:02,32.562
2026-04-29 09:27:24,31.937
2026-04-29 09:27:46,31.437
2026-04-29 09:28:29,30.875
2026-04-29 09:29:45,30.375
2026-04-29 09:31:12,29.875
2026-04-29 09:33:01,29.375
2026-04-29 09:34:50,28.875
2026-04-29 09:36:50,28.375
2026-04-29 09:39:00,27.875
2026-04-29 09:41:11,27.375
2026-04-29 09:43:54,26.875
2026-04-29 09:48:15,26.375
2026-04-29 09:52:04,25.875
2026-04-29 09:57:30,25.375
2026-04-29 10:02:57,24.875
2026-04-29 10:08:23,24.375
2026-04-29 10:14:01,23.875
2026-04-29 10:20:00,23.375
2026-04-29 10:26:31,22.875
2026-04-29 10:33:47,22.375
2026-04-29 10:41:35,21.875
2026-04-29 10:50:50,21.375
2026-04-29 11:01:43,20.875
2026-04-29 11:15:19,20.375
2026-04-29 11:32:55,19.875
2026-04-29 11:45:36,20.375
2026-04-29 12:00:18,20.875
2026-04-29 12:30:57,20.375
2026-04-29 12:57:47,19.875
2026-04-29 13:46:34,20.375
2026-04-29 14:47:42,19.875
2026-04-29 15:17:48,19.375
2026-04-29 15:46:38,19.875
2026-04-29 15:55:10,20.375
2026-04-29 16:51:46,19.875
2026-04-29 17:54:31,20.375
2026-04-29 19:03:15,19.875
2026-04-29 19:25:45,20.375
2026-04-29 19:37:54,20.875
2026-04-29 20:06:23,20.375
2026-04-29 20:18:43,20.875
2026-04-29 21:02:47,20.375
2026-04-29 21:19:39,19.875
2026-04-29 21:41:03,19.375
2026-04-29 21:51:23,19.875
2026-04-29 22:08:26,20.375
2026-04-29 22:36:22,19.875
2026-04-29 22:57:13,20.375
2026-04-29 23:48:55,19.875
2026-04-30 00:06:52,19.375
2026-04-30 00:29:21,18.875
2026-04-30 00:46:02,19.375
2026-04-30 01:01:06,19.875
2026-04-30 01:37:22,19.375
2026-04-30 02:05:51,18.875
2026-04-30 02:42:07,18.375
2026-04-30 02:56:15,18.875
2026-04-30 03:04:25,19.375
2026-04-30 03:31:48,24.875
2026-04-30 03:31:59,28.937
2026-04-30 03:32:21,28.375
2026-04-30 03:32:43,29.187
2026-04-30 03:32:54,30.062
2026-04-30 03:33:05,31.25
2026-04-30 03:33:15,32.375
2026-04-30 03:33:26,33.312
2026-04-30 03:33:37,33.937
2026-04-30 03:33:59,34.75
2026-04-30 03:34:21,35.312
2026-04-30 03:34:53,35.812
2026-04-30 03:35:37,36.312
2026-04-30 03:37:15,36.812
2026-04-30 03:47:13,37.312
2026-04-30 05:01:02,36.812
2026-04-30 05:01:13,35.375
2026-04-30 05:01:24,33.687
2026-04-30 05:01:35,31.75
2026-04-30 05:01:46,30.125
2026-04-30 05:01:57,28.875
2026-04-30 05:02:08,27.937
2026-04-30 05:02:19,27.187
2026-04-30 05:02:29,26.687
2026-04-30 05:02:51,25.875
2026-04-30 05:03:13,25.375
2026-04-30 05:03:56,24.812
2026-04-30 05:05:24,26.437
2026-04-30 05:05:34,28.25
2026-04-30 05:05:45,29.812
2026-04-30 05:05:56,31.375
2026-04-30 05:06:07,32.625
2026-04-30 05:06:18,33.562
2026-04-30 05:06:29,34.25
2026-04-30 05:06:40,34.75
2026-04-30 05:07:02,35.5
2026-04-30 05:07:34,36.062
2026-04-30 05:08:29,36.562
2026-04-30 05:10:28,37.125
2026-04-30 05:11:23,37.625
2026-04-30 06:16:18,37.125
2026-04-30 06:17:35,36.625
2026-04-30 06:19:02,36.125
2026-04-30 06:19:34,36.625
2026-04-30 06:19:45,41.687
2026-04-30 06:19:56,44.875
2026-04-30 06:20:07,42.937
2026-04-30 06:20:18,39.375
2026-04-30 06:20:29,36.25
2026-04-30 06:20:40,33.75
2026-04-30 06:20:50,31.875
2026-04-30 06:21:01,30.437
2026-04-30 06:21:12,29.312
2026-04-30 06:21:23,28.437
2026-04-30 06:21:34,27.812
2026-04-30 06:21:45,27.312
2026-04-30 06:22:07,26.562
2026-04-30 06:22:28,26.0
2026-04-30 06:23:12,25.437
2026-04-30 06:24:06,27.625
2026-04-30 06:24:17,29.375
2026-04-30 06:24:28,30.937
2026-04-30 06:24:39,32.312
2026-04-30 06:24:50,33.375
2026-04-30 06:25:01,34.125
2026-04-30 06:25:12,34.625
2026-04-30 06:25:33,35.375
2026-04-30 06:26:06,36.0
2026-04-30 06:26:50,36.5
2026-04-30 06:29:00,37.0
2026-04-30 06:29:54,37.562
2026-04-30 07:05:06,37.062
2026-04-30 08:37:48,36.5
2026-04-30 08:39:15,36.0
2026-04-30 08:40:53,35.5
2026-04-30 08:41:14,38.625
2026-04-30 08:41:25,43.625
2026-04-30 08:41:47,41.0
2026-04-30 08:41:58,37.75
2026-04-30 08:42:09,35.125
2026-04-30 08:42:20,33.125
2026-04-30 08:42:31,31.562
2026-04-30 08:42:42,30.375
2026-04-30 08:42:52,29.5
2026-04-30 08:43:03,28.812
2026-04-30 08:43:14,28.25
2026-04-30 08:43:36,27.5
2026-04-30 08:43:58,27.0
2026-04-30 08:44:30,26.5
2026-04-30 08:45:36,27.625
2026-04-30 08:45:47,29.437
2026-04-30 08:45:57,31.0
2026-04-30 08:46:08,32.062
2026-04-30 08:46:19,32.875
2026-04-30 08:46:30,33.375
2026-04-30 08:46:52,34.0
2026-04-30 08:47:24,34.625
2026-04-30 08:48:30,35.125
2026-04-30 08:51:02,35.625
2026-04-30 08:51:56,36.187
2026-04-30 08:53:02,36.687
2026-04-30 09:12:59,35.75
2026-04-30 09:13:10,34.5
2026-04-30 09:13:21,33.562
2026-04-30 09:13:32,32.937
2026-04-30 09:13:42,32.437
2026-04-30 09:14:04,31.75
2026-04-30 09:14:37,31.187
2026-04-30 09:15:20,30.687
2026-04-30 09:16:36,30.187
2026-04-30 09:18:04,29.687
2026-04-30 09:19:52,29.187
2026-04-30 09:21:41,28.687
2026-04-30 09:23:41,28.187
2026-04-30 09:25:41,27.687
2026-04-30 09:27:51,27.187
2026-04-30 09:30:13,26.687
2026-04-30 09:32:45,26.187
2026-04-30 09:35:28,25.687
2026-04-30 09:38:11,25.187
2026-04-30 09:41:27,24.687
2026-04-30 09:44:43,24.187
2026-04-30 09:48:32,23.687
2026-04-30 09:52:42,23.187
2026-04-30 09:56:52,22.687
2026-04-30 10:02:30,22.187
2026-04-30 10:14:06,21.687
2026-04-30 10:46:12,21.187
2026-04-30 11:01:04,20.687
2026-04-30 11:17:45,20.187
2026-04-30 11:38:04,19.687
2026-04-30 12:15:59,20.187
2026-04-30 13:18:01,19.687
2026-04-30 13:50:50,19.187
2026-04-30 14:08:59,19.687
2026-04-30 14:18:14,20.187
2026-04-30 15:13:44,19.687
2026-04-30 16:16:29,20.187
2026-04-30 16:27:00,20.687
2026-04-30 17:21:14,20.187
2026-04-30 17:52:03,19.687
2026-04-30 18:06:34,20.187
2026-04-30 18:13:49,20.687
2026-04-30 19:41:48,21.187
2026-04-30 20:48:10,20.687
2026-04-30 21:23:00,21.187
2026-04-30 21:33:42,21.687
2026-04-30 21:35:20,22.187
2026-04-30 21:37:42,22.687
2026-04-30 22:10:42,22.187
2026-04-30 22:22:51,21.687
2026-04-30 23:22:53,21.187
2026-04-30 23:40:18,20.687
2026-05-01 00:00:47,20.187
2026-05-01 00:36:53,20.687
2026-05-01 01:28:12,20.187
2026-05-01 01:53:25,19.687
2026-05-01 02:30:04,19.187
2026-05-01 02:39:29,19.687
2026-05-01 02:46:45,20.187
2026-05-01 04:01:28,19.687
2026-05-01 04:42:17,21.187
2026-05-01 04:42:28,24.75
2026-05-01 04:42:38,25.875
2026-05-01 04:43:00,26.937
2026-05-01 04:43:11,27.875
2026-05-01 04:43:22,29.062
2026-05-01 04:43:33,30.312
2026-05-01 04:43:44,31.375
2026-05-01 04:43:55,32.125
2026-05-01 04:44:05,32.687
2026-05-01 04:44:27,33.5
2026-05-01 04:44:49,34.0
2026-05-01 04:45:22,34.5
2026-05-01 04:46:27,35.0
2026-05-01 04:48:05,35.562
2026-05-01 04:49:10,36.062
2026-05-01 05:06:57,35.562
2026-05-01 05:08:13,35.062
2026-05-01 05:08:56,39.875
2026-05-01 05:09:07,43.937
2026-05-01 05:09:18,42.5
2026-05-01 05:09:29,38.875
2026-05-01 05:09:40,35.5
2026-05-01 05:09:51,32.75
2026-05-01 05:10:02,30.75
2026-05-01 05:10:13,29.187
2026-05-01 05:10:24,28.0
2026-05-01 05:10:34,27.062
2026-05-01 05:10:45,26.375
2026-05-01 05:10:56,25.812
2026-05-01 05:11:18,25.062
2026-05-01 05:11:40,24.562
2026-05-01 05:12:12,24.062
2026-05-01 05:13:18,25.687
2026-05-01 05:13:29,27.437
2026-05-01 05:13:39,29.0
2026-05-01 05:13:50,30.437
2026-05-01 05:14:01,31.625
2026-05-01 05:14:12,32.375
2026-05-01 05:14:23,33.0
2026-05-01 05:14:34,33.5
2026-05-01 05:14:56,34.125
2026-05-01 05:15:28,34.687
2026-05-01 05:16:12,35.187
2026-05-01 05:17:50,35.687
2026-05-01 05:19:06,36.25
2026-05-01 06:30:01,35.75
2026-05-01 07:57:37,35.25
2026-05-01 07:59:26,39.875
2026-05-01 07:59:36,44.0
2026-05-01 07:59:47,42.812
2026-05-01 07:59:58,39.5
2026-05-01 08:00:09,36.375
2026-05-01 08:00:20,33.875
2026-05-01 08:00:31,31.875
2026-05-01 08:00:42,30.5
2026-05-01 08:00:53,29.375
2026-05-01 08:01:04,28.562
2026-05-01 08:01:15,27.875
2026-05-01 08:01:26,27.312
2026-05-01 08:01:47,26.625
2026-05-01 08:02:09,26.125
2026-05-01 08:02:42,25.625
2026-05-01 08:03:47,27.312
2026-05-01 08:03:58,29.125
2026-05-01 08:04:09,30.5
2026-05-01 08:04:20,31.562
2026-05-01 08:04:31,32.312
2026-05-01 08:04:41,32.875
2026-05-01 08:05:03,33.687
2026-05-01 08:05:36,34.375
2026-05-01 08:09:24,34.937
2026-05-01 08:10:19,35.5
2026-05-01 08:11:35,36.0
2026-05-01 08:20:50,35.187
2026-05-01 08:21:01,33.937
2026-05-01 08:21:12,33.0
2026-05-01 08:21:23,32.312
2026-05-01 08:21:44,31.437
2026-05-01 08:22:06,30.937
2026-05-01 08:22:39,30.437
2026-05-01 08:23:44,29.875
2026-05-01 08:25:11,29.375
2026-05-01 08:27:11,28.875
2026-05-01 08:29:11,28.375
2026-05-01 08:31:21,27.875
2026-05-01 08:33:43,27.375
2026-05-01 08:36:26,26.875
2026-05-01 08:38:47,26.375
2026-05-01 08:41:41,25.875
2026-05-01 08:44:46,25.375
2026-05-01 08:48:13,24.875
2026-05-01 08:51:51,24.375
2026-05-01 08:55:50,23.875
2026-05-01 09:00:33,23.375
2026-05-01 09:05:38,22.875
2026-05-01 09:35:34,22.375
2026-05-01 09:49:53,21.875
2026-05-01 10:03:08,21.375
2026-05-01 10:19:06,20.875
2026-05-01 10:37:36,20.375
2026-05-01 10:41:57,20.875
2026-05-01 10:57:44,21.375
2026-05-01 11:33:06,20.875
2026-05-01 11:59:02,20.375
2026-05-01 12:05:55,20.875
2026-05-01 12:20:15,21.375
2026-05-01 13:00:31,20.875
2026-05-01 13:26:05,20.375
2026-05-01 13:42:57,20.875
2026-05-01 13:56:23,21.375
2026-05-01 14:28:51,20.875
2026-05-01 14:56:57,20.375
2026-05-01 15:31:47,20.875
2026-05-01 15:45:23,21.375
2026-05-01 16:27:39,20.875
2026-05-01 16:54:07,20.375
2026-05-01 17:16:48,20.875
2026-05-01 18:32:04,20.375
2026-05-01 19:09:36,20.875
2026-05-01 20:22:09,21.375
2026-05-01 20:49:32,21.875
2026-05-01 20:51:53,22.375
2026-05-01 20:55:31,22.875
2026-05-01 21:25:37,22.375
2026-05-01 21:37:36,21.875
2026-05-01 21:49:23,21.375
2026-05-01 22:01:54,20.875
2026-05-01 22:09:31,21.375
2026-05-01 23:01:02,20.875
2026-05-01 23:20:48,20.375
2026-05-01 23:57:04,20.875
2026-05-02 00:49:40,20.375
2026-05-02 01:19:46,19.875
2026-05-02 01:55:30,20.375
2026-05-02 03:12:02,19.875
2026-05-02 03:51:02,19.375
2026-05-02 04:07:32,19.875
2026-05-02 04:15:20,20.375
2026-05-02 05:33:19,19.875
2026-05-02 06:28:05,20.375
2026-05-02 06:52:56,20.937
2026-05-02 06:53:07,25.375
2026-05-02 06:53:18,30.0
2026-05-02 06:53:40,29.062
2026-05-02 06:54:12,30.187
2026-05-02 06:54:23,31.125
2026-05-02 06:54:34,32.062
2026-05-02 06:54:45,32.687
2026-05-02 06:54:56,33.187
2026-05-02 06:55:18,33.875
2026-05-02 06:55:50,34.437
2026-05-02 06:56:34,34.937
2026-05-02 06:57:50,35.5
2026-05-02 06:59:17,36.0
2026-05-02 07:01:50,36.5
2026-05-02 07:14:53,36.0
2026-05-02 08:00:57,35.5
2026-05-02 08:31:14,35.0
2026-05-02 08:47:01,34.5
2026-05-02 08:48:39,34.0
2026-05-02 08:50:06,37.25
2026-05-02 08:50:17,42.437
2026-05-02 08:50:39,39.5
2026-05-02 08:50:49,36.25
2026-05-02 08:51:00,33.562
2026-05-02 08:51:11,31.5
2026-05-02 08:51:22,29.875
2026-05-02 08:51:33,28.75
2026-05-02 08:51:44,27.812
2026-05-02 08:51:55,27.125
2026-05-02 08:52:06,26.562
2026-05-02 08:52:27,25.812
2026-05-02 08:52:49,25.25
2026-05-02 08:53:33,24.687
2026-05-02 08:54:49,24.187
2026-05-02 08:57:54,23.687
2026-05-02 09:02:16,23.187
2026-05-02 09:08:15,22.687
2026-05-02 09:15:08,22.187
2026-05-02 09:23:29,21.687
2026-05-02 10:21:53,21.187
2026-05-02 10:46:11,20.687
2026-05-02 11:23:00,21.187
2026-05-02 12:15:14,20.687
2026-05-02 12:52:35,21.187
2026-05-02 13:47:54,20.687
2026-05-02 14:19:06,20.187
2026-05-02 14:25:16,20.687
2026-05-02 14:37:25,21.187
2026-05-02 15:37:49,20.687
2026-05-02 16:28:47,21.187
2026-05-02 17:39:09,20.687
2026-05-02 18:24:29,21.187
2026-05-02 19:48:16,21.687
2026-05-02 20:25:18,21.187
2026-05-02 20:46:20,20.687
2026-05-02 21:09:33,20.187
2026-05-02 21:22:25,20.687
2026-05-02 21:33:18,21.187
2026-05-02 22:15:12,20.687
2026-05-02 22:49:07,21.187
2026-05-02 23:35:54,20.687
2026-05-02 23:58:56,20.187
2026-05-03 00:34:08,20.687
2026-05-03 01:42:19,20.187
2026-05-03 02:15:09,19.687
2026-05-03 02:41:26,20.187
2026-05-03 02:50:30,20.687
2026-05-03 03:49:49,20.187
2026-05-03 03:55:04,22.25
2026-05-03 03:55:15,26.75
2026-05-03 03:55:26,27.937
2026-05-03 03:55:37,27.437
2026-05-03 03:55:59,28.25
2026-05-03 03:56:10,29.125
2026-05-03 03:56:20,30.25
2026-05-03 03:56:31,31.187
2026-05-03 03:56:42,31.937
2026-05-03 03:56:53,32.5
2026-05-03 03:57:15,33.187
2026-05-03 03:57:37,33.687
2026-05-03 03:58:20,34.25
2026-05-03 03:58:53,33.062
2026-05-03 03:59:04,31.75
2026-05-03 03:59:15,29.875
2026-05-03 03:59:25,28.125
2026-05-03 03:59:36,26.75
2026-05-03 03:59:47,25.687
2026-05-03 03:59:58,24.937
2026-05-03 04:00:09,24.375
2026-05-03 04:00:31,23.562
2026-05-03 04:01:04,23.0
2026-05-03 04:01:47,22.5
2026-05-03 04:03:03,23.312
2026-05-03 04:03:14,25.125
2026-05-03 04:03:25,26.75
2026-05-03 04:03:36,28.312
2026-05-03 04:03:47,29.75
2026-05-03 04:03:58,30.875
2026-05-03 04:04:09,31.687
2026-05-03 04:04:19,32.312
2026-05-03 04:04:41,33.062
2026-05-03 04:05:03,33.625
2026-05-03 04:05:36,34.187
2026-05-03 04:06:30,34.687
2026-05-03 04:08:19,35.187
2026-05-03 04:09:13,35.687
2026-05-03 05:42:59,35.125
2026-05-03 05:44:59,39.562
2026-05-03 05:45:10,43.875
2026-05-03 05:45:21,42.687
2026-05-03 05:45:32,39.312
2026-05-03 05:45:42,36.0
2026-05-03 05:45:53,33.375
2026-05-03 05:46:04,31.312
2026-05-03 05:46:15,29.812
2026-05-03 05:46:26,28.625
2026-05-03 05:46:37,27.687
2026-05-03 05:46:48,27.0
2026-05-03 05:46:59,26.437
2026-05-03 05:47:20,25.687
2026-05-03 05:47:42,25.187
2026-05-03 05:48:15,24.687
2026-05-03 05:49:20,26.312
2026-05-03 05:49:31,28.062
2026-05-03 05:49:42,29.625
2026-05-03 05:49:53,30.937
2026-05-03 05:50:04,31.875
2026-05-03 05:50:15,32.625
2026-05-03 05:50:25,33.125
2026-05-03 05:50:47,33.875
2026-05-03 05:51:20,34.5
2026-05-03 05:52:14,35.0
2026-05-03 05:54:14,35.5
2026-05-03 05:55:19,36.062
2026-05-03 06:43:34,35.562
2026-05-03 08:03:55,34.0
2026-05-03 08:04:06,33.0
2026-05-03 08:04:17,32.312
2026-05-03 08:04:39,31.437
2026-05-03 08:05:01,30.875
2026-05-03 08:05:33,30.375
2026-05-03 08:06:28,29.875
2026-05-03 08:08:06,29.375
2026-05-03 08:09:54,28.875
2026-05-03 08:11:54,28.375
2026-05-03 08:14:16,27.875
2026-05-03 08:16:48,27.375
2026-05-03 08:19:42,26.875
2026-05-03 08:24:47,26.375
2026-05-03 08:30:02,25.875
2026-05-03 08:37:07,25.375
2026-05-03 08:43:06,24.875
2026-05-03 08:49:05,24.375
2026-05-03 08:55:26,23.875
2026-05-03 09:02:41,23.375
2026-05-03 09:10:07,22.875
2026-05-03 09:18:28,22.375
2026-05-03 09:28:15,21.875
2026-05-03 09:40:57,21.375
2026-05-03 10:13:14,21.875
2026-05-03 10:50:03,21.375
2026-05-03 11:43:00,21.875
2026-05-03 13:06:04,22.375
2026-05-03 14:06:17,21.875
2026-05-03 14:35:29,22.375
2026-05-03 15:26:38,21.875
2026-05-03 15:44:46,21.375
2026-05-03 15:54:01,21.875
2026-05-03 16:11:37,22.375
2026-05-03 16:37:00,21.875
2026-05-03 16:56:35,21.375
2026-05-03 17:19:16,20.875
2026-05-03 17:45:23,21.375
2026-05-03 17:59:32,21.875
2026-05-03 18:34:43,21.375
2026-05-03 19:06:38,20.875
2026-05-03 19:22:58,21.375
2026-05-03 19:31:29,21.875
2026-05-03 20:16:06,21.375
2026-05-03 20:35:31,20.875
2026-05-03 21:03:48,21.375
2026-05-03 21:59:29,20.875
2026-05-03 22:38:40,21.375
2026-05-03 23:28:00,20.875
2026-05-03 23:52:07,20.375
2026-05-04 00:16:36,20.875
2026-05-04 00:26:13,21.375
2026-05-04 01:09:34,20.875
2026-05-04 01:34:36,20.375
2026-05-04 02:08:09,19.875
2026-05-04 02:22:29,20.375
2026-05-04 02:30:49,20.875
2026-05-04 03:27:14,20.375
2026-05-04 04:02:25,19.875
2026-05-04 04:49:45,20.375
2026-05-04 05:00:27,20.875
2026-05-04 06:04:29,20.375
2026-05-04 06:57:48,20.875
2026-05-04 08:07:05,20.375
2026-05-04 08:41:55,20.875
2026-05-04 08:54:14,21.375
2026-05-04 09:36:08,20.875
2026-05-04 10:10:14,20.375
2026-05-04 10:30:00,20.875
2026-05-04 10:37:59,21.375
2026-05-04 11:44:22,20.875
2026-05-04 12:25:00,21.375
2026-05-04 12:38:25,21.875
2026-05-04 13:17:14,21.375
2026-05-04 13:44:58,20.875
2026-05-04 14:18:53,21.375
2026-05-04 14:31:24,21.875
2026-05-04 15:09:51,21.375
2026-05-04 15:37:47,20.875
2026-05-04 16:25:51,21.375
2026-05-04 16:32:23,21.875
2026-05-04 16:51:47,22.375
2026-05-04 17:28:36,21.875
2026-05-04 18:04:09,21.375
2026-05-04 18:26:17,21.875
2026-05-04 18:35:32,22.375
2026-05-04 19:25:14,21.875
2026-05-04 19:35:01,22.375
2026-05-04 19:46:59,22.875
2026-05-04 20:21:27,22.375
2026-05-04 20:35:58,21.875
2026-05-04 20:40:52,22.375
2026-05-04 21:31:39,21.875
2026-05-04 21:47:58,21.375
2026-05-04 22:18:27,21.875
2026-05-04 23:07:46,21.375
2026-05-04 23:31:21,20.875
2026-05-05 00:09:59,21.375
2026-05-05 01:09:07,20.875
2026-05-05 01:38:30,20.375
2026-05-05 02:24:44,20.875
2026-05-05 03:51:59,20.375
2026-05-05 04:49:06,20.875
2026-05-05 05:01:48,21.375
2026-05-05 05:51:41,20.875
2026-05-05 06:37:56,20.375
2026-05-05 06:56:15,20.875
2026-05-05 07:03:42,21.375
2026-05-05 07:57:04,20.875
2026-05-05 08:26:49,20.375
2026-05-05 08:51:39,20.875
2026-05-05 09:00:00,21.375
2026-05-05 10:05:18,20.875
2026-05-05 10:43:55,21.375
2026-05-05 11:00:15,21.875
2026-05-05 11:38:31,21.375
2026-05-05 12:10:48,20.875
2026-05-05 12:43:49,21.375
2026-05-05 12:54:42,21.875
2026-05-05 13:45:50,21.375
2026-05-05 14:21:02,20.875
2026-05-05 14:49:19,21.375
2026-05-05 14:59:39,21.875
2026-05-05 16:55:00,22.375
2026-05-05 17:11:20,22.875
2026-05-05 17:49:36,22.375
2026-05-05 18:19:42,21.875
2026-05-05 18:51:37,22.375
2026-05-05 19:00:20,22.875
2026-05-05 19:18:28,23.375
2026-05-05 19:56:11,22.875
2026-05-05 20:05:59,23.375
2026-05-05 20:43:32,22.875
2026-05-05 20:58:03,22.375
2026-05-05 21:14:12,21.875
2026-05-05 21:33:14,21.375
2026-05-05 21:51:33,21.875
2026-05-05 22:57:12,21.375
2026-05-05 23:24:57,20.875
2026-05-05 23:44:11,21.375
2026-05-05 23:53:37,21.875
2026-05-06 00:40:24,21.375
2026-05-06 01:06:32,20.875
2026-05-06 01:39:21,20.375
2026-05-06 02:05:18,20.875
2026-05-06 02:14:22,21.375
2026-05-06 03:15:51,20.875
2026-05-06 04:00:28,20.375
2026-05-06 04:33:06,20.875
2026-05-06 04:41:16,21.375
2026-05-06 06:00:42,24.562
2026-05-06 06:00:53,27.812
2026-05-06 06:01:37,28.5
2026-05-06 06:01:48,29.312
2026-05-06 06:01:58,30.25
2026-05-06 06:02:09,30.875
2026-05-06 06:02:20,31.437
2026-05-06 06:02:42,32.062
2026-05-06 06:03:15,32.625
2026-05-06 06:03:58,33.125
2026-05-06 06:05:14,33.625
2026-05-06 06:06:41,34.187
2026-05-06 06:07:58,34.687
2026-05-06 06:13:24,34.187
2026-05-06 06:58:23,33.687
2026-05-06 07:00:12,37.625
2026-05-06 07:00:22,42.625
2026-05-06 07:00:33,42.0
2026-05-06 07:00:44,38.687
2026-05-06 07:00:55,35.312
2026-05-06 07:01:06,32.562
2026-05-06 07:01:17,30.5
2026-05-06 07:01:28,28.937
2026-05-06 07:01:39,27.75
2026-05-06 07:01:50,26.812
2026-05-06 07:02:00,26.125
2026-05-06 07:02:11,25.562
2026-05-06 07:02:33,24.75
2026-05-06 07:02:55,24.25
2026-05-06 07:03:27,23.75
2026-05-06 07:04:33,25.25
2026-05-06 07:04:44,27.0
2026-05-06 07:04:54,28.5
2026-05-06 07:05:05,29.75
2026-05-06 07:05:16,30.625
2026-05-06 07:05:27,31.25
2026-05-06 07:05:49,32.125
2026-05-06 07:06:11,32.625
2026-05-06 07:06:54,33.187
2026-05-06 07:08:21,33.687
2026-05-06 07:10:10,34.187
2026-05-06 07:50:58,34.687
2026-05-06 08:13:50,35.312
2026-05-06 08:14:55,34.812
2026-05-06 08:15:17,33.875
2026-05-06 08:15:28,32.687
2026-05-06 08:15:38,31.75
2026-05-06 08:15:49,31.062
2026-05-06 08:16:11,30.25
2026-05-06 08:16:33,29.75
2026-05-06 08:17:16,29.187
2026-05-06 08:18:33,28.687
2026-05-06 08:20:21,28.187
2026-05-06 08:22:43,27.687
2026-05-06 08:25:15,27.187
2026-05-06 08:28:31,26.687
2026-05-06 08:31:36,26.187
2026-05-06 08:35:03,25.687
2026-05-06 08:38:40,25.187
2026-05-06 08:43:13,24.687
2026-05-06 08:47:44,24.187
2026-05-06 08:56:27,23.687
2026-05-06 09:26:12,23.187
2026-05-06 09:40:21,22.687
2026-05-06 09:55:46,22.187
2026-05-06 10:16:26,21.687
2026-05-06 10:54:31,22.187
2026-05-06 11:50:01,21.687
2026-05-06 12:23:56,21.187
2026-05-06 12:52:47,21.687
2026-05-06 13:04:56,22.187
2026-05-06 13:54:27,21.687
2026-05-06 14:27:49,21.187
2026-05-06 15:00:06,21.687
2026-05-06 15:15:53,22.187
2026-05-06 15:57:24,21.687
2026-05-06 16:26:15,21.187
2026-05-06 16:57:37,21.687
2026-05-06 17:06:20,22.187
2026-05-06 18:18:53,21.687
2026-05-06 18:59:30,22.187
2026-05-06 20:24:45,22.687
2026-05-06 20:57:13,22.187
2026-05-06 21:16:59,21.687
2026-05-06 21:50:54,22.187
2026-05-06 22:33:20,21.687
2026-05-06 22:55:39,21.187
2026-05-06 23:16:41,21.687
2026-05-07 00:26:20,21.187
2026-05-07 00:54:38,20.687
2026-05-07 01:20:56,21.187
2026-05-07 02:40:12,20.687
2026-05-07 03:20:38,20.187
2026-05-07 03:45:40,20.687
2026-05-07 03:53:49,21.187
2026-05-07 05:20:31,20.687
2026-05-07 06:07:18,21.187
2026-05-07 06:15:28,21.687
2026-05-07 07:20:56,21.187
2026-05-07 08:04:50,21.687
2026-05-07 09:05:57,21.187
2026-05-07 10:00:11,21.687
2026-05-07 11:12:33,21.187
2026-05-07 11:59:20,21.687
2026-05-07 13:24:02,21.187
2026-05-07 14:10:28,21.687
2026-05-07 15:37:53,21.187
2026-05-07 16:17:58,21.687
2026-05-07 17:52:18,22.187
2026-05-07 18:59:24,21.687
2026-05-07 19:30:36,22.187
2026-05-07 20:19:02,22.687
2026-05-07 21:05:39,22.187
2026-05-07 21:23:47,21.687
2026-05-07 21:53:10,22.187
2026-05-07 22:35:58,21.687
2026-05-07 22:57:11,21.187
2026-05-07 23:37:05,21.687
2026-05-08 00:30:25,21.187
2026-05-08 00:57:04,20.687
2026-05-08 01:30:16,20.187
2026-05-08 01:41:30,20.687
2026-05-08 01:49:18,21.187
2026-05-08 02:56:14,20.687
2026-05-08 03:32:52,20.187
2026-05-08 04:09:20,20.687
2026-05-08 04:19:40,21.187
2026-05-08 05:14:37,25.937
2026-05-08 05:14:48,28.625
2026-05-08 05:14:59,28.125
2026-05-08 05:15:32,28.875
2026-05-08 05:15:42,29.75
2026-05-08 05:15:53,30.625
2026-05-08 05:16:04,31.312
2026-05-08 05:16:15,31.812
2026-05-08 05:16:37,32.5
2026-05-08 05:17:10,33.125
2026-05-08 05:17:53,33.625
2026-05-08 05:19:09,34.125
2026-05-08 05:20:36,34.687
2026-05-08 05:22:03,35.187
2026-05-08 05:27:52,34.687
2026-05-08 07:18:08,34.187
2026-05-08 07:19:56,33.687
2026-05-08 07:21:02,36.125
2026-05-08 07:21:13,41.812
2026-05-08 07:21:24,42.812
2026-05-08 07:21:34,40.0
2026-05-08 07:21:45,36.625
2026-05-08 07:21:56,33.812
2026-05-08 07:22:07,31.625
2026-05-08 07:22:18,29.937
2026-05-08 07:22:29,28.687
2026-05-08 07:22:40,27.687
2026-05-08 07:22:51,27.0
2026-05-08 07:23:02,26.375
2026-05-08 07:23:23,25.562
2026-05-08 07:23:45,25.062
2026-05-08 07:24:18,24.562
2026-05-08 07:25:23,25.437
2026-05-08 07:25:34,27.25
2026-05-08 07:25:45,28.812
2026-05-08 07:25:56,30.062
2026-05-08 07:26:07,31.0
2026-05-08 07:26:17,31.562
2026-05-08 07:26:39,32.437
2026-05-08 07:27:01,32.937
2026-05-08 07:27:34,33.437
2026-05-08 07:28:39,33.937
2026-05-08 07:30:49,34.437
2026-05-08 07:32:16,34.937
2026-05-08 07:43:09,33.687
2026-05-08 07:43:20,32.5
2026-05-08 07:43:31,31.625
2026-05-08 07:43:42,31.062
2026-05-08 07:43:53,30.562
2026-05-08 07:44:15,30.0
2026-05-08 07:44:47,29.437
2026-05-08 07:45:42,28.937
2026-05-08 07:47:30,28.375
2026-05-08 07:49:52,27.875
2026-05-08 07:52:13,27.375
2026-05-08 07:55:07,26.875
2026-05-08 07:58:23,26.375
2026-05-08 08:01:18,25.875
2026-05-08 08:04:55,25.375
2026-05-08 08:08:33,24.875
2026-05-08 08:13:05,24.375
2026-05-08 08:17:37,23.875
2026-05-08 08:23:14,23.375
2026-05-08 08:29:14,22.875
2026-05-08 08:36:40,22.375
2026-05-08 09:48:07,21.875
2026-05-08 10:12:04,21.375
2026-05-08 10:34:11,21.875
2026-05-08 11:43:17,21.375
2026-05-08 12:04:20,21.875
2026-05-08 13:26:08,21.375
2026-05-08 13:39:22,21.875
2026-05-08 13:49:42,22.375
2026-05-08 14:41:34,21.875
2026-05-08 15:10:47,21.375
2026-05-08 15:46:41,21.875
2026-05-08 17:10:40,21.375
2026-05-08 17:43:29,21.875
2026-05-08 17:53:28,22.375
2026-05-08 18:35:22,21.875
2026-05-08 18:59:40,21.375
2026-05-08 19:27:03,20.875
2026-05-08 19:35:35,21.375
2026-05-08 19:43:12,21.875
2026-05-08 20:41:36,21.375
2026-05-08 21:15:42,20.875
2026-05-08 21:38:22,21.375
2026-05-08 21:48:09,21.875
2026-05-08 22:42:23,21.375
2026-05-08 23:15:24,21.875
2026-05-09 00:02:44,21.375
2026-05-09 00:24:52,20.875
2026-05-09 00:52:26,20.375
2026-05-09 01:15:50,20.875
2026-05-09 02:28:56,20.375
2026-05-09 02:35:49,20.937
2026-05-09 02:36:00,25.125
2026-05-09 02:36:11,27.75
2026-05-09 02:36:54,28.75
2026-05-09 02:37:05,29.687
2026-05-09 02:37:16,30.75
2026-05-09 02:37:27,31.562
2026-05-09 02:37:38,32.187
2026-05-09 02:38:00,32.937
2026-05-09 02:38:21,33.437
2026-05-09 02:38:54,33.937
2026-05-09 02:39:48,34.437
2026-05-09 02:41:16,34.937
2026-05-09 02:42:21,35.5
2026-05-09 04:20:18,35.0
2026-05-09 04:21:56,34.5
2026-05-09 04:23:01,35.437
2026-05-09 04:23:12,41.0
2026-05-09 04:23:23,43.687
2026-05-09 04:23:33,41.437
2026-05-09 04:23:44,37.937
2026-05-09 04:23:55,34.812
2026-05-09 04:24:06,32.375
2026-05-09 04:24:17,30.5
2026-05-09 04:24:28,29.125
2026-05-09 04:24:39,28.0
2026-05-09 04:24:50,27.25
2026-05-09 04:25:00,26.562
2026-05-09 04:25:11,26.062
2026-05-09 04:25:33,25.375
2026-05-09 04:26:06,24.687
2026-05-09 04:26:49,24.187
2026-05-09 04:27:22,24.937
2026-05-09 04:27:33,26.625
2026-05-09 04:27:44,28.312
2026-05-09 04:27:55,29.812
2026-05-09 04:28:05,30.937
2026-05-09 04:28:16,31.812
2026-05-09 04:28:27,32.437
2026-05-09 04:28:49,33.25
2026-05-09 04:29:11,33.75
2026-05-09 04:29:43,34.25
2026-05-09 04:30:49,34.75
2026-05-09 04:32:59,35.25
2026-05-09 04:33:54,35.75
2026-05-09 06:42:29,34.625
2026-05-09 06:42:40,33.437
2026-05-09 06:42:51,32.562
2026-05-09 06:43:01,31.937
2026-05-09 06:43:23,31.125
2026-05-09 06:43:56,30.5
2026-05-09 06:44:39,30.0
2026-05-09 06:45:55,29.5
2026-05-09 06:47:44,29.0
2026-05-09 06:49:55,28.5
2026-05-09 06:52:16,28.0
2026-05-09 06:54:49,27.5
2026-05-09 06:57:32,27.0
2026-05-09 07:00:16,26.5
2026-05-09 07:03:32,26.0
2026-05-09 07:06:58,25.5
2026-05-09 07:14:03,25.0
2026-05-09 07:26:44,24.5
2026-05-09 07:37:05,24.0
2026-05-09 07:46:20,23.5
2026-05-09 07:55:46,23.0
2026-05-09 08:05:11,22.5
2026-05-09 08:16:15,22.0
2026-05-09 08:28:57,21.5
2026-05-09 08:45:38,21.0
2026-05-09 09:07:24,21.5
2026-05-09 10:00:54,21.0
2026-05-09 10:33:11,20.5
2026-05-09 10:45:53,21.0
2026-05-09 10:56:24,21.5
2026-05-09 11:47:00,21.0
2026-05-09 11:55:42,21.5
2026-05-09 13:07:53,21.0
2026-05-09 13:21:40,21.5
2026-05-09 13:35:38,22.0
2026-05-09 13:41:48,23.062
2026-05-09 13:41:59,29.0
2026-05-09 13:42:10,32.375
2026-05-09 13:42:21,31.25
2026-05-09 13:42:32,30.062
2026-05-09 13:43:04,30.812
2026-05-09 13:43:26,31.375
2026-05-09 13:43:59,31.875
2026-05-09 13:45:37,32.437
2026-05-09 13:47:58,32.937
2026-05-09 13:48:52,33.437
2026-05-09 13:57:35,33.937
2026-05-09 14:33:08,34.437
2026-05-09 15:03:36,34.937
2026-05-09 15:29:32,34.437
2026-05-09 15:31:32,33.937
2026-05-09 15:32:26,39.312
2026-05-09 15:32:37,43.0
2026-05-09 15:32:48,41.562
2026-05-09 15:32:59,38.312
2026-05-09 15:33:10,35.25
2026-05-09 15:33:21,32.812
2026-05-09 15:33:32,31.0
2026-05-09 15:33:43,29.625
2026-05-09 15:33:53,28.562
2026-05-09 15:34:04,27.75
2026-05-09 15:34:15,27.125
2026-05-09 15:34:26,26.562
2026-05-09 15:34:48,25.937
2026-05-09 15:35:10,25.437
2026-05-09 15:35:53,24.875
2026-05-09 15:37:31,24.375
2026-05-09 15:41:20,23.875
2026-05-09 15:48:02,23.375
2026-05-09 15:55:50,22.875
2026-05-09 16:05:16,22.375
2026-05-09 17:08:34,21.875
2026-05-09 17:29:36,21.375
2026-05-09 17:57:21,20.875
2026-05-09 18:31:06,21.375
2026-05-09 18:42:31,21.875
2026-05-09 19:35:51,21.375
2026-05-09 20:11:56,20.875
2026-05-09 20:23:00,21.375
2026-05-09 20:35:10,21.875
2026-05-09 21:11:04,21.375
2026-05-09 21:22:41,21.875
2026-05-09 21:33:44,22.375
2026-05-09 22:09:28,21.875
2026-05-09 22:28:53,21.375
2026-05-09 22:57:10,21.875
2026-05-09 23:47:58,21.375
2026-05-10 00:10:38,20.875
2026-05-10 00:57:05,21.375
2026-05-10 01:47:30,20.875
2026-05-10 02:14:43,20.375
2026-05-10 02:51:54,19.875
2026-05-10 03:06:36,20.375
2026-05-10 03:13:19,20.875
2026-05-10 04:17:42,24.437
2026-05-10 04:17:53,27.937
2026-05-10 04:18:37,28.937
2026-05-10 04:18:48,29.937
2026-05-10 04:18:58,31.0
2026-05-10 04:19:09,31.875
2026-05-10 04:19:20,32.625
2026-05-10 04:19:42,33.437
2026-05-10 04:20:04,34.0
2026-05-10 04:20:36,34.5
2026-05-10 04:21:31,35.0
2026-05-10 04:23:20,35.562
2026-05-10 04:24:47,36.062
2026-05-10 06:34:06,35.562
2026-05-10 06:35:43,35.062
2026-05-10 06:37:00,37.25
2026-05-10 06:37:11,42.75
2026-05-10 06:37:21,43.75
2026-05-10 06:37:32,40.937
2026-05-10 06:37:43,37.5
2026-05-10 06:37:54,34.625
2026-05-10 06:38:05,32.437
2026-05-10 06:38:16,30.812
2026-05-10 06:38:27,29.5
2026-05-10 06:38:38,28.562
2026-05-10 06:38:49,27.812
2026-05-10 06:38:59,27.187
2026-05-10 06:39:21,26.375
2026-05-10 06:39:43,25.875
2026-05-10 06:40:16,25.312
2026-05-10 06:41:21,26.187
2026-05-10 06:41:32,28.0
2026-05-10 06:41:43,29.562
2026-05-10 06:41:54,30.937
2026-05-10 06:42:05,31.937
2026-05-10 06:42:15,32.625
2026-05-10 06:42:26,33.187
2026-05-10 06:42:48,33.937
2026-05-10 06:43:21,34.562
2026-05-10 06:44:15,35.062
2026-05-10 06:46:37,35.562
2026-05-10 06:47:31,36.062
2026-05-10 07:20:21,35.562
2026-05-10 08:04:58,33.937
2026-05-10 08:05:09,33.0
2026-05-10 08:05:20,32.312
2026-05-10 08:05:42,31.5
2026-05-10 08:06:04,31.0
2026-05-10 08:06:36,30.5
2026-05-10 08:07:42,30.0
2026-05-10 08:09:20,29.437
2026-05-10 08:11:30,28.937
2026-05-10 08:13:52,28.437
2026-05-10 08:16:13,27.937
2026-05-10 08:18:56,27.437
2026-05-10 08:21:40,26.937
2026-05-10 08:24:45,26.437
2026-05-10 08:27:50,25.937
2026-05-10 08:31:27,25.437
2026-05-10 08:35:16,24.937
2026-05-10 08:42:53,24.437
2026-05-10 08:58:07,23.937
2026-05-10 09:07:44,23.437
2026-05-10 09:16:59,22.937
2026-05-10 09:27:51,22.437
2026-05-10 09:40:01,21.937
2026-05-10 09:55:58,21.437
2026-05-10 10:17:11,20.937
2026-05-10 10:30:26,21.437
2026-05-10 10:42:46,21.937
2026-05-10 11:21:56,21.437
2026-05-10 12:01:29,21.937
2026-05-10 12:45:00,21.437
2026-05-10 13:12:34,20.937
2026-05-10 13:29:37,21.437
2026-05-10 14:47:26,20.937
2026-05-10 15:12:49,21.437
2026-05-10 15:25:42,21.937
2026-05-10 16:18:39,21.437
2026-05-10 17:08:21,21.937
2026-05-10 17:38:49,21.437
2026-05-10 18:00:57,20.937
2026-05-10 18:56:49,21.437
2026-05-10 19:09:52,21.937
2026-05-10 19:38:43,21.437
2026-05-10 19:59:45,20.937
2026-05-10 20:32:57,21.437
2026-05-10 21:25:44,20.937
2026-05-10 21:59:06,21.437
2026-05-10 22:53:19,20.937
2026-05-10 23:19:37,20.437
2026-05-10 23:47:44,20.937
2026-05-11 00:55:23,20.437
2026-05-11 01:28:57,19.937
2026-05-11 01:57:14,20.437
2026-05-11 02:12:28,20.937
2026-05-11 02:55:38,20.437
2026-05-11 03:36:27,19.937
2026-05-11 04:20:32,20.437
2026-05-11 04:32:19,20.937
2026-05-11 05:29:05,20.437
2026-05-11 06:41:16,20.937
2026-05-11 07:53:06,20.437
2026-05-11 08:27:45,20.937
2026-05-11 08:44:37,21.437
2026-05-11 09:28:41,20.937
2026-05-11 10:23:38,21.437
2026-05-11 11:35:39,20.937
2026-05-11 12:20:37,21.437
2026-05-11 13:49:52,20.937
2026-05-11 14:18:43,21.437
2026-05-11 14:32:30,21.937
2026-05-11 15:14:57,21.437
2026-05-11 16:27:52,21.937
2026-05-11 16:46:00,25.375
2026-05-11 16:46:11,31.0
2026-05-11 16:46:21,32.312
2026-05-11 16:46:32,30.812
2026-05-11 16:46:43,30.062
2026-05-11 16:47:16,30.812
2026-05-11 16:47:38,31.375
2026-05-11 16:48:21,31.875
2026-05-11 16:49:26,32.437
2026-05-11 16:51:48,32.937
2026-05-11 16:52:42,33.437
2026-05-11 17:23:22,33.937
2026-05-11 17:40:46,33.437
2026-05-11 17:46:56,34.062
2026-05-11 17:49:39,32.875
2026-05-11 17:49:50,31.75
2026-05-11 17:50:01,30.875
2026-05-11 17:50:12,30.25
2026-05-11 17:50:34,29.5
2026-05-11 17:51:06,28.875
2026-05-11 17:52:01,28.375
2026-05-11 17:53:39,27.875
2026-05-11 17:56:00,27.375
2026-05-11 17:59:05,26.875
2026-05-11 18:02:43,26.375
2026-05-11 18:06:32,25.875
2026-05-11 18:10:42,25.375
2026-05-11 18:17:14,24.875
2026-05-11 18:36:38,24.375
2026-05-11 18:49:41,23.875
2026-05-11 19:01:18,23.375
2026-05-11 19:13:38,22.875
2026-05-11 19:28:30,22.375
2026-05-11 19:44:50,21.875
2026-05-11 19:58:36,22.375
2026-05-11 20:14:02,22.875
2026-05-11 20:41:03,22.375
2026-05-11 20:59:33,21.875
2026-05-11 21:19:30,21.375
2026-05-11 21:45:37,21.875
2026-05-11 22:42:23,21.375
2026-05-11 23:05:25,21.875
2026-05-12 00:02:11,21.375
2026-05-12 00:29:13,20.875
2026-05-12 00:59:30,21.375
2026-05-12 01:57:32,20.875
2026-05-12 02:27:18,20.375
2026-05-12 03:18:15,20.875
2026-05-12 04:48:56,21.375
2026-05-12 04:49:07,25.187
2026-05-12 04:49:18,27.312
2026-05-12 04:49:51,28.187
2026-05-12 04:50:01,29.0
2026-05-12 04:50:12,30.125
2026-05-12 04:50:23,31.125
2026-05-12 04:50:34,31.812
2026-05-12 04:50:45,32.375
2026-05-12 04:51:07,33.125
2026-05-12 04:51:28,33.625
2026-05-12 04:52:01,34.125
2026-05-12 04:53:06,34.625
2026-05-12 04:54:55,35.187
2026-05-12 04:55:50,35.75
2026-05-12 05:15:58,35.25
2026-05-12 05:40:16,35.75
2026-05-12 06:09:39,35.25
2026-05-12 06:11:06,34.75
2026-05-12 06:12:44,39.312
2026-05-12 06:12:55,43.687
2026-05-12 06:13:06,42.687
2026-05-12 06:13:17,39.312
2026-05-12 06:13:28,35.937
2026-05-12 06:13:38,33.187
2026-05-12 06:13:49,31.125
2026-05-12 06:14:00,29.562
2026-05-12 06:14:11,28.312
2026-05-12 06:14:22,27.375
2026-05-12 06:14:33,26.687
2026-05-12 06:14:44,26.125
2026-05-12 06:15:06,25.312
2026-05-12 06:15:27,24.75
2026-05-12 06:16:00,24.25
2026-05-12 06:17:05,26.0
2026-05-12 06:17:16,27.812
2026-05-12 06:17:27,29.375
2026-05-12 06:17:38,30.75
2026-05-12 06:17:49,31.687
2026-05-12 06:18:00,32.375
2026-05-12 06:18:10,32.875
2026-05-12 06:18:32,33.562
2026-05-12 06:19:05,34.125
2026-05-12 06:19:48,34.625
2026-05-12 06:22:10,35.125
2026-05-12 06:23:04,35.687
2026-05-12 07:14:47,35.187
2026-05-12 07:23:51,35.687
2026-05-12 07:58:07,36.187
2026-05-12 08:03:23,35.687
2026-05-12 08:28:46,36.25
2026-05-12 08:32:13,35.687
2026-05-12 08:34:02,35.187
2026-05-12 08:36:02,34.687
2026-05-12 08:37:29,34.187
2026-05-12 08:39:07,33.687
2026-05-12 08:40:55,33.187
2026-05-12 08:42:55,32.687
2026-05-12 08:44:44,32.187
2026-05-12 08:47:05,31.625
2026-05-12 08:49:05,31.125
2026-05-12 08:51:05,30.625
2026-05-12 08:53:26,30.125
2026-05-12 08:55:48,29.625
2026-05-12 08:58:09,29.125
2026-05-12 09:00:41,28.625
2026-05-12 09:03:25,28.125
2026-05-12 09:06:08,27.625
2026-05-12 09:09:24,27.125
2026-05-12 09:12:40,26.625
2026-05-12 09:16:17,26.125
2026-05-12 09:20:06,25.625
2026-05-12 09:24:27,25.125
2026-05-12 09:29:10,24.625
2026-05-12 09:34:25,24.125
2026-05-12 09:40:14,23.625
2026-05-12 09:46:34,23.125
2026-05-12 09:54:33,22.625
2026-05-12 10:04:21,22.125
2026-05-12 10:16:41,21.625
2026-05-12 10:40:26,22.125
2026-05-12 11:14:00,21.625
2026-05-12 11:38:07,21.125
2026-05-12 12:08:24,20.625
2026-05-12 12:24:22,21.125
2026-05-12 12:38:09,21.625
2026-05-12 13:21:52,21.125
2026-05-12 13:53:36,20.625
2026-05-12 14:33:08,21.125
2026-05-12 16:05:49,20.625
2026-05-12 16:29:23,21.125
2026-05-12 18:01:32,20.625
2026-05-12 18:18:24,21.125
2026-05-12 18:30:34,21.625
2026-05-12 19:11:11,21.125
2026-05-12 19:23:20,21.625
2026-05-12 20:21:00,21.125
2026-05-12 22:52:38,20.625
2026-05-12 23:35:38,21.125
2026-05-13 00:28:46,20.625
2026-05-13 00:55:48,20.125
2026-05-13 01:42:24,20.625
2026-05-13 02:51:20,20.125
2026-05-13 03:27:36,19.625
2026-05-13 04:02:15,20.125
2026-05-13 04:12:35,20.625
2026-05-13 04:41:03,25.125
2026-05-13 04:41:14,29.375
2026-05-13 04:41:36,28.75
2026-05-13 04:41:57,29.312
2026-05-13 04:42:08,30.062
2026-05-13 04:42:19,31.062
2026-05-13 04:42:30,32.062
2026-05-13 04:42:41,32.687
2026-05-13 04:43:03,33.5
2026-05-13 04:43:24,34.062
2026-05-13 04:43:57,34.562
2026-05-13 04:44:41,35.062
2026-05-13 04:46:19,35.562
2026-05-13 04:47:46,36.125
2026-05-13 06:54:21,35.625
2026-05-13 06:55:48,35.125
2026-05-13 06:57:26,34.625
2026-05-13 06:57:59,35.625
2026-05-13 06:58:10,41.125
2026-05-13 06:58:21,44.0
2026-05-13 06:58:32,42.0
2026-05-13 06:58:42,38.5
2026-05-13 06:58:53,35.312
2026-05-13 06:59:04,32.937
2026-05-13 06:59:15,31.0
2026-05-13 06:59:26,29.562
2026-05-13 06:59:37,28.5
2026-05-13 06:59:48,27.687
2026-05-13 06:59:59,27.0
2026-05-13 07:00:10,26.5
2026-05-13 07:00:31,25.75
2026-05-13 07:00:53,25.25
2026-05-13 07:01:37,24.625
2026-05-13 07:02:20,25.25
2026-05-13 07:02:31,27.062
2026-05-13 07:02:42,28.812
2026-05-13 07:02:53,30.312
2026-05-13 07:03:04,31.5
2026-05-13 07:03:14,32.312
2026-05-13 07:03:25,32.875
2026-05-13 07:03:36,33.375
2026-05-13 07:03:58,34.0
2026-05-13 07:04:31,34.5
2026-05-13 07:05:25,35.0
2026-05-13 07:07:57,35.562
2026-05-13 07:09:03,36.062
2026-05-13 07:19:45,35.562
2026-05-13 08:07:16,36.125
2026-05-13 08:08:43,36.687
2026-05-13 08:10:32,36.187
2026-05-13 08:34:06,36.687
2026-05-13 08:37:22,36.187
2026-05-13 08:41:00,36.687
2026-05-13 08:44:16,36.187
2026-05-13 08:45:21,35.375
2026-05-13 08:45:32,34.187
2026-05-13 08:45:43,33.187
2026-05-13 08:45:54,32.437
2026-05-13 08:46:15,31.562
2026-05-13 08:46:37,31.0
2026-05-13 08:47:10,30.5
2026-05-13 08:48:15,29.937
2026-05-13 08:49:53,29.437
2026-05-13 08:51:42,28.937
2026-05-13 08:54:58,28.437
2026-05-13 08:58:03,27.937
2026-05-13 09:00:57,27.437
2026-05-13 09:05:18,26.937
2026-05-13 09:09:40,26.437
2026-05-13 09:14:22,25.937
2026-05-13 09:19:05,25.437
2026-05-13 09:24:21,24.937
2026-05-13 09:29:58,24.437
2026-05-13 09:35:46,23.937
2026-05-13 09:43:02,23.437
2026-05-13 09:50:39,22.937
2026-05-13 10:00:05,22.437
2026-05-13 10:10:26,21.937
2026-05-13 10:24:45,21.437
2026-05-13 10:55:03,21.937
2026-05-13 11:29:52,21.437
2026-05-13 11:55:15,20.937
2026-05-13 12:27:32,20.437
2026-05-13 12:38:14,20.937
2026-05-13 12:47:51,21.437
2026-05-13 13:45:21,20.937
2026-05-13 14:21:37,20.437
2026-05-13 14:38:51,20.937
2026-05-13 14:50:27,21.437
2026-05-13 15:40:41,20.937
2026-05-13 16:18:47,20.437
2026-05-13 16:47:26,20.937
2026-05-13 16:56:19,21.437
2026-05-13 17:56:43,20.937
2026-05-13 18:46:57,21.437
2026-05-13 20:02:13,21.937
2026-05-13 20:47:23,21.437
2026-05-13 21:06:37,20.937
2026-05-13 21:28:23,20.437
2026-05-13 21:46:20,20.937
2026-05-13 22:33:40,21.437
2026-05-13 22:45:49,21.937
2026-05-13 23:21:01,21.437
2026-05-13 23:40:36,20.937
2026-05-14 00:02:43,21.437
2026-05-14 00:52:03,20.937
2026-05-14 01:17:16,20.437
2026-05-14 02:11:19,20.937
2026-05-14 03:02:28,20.437
2026-05-14 03:39:50,19.937
2026-05-14 04:24:16,20.437
2026-05-14 04:28:37,21.75
2026-05-14 04:28:48,28.25
2026-05-14 04:28:59,32.437
2026-05-14 04:29:10,31.625
2026-05-14 04:29:20,30.437
2026-05-14 04:30:04,31.5
2026-05-14 04:30:15,32.062
2026-05-14 04:30:37,32.75
2026-05-14 04:31:09,33.312
2026-05-14 04:31:53,33.812
2026-05-14 04:32:58,34.312
2026-05-14 04:34:36,34.812
2026-05-14 04:35:31,35.312
2026-05-14 06:06:23,33.812
2026-05-14 06:06:34,32.625
2026-05-14 06:06:45,31.0
2026-05-14 06:06:56,29.437
2026-05-14 06:07:06,28.25
2026-05-14 06:07:17,27.312
2026-05-14 06:07:28,26.562
2026-05-14 06:07:39,26.0
2026-05-14 06:08:01,25.312
2026-05-14 06:08:23,24.812
2026-05-14 06:08:55,24.312
2026-05-14 06:10:11,23.812
2026-05-14 06:10:33,25.125
2026-05-14 06:10:44,26.937
2026-05-14 06:10:55,28.562
2026-05-14 06:11:06,29.937
2026-05-14 06:11:17,30.937
2026-05-14 06:11:28,31.687
2026-05-14 06:11:38,32.25
2026-05-14 06:12:00,33.0
2026-05-14 06:12:33,33.625
2026-05-14 06:13:27,34.187
2026-05-14 06:15:49,34.687
2026-05-14 06:16:43,35.25
2026-05-14 07:09:30,34.687
2026-05-14 07:11:19,34.187
2026-05-14 07:12:24,35.312
2026-05-14 07:12:35,40.875
2026-05-14 07:12:46,43.5
2026-05-14 07:12:57,41.375
2026-05-14 07:13:08,38.0
2026-05-14 07:13:19,35.0
2026-05-14 07:13:29,32.625
2026-05-14 07:13:40,30.812
2026-05-14 07:13:51,29.437
2026-05-14 07:14:02,28.437
2026-05-14 07:14:13,27.625
2026-05-14 07:14:24,27.0
2026-05-14 07:14:35,26.5
2026-05-14 07:14:56,25.75
2026-05-14 07:15:29,25.125
2026-05-14 07:16:13,24.562
2026-05-14 07:16:45,25.312
2026-05-14 07:16:56,27.125
2026-05-14 07:17:07,28.75
2026-05-14 07:17:18,30.125
2026-05-14 07:17:29,31.062
2026-05-14 07:17:40,31.75
2026-05-14 07:17:51,32.312
2026-05-14 07:18:12,32.937
2026-05-14 07:18:45,33.5
2026-05-14 07:19:39,34.0
2026-05-14 07:22:12,34.5
2026-05-14 07:23:06,35.0
2026-05-14 08:02:17,35.5
2026-05-14 09:00:08,36.0
2026-05-14 09:22:37,36.5
2026-05-14 09:31:52,36.0
2026-05-14 09:33:19,35.5
2026-05-14 09:34:57,35.0
2026-05-14 09:35:52,35.562
2026-05-14 09:36:02,40.625
2026-05-14 09:36:13,44.062
2026-05-14 09:36:24,42.5
2026-05-14 09:36:35,39.25
2026-05-14 09:36:46,36.187
2026-05-14 09:36:57,33.812
2026-05-14 09:37:08,31.937
2026-05-14 09:37:19,30.625
2026-05-14 09:37:29,29.562
2026-05-14 09:37:40,28.687
2026-05-14 09:37:51,28.062
2026-05-14 09:38:02,27.562
2026-05-14 09:38:24,26.875
2026-05-14 09:38:46,26.375
2026-05-14 09:39:18,25.875
2026-05-14 09:40:24,27.937
2026-05-14 09:40:34,29.625
2026-05-14 09:40:45,30.937
2026-05-14 09:40:56,31.937
2026-05-14 09:41:07,32.625
2026-05-14 09:41:18,33.125
2026-05-14 09:41:40,33.875
2026-05-14 09:42:12,34.437
2026-05-14 09:43:07,33.937
2026-05-14 09:45:50,34.562
2026-05-14 09:46:23,33.187
2026-05-14 09:46:34,32.25
2026-05-14 09:46:44,31.562
2026-05-14 09:47:06,30.75
2026-05-14 09:47:39,30.125
2026-05-14 09:48:22,29.625
2026-05-14 09:49:49,29.125
2026-05-14 09:51:38,28.625
2026-05-14 09:54:11,28.125
2026-05-14 09:56:32,27.625
2026-05-14 09:59:26,27.125
2026-05-14 10:02:10,26.625
2026-05-14 10:05:26,26.125
2026-05-14 10:08:52,25.625
2026-05-14 10:12:41,25.125
2026-05-14 10:17:02,24.625
2026-05-14 10:21:34,24.125
2026-05-14 10:27:00,23.625
2026-05-14 10:32:49,23.125
2026-05-14 10:39:42,22.625
2026-05-14 10:47:41,22.125
2026-05-14 11:50:37,21.625
2026-05-14 12:16:01,21.125
2026-05-14 13:06:59,21.625
2026-05-14 14:02:07,21.125
2026-05-14 14:36:02,20.625
2026-05-14 15:05:25,21.125
2026-05-14 15:19:55,21.625
2026-05-14 16:03:16,21.125
2026-05-14 16:40:05,20.625
2026-05-14 17:10:44,21.125
2026-05-14 17:20:43,21.625
2026-05-14 18:29:05,21.125
2026-05-14 19:03:00,21.625
2026-05-14 19:57:57,22.125
2026-05-14 20:33:20,21.625
2026-05-14 20:56:00,21.125
2026-05-14 21:18:30,21.625
2026-05-14 22:10:11,21.125
2026-05-14 22:37:23,20.625
2026-05-14 22:58:36,21.125
2026-05-15 00:03:23,20.625
2026-05-15 00:30:13,20.125
2026-05-15 00:56:41,20.625
2026-05-15 02:18:19,20.125
2026-05-15 03:19:48,20.625
2026-05-15 03:50:38,25.5
2026-05-15 03:50:49,29.75
2026-05-15 03:51:10,29.062
2026-05-15 03:51:43,30.125
2026-05-15 03:51:54,31.062
2026-05-15 03:52:05,31.812
2026-05-15 03:52:27,32.75
2026-05-15 03:52:48,33.375
2026-05-15 03:53:21,33.937
2026-05-15 03:54:26,34.5
2026-05-15 03:56:15,35.062
2026-05-15 03:57:09,35.562
2026-05-15 06:27:52,35.062
2026-05-15 06:29:30,34.562
2026-05-15 06:31:08,34.062
2026-05-15 06:31:52,36.937
2026-05-15 06:32:03,42.375
2026-05-15 06:32:14,43.312
2026-05-15 06:32:25,40.5
2026-05-15 06:32:35,37.125
2026-05-15 06:32:46,34.312
2026-05-15 06:32:57,32.125
2026-05-15 06:33:08,30.5
2026-05-15 06:33:19,29.25
2026-05-15 06:33:30,28.25
2026-05-15 06:33:41,27.5
2026-05-15 06:33:52,26.937
2026-05-15 06:34:13,26.125
2026-05-15 06:34:35,25.562
2026-05-15 06:35:08,25.0
2026-05-15 06:36:13,25.937
2026-05-15 06:36:24,27.687
2026-05-15 06:36:35,29.25
2026-05-15 06:36:46,30.562
2026-05-15 06:36:57,31.5
2026-05-15 06:37:07,32.187
2026-05-15 06:37:18,32.687
2026-05-15 06:37:40,33.312
2026-05-15 06:38:13,33.937
2026-05-15 06:39:18,34.437
2026-05-15 06:41:40,35.0
2026-05-15 06:42:34,35.5
2026-05-15 08:32:40,36.0
2026-05-15 08:47:54,35.5
2026-05-15 08:49:32,35.0
2026-05-15 08:50:48,38.687
2026-05-15 08:50:59,43.5
2026-05-15 08:51:21,40.25
2026-05-15 08:51:32,37.125
2026-05-15 08:51:42,34.5
2026-05-15 08:51:53,32.5
2026-05-15 08:52:04,31.0
2026-05-15 08:52:15,29.875
2026-05-15 08:52:26,29.0
2026-05-15 08:52:37,28.312
2026-05-15 08:52:48,27.75
2026-05-15 08:53:09,27.0
2026-05-15 08:53:31,26.5
2026-05-15 08:54:04,25.937
2026-05-15 08:55:09,27.312
2026-05-15 08:55:20,29.062
2026-05-15 08:55:31,30.5
2026-05-15 08:55:42,31.562
2026-05-15 08:55:53,32.375
2026-05-15 08:56:04,32.937
2026-05-15 08:56:14,33.437
2026-05-15 08:56:36,34.062
2026-05-15 09:01:08,34.625
2026-05-15 09:01:41,35.25
2026-05-15 09:02:35,35.812
2026-05-15 09:41:57,36.312
2026-05-15 10:01:55,35.562
2026-05-15 10:02:05,34.437
2026-05-15 10:02:16,33.5
2026-05-15 10:02:27,32.875
2026-05-15 10:02:38,32.375
2026-05-15 10:03:00,31.75
2026-05-15 10:03:32,31.187
2026-05-15 10:04:27,30.687
2026-05-15 10:05:54,30.187
2026-05-15 10:07:43,29.687
2026-05-15 10:09:43,29.187
2026-05-15 10:11:53,28.687
2026-05-15 10:14:15,28.187
2026-05-15 10:16:47,27.687
2026-05-15 10:19:19,27.187
2026-05-15 10:22:13,26.687
2026-05-15 10:25:18,26.187
2026-05-15 10:28:45,25.687
2026-05-15 10:32:12,25.187
2026-05-15 10:39:16,24.687
2026-05-15 10:51:36,24.187
2026-05-15 11:02:18,23.687
2026-05-15 11:12:17,23.187
2026-05-15 11:23:21,22.687
2026-05-15 11:35:19,22.187
2026-05-15 11:48:55,21.687
2026-05-15 12:07:14,21.187
2026-05-15 12:50:46,21.687
2026-05-15 13:41:54,21.187
2026-05-15 14:14:55,20.687
2026-05-15 14:48:50,21.187
2026-05-15 16:35:07,20.687
2026-05-15 16:49:05,21.187
2026-05-15 16:58:09,21.687
2026-05-15 17:54:44,21.187
2026-05-15 18:39:21,21.687
2026-05-15 18:56:56,22.187
2026-05-15 19:37:12,21.687
2026-05-15 20:24:11,22.187
2026-05-15 20:54:18,21.687
2026-05-15 21:16:36,21.187
2026-05-15 21:42:22,20.687
2026-05-15 21:57:03,21.187
2026-05-15 22:11:01,21.687
2026-05-15 22:25:21,22.187
2026-05-15 23:10:30,21.687
2026-05-15 23:31:00,22.187
2026-05-16 00:06:01,21.687
2026-05-16 00:24:31,21.187
2026-05-16 00:46:27,20.687
2026-05-16 01:19:28,21.187
2026-05-16 02:18:13,20.687
2026-05-16 02:47:36,20.187
2026-05-16 03:12:27,21.937
2026-05-16 03:12:38,25.562
2026-05-16 03:12:49,26.75
2026-05-16 03:13:11,25.937
2026-05-16 03:14:05,25.437
2026-05-16 03:16:38,26.562
2026-05-16 03:16:48,33.625
2026-05-16 03:16:59,38.062
2026-05-16 03:17:10,36.812
2026-05-16 03:17:21,33.875
2026-05-16 03:17:32,31.125
2026-05-16 03:17:43,29.0
2026-05-16 03:17:54,27.437
2026-05-16 03:18:05,26.312
2026-05-16 03:18:15,25.437
2026-05-16 03:18:26,24.812
2026-05-16 03:18:37,24.312
2026-05-16 03:18:59,23.625
2026-05-16 03:19:21,23.125
2026-05-16 03:20:04,22.625
2026-05-16 03:20:59,23.25
2026-05-16 03:21:10,25.062
2026-05-16 03:21:20,26.812
2026-05-16 03:21:31,28.437
2026-05-16 03:21:42,29.812
2026-05-16 03:21:53,30.75
2026-05-16 03:22:04,31.5
2026-05-16 03:22:15,32.0
2026-05-16 03:22:37,32.75
2026-05-16 03:22:58,33.25
2026-05-16 03:23:42,33.812
2026-05-16 03:25:09,34.312
2026-05-16 03:26:36,34.812
2026-05-16 03:27:30,35.312
2026-05-16 06:33:47,35.812
2026-05-16 06:44:18,35.312
2026-05-16 06:45:56,34.812
2026-05-16 06:46:50,39.75
2026-05-16 06:47:01,44.0
2026-05-16 06:47:12,43.062
2026-05-16 06:47:23,39.75
2026-05-16 06:47:34,36.625
2026-05-16 06:47:45,34.062
2026-05-16 06:47:55,32.125
2026-05-16 06:48:06,30.687
2026-05-16 06:48:17,29.5
2026-05-16 06:48:28,28.687
2026-05-16 06:48:39,28.0
2026-05-16 06:48:50,27.437
2026-05-16 06:49:12,26.687
2026-05-16 06:49:33,26.187
2026-05-16 06:50:17,25.562
2026-05-16 06:51:11,27.312
2026-05-16 06:51:22,29.062
2026-05-16 06:51:33,30.437
2026-05-16 06:51:44,31.5
2026-05-16 06:51:55,32.25
2026-05-16 06:52:06,32.812
2026-05-16 06:52:27,33.625
2026-05-16 06:53:00,34.187
2026-05-16 06:56:38,34.687
2026-05-16 06:57:32,35.25
2026-05-16 06:58:26,35.75
2026-05-16 07:15:41,36.25
2026-05-16 07:38:21,35.437
2026-05-16 07:38:32,34.25
2026-05-16 07:38:43,33.312
2026-05-16 07:38:54,32.687
2026-05-16 07:39:05,32.187
2026-05-16 07:39:27,31.562
2026-05-16 07:39:59,31.0
2026-05-16 07:40:43,30.5
2026-05-16 07:42:10,30.0
2026-05-16 07:43:59,29.5
2026-05-16 07:45:58,29.0
2026-05-16 07:48:20,28.5
2026-05-16 07:50:52,28.0
2026-05-16 07:53:14,27.5
2026-05-16 07:55:57,27.0
2026-05-16 07:59:02,26.5
2026-05-16 08:01:56,26.0
2026-05-16 08:05:23,25.5
2026-05-16 08:08:50,25.0
2026-05-16 08:13:00,24.5
2026-05-16 08:17:43,24.0
2026-05-16 08:33:40,23.5
2026-05-16 08:49:27,23.0
2026-05-16 09:01:14,22.5
2026-05-16 09:13:56,22.0
2026-05-16 09:27:22,21.5
2026-05-16 09:43:19,21.0
2026-05-16 10:06:43,21.5
2026-05-16 10:50:37,21.0
2026-05-16 11:13:06,20.5
2026-05-16 11:18:22,21.0
2026-05-16 11:33:58,21.5
2026-05-16 12:07:20,21.0
2026-05-16 12:30:12,20.5
2026-05-16 12:37:07,21.0
2026-05-16 12:53:48,21.5
2026-05-16 13:32:27,21.0
2026-05-16 13:58:55,20.5
2026-05-16 14:14:53,21.0
2026-05-16 14:27:02,21.5
2026-05-16 15:05:40,21.0
2026-05-16 15:38:30,20.5
2026-05-16 15:56:38,21.0
2026-05-16 16:06:58,21.5
2026-05-16 16:57:34,21.0
2026-05-16 17:21:53,20.5
2026-05-16 17:42:22,21.0
2026-05-16 18:53:28,20.5
2026-05-16 19:11:14,21.0
2026-05-16 19:14:19,21.5
2026-05-16 19:16:52,22.0
2026-05-16 19:19:13,22.5
2026-05-16 19:29:01,23.0
2026-05-16 19:57:40,23.5
2026-05-16 20:01:29,24.0
2026-05-16 20:06:23,24.5
2026-05-16 20:10:55,25.0
2026-05-16 20:11:49,25.5
2026-05-16 20:40:51,25.0
2026-05-16 20:51:33,24.5
2026-05-16 21:03:52,24.0
2026-05-16 21:17:07,24.5
2026-05-16 21:18:23,25.0
2026-05-16 21:50:40,24.5
2026-05-16 22:02:49,24.0
2026-05-16 22:08:26,24.5
2026-05-16 22:14:04,25.0
2026-05-16 22:18:25,25.562
2026-05-16 22:19:30,26.062
2026-05-16 22:22:03,25.562
2026-05-16 22:49:47,25.062
2026-05-16 22:58:52,24.562
2026-05-16 23:11:01,24.062
2026-05-16 23:28:25,24.562
2026-05-16 23:29:42,25.125
2026-05-16 23:33:30,25.687
2026-05-16 23:34:25,26.187
2026-05-16 23:57:05,25.687
2026-05-17 00:07:47,25.187
2026-05-17 00:17:24,24.687
2026-05-17 00:28:38,24.187
2026-05-17 00:45:19,24.687
2026-05-17 00:46:36,25.187
2026-05-17 00:50:57,25.75
2026-05-17 00:52:02,26.25
2026-05-17 00:54:02,25.75
2026-05-17 01:21:14,25.25
2026-05-17 01:30:51,24.75
2026-05-17 01:41:22,24.25
2026-05-17 01:52:58,23.75
2026-05-17 01:57:19,24.25
2026-05-17 02:03:08,24.75
2026-05-17 02:07:18,25.375
2026-05-17 02:08:12,25.875
2026-05-17 02:33:03,25.375
2026-05-17 02:43:02,24.875
2026-05-17 02:53:11,24.375
2026-05-17 03:03:54,23.875
2026-05-17 03:20:13,24.375
2026-05-17 03:21:29,24.875
2026-05-17 03:25:29,25.437
2026-05-17 03:26:34,25.937
2026-05-17 03:49:25,25.437
2026-05-17 03:59:56,24.937
2026-05-17 04:10:49,24.437
2026-05-17 04:22:04,23.937
2026-05-17 04:32:24,24.437
2026-05-17 04:36:34,24.937
2026-05-17 04:40:45,25.5
2026-05-17 04:41:39,26.0
2026-05-17 04:49:49,27.062
2026-05-17 04:49:59,33.75
2026-05-17 04:50:10,37.5
2026-05-17 04:50:21,36.062
2026-05-17 04:50:32,34.187
2026-05-17 04:50:43,33.5
2026-05-17 04:51:48,34.0
2026-05-17 04:52:43,34.562
2026-05-17 04:54:10,35.062
2026-05-17 04:55:48,35.562
2026-05-17 04:56:42,36.125
2026-05-17 05:04:19,35.25
2026-05-17 05:04:30,34.062
2026-05-17 05:04:41,32.562
2026-05-17 05:04:52,30.687
2026-05-17 05:05:03,29.125
2026-05-17 05:05:14,27.875
2026-05-17 05:05:24,26.937
2026-05-17 05:05:35,26.25
2026-05-17 05:05:46,25.687
2026-05-17 05:06:08,24.937
2026-05-17 05:06:41,24.312
2026-05-17 05:07:24,23.75
2026-05-17 05:08:19,23.25
2026-05-17 05:08:40,25.125
2026-05-17 05:08:51,26.812
2026-05-17 05:09:02,28.312
2026-05-17 05:09:13,29.75
2026-05-17 05:09:24,31.0
2026-05-17 05:09:35,31.875
2026-05-17 05:09:46,32.562
2026-05-17 05:09:56,33.125
2026-05-17 05:10:18,33.812
2026-05-17 05:10:51,34.437
2026-05-17 05:11:35,34.937
2026-05-17 05:12:51,35.437
2026-05-17 05:14:18,35.937
2026-05-17 05:44:13,35.437
2026-05-17 05:45:51,34.937
2026-05-17 05:47:51,34.437
2026-05-17 05:48:12,37.5
2026-05-17 05:48:23,43.0
2026-05-17 05:48:45,40.312
2026-05-17 05:48:56,36.812
2026-05-17 05:49:07,33.812
2026-05-17 05:49:18,31.562
2026-05-17 05:49:29,29.875
2026-05-17 05:49:39,28.5
2026-05-17 05:49:50,27.5
2026-05-17 05:50:01,26.75
2026-05-17 05:50:12,26.125
2026-05-17 05:50:23,25.625
2026-05-17 05:50:45,24.937
2026-05-17 05:51:07,24.437
2026-05-17 05:51:50,23.937
2026-05-17 05:53:17,29.062
2026-05-17 05:53:28,37.25
2026-05-17 05:53:39,39.0
2026-05-17 05:53:50,36.625
2026-05-17 05:54:01,33.687
2026-05-17 05:54:12,31.25
2026-05-17 05:54:22,29.375
2026-05-17 05:54:33,27.937
2026-05-17 05:54:44,26.937
2026-05-17 05:54:55,26.125
2026-05-17 05:55:06,25.5
2026-05-17 05:55:28,24.687
2026-05-17 05:55:50,24.187
2026-05-17 05:56:33,23.625
2026-05-17 05:57:38,24.937
2026-05-17 05:57:49,26.75
2026-05-17 05:58:00,28.375
2026-05-17 05:58:11,29.812
2026-05-17 05:58:22,31.0
2026-05-17 05:58:33,31.875
2026-05-17 05:58:44,32.5
2026-05-17 05:58:54,33.0
2026-05-17 05:59:16,33.687
2026-05-17 05:59:49,34.25
2026-05-17 06:00:43,34.812
2026-05-17 06:02:43,35.312
2026-05-17 06:03:38,35.875
2026-05-17 06:36:49,35.375
2026-05-17 06:38:27,34.875
2026-05-17 06:40:27,34.375
2026-05-17 06:41:10,35.187
2026-05-17 06:41:21,40.937
2026-05-17 06:41:32,44.0
2026-05-17 06:41:43,41.875
2026-05-17 06:41:54,38.375
2026-05-17 06:42:05,35.25
2026-05-17 06:42:15,32.75
2026-05-17 06:42:26,30.875
2026-05-17 06:42:37,29.437
2026-05-17 06:42:48,28.375
2026-05-17 06:42:59,27.5
2026-05-17 06:43:10,26.812
2026-05-17 06:43:21,26.312
2026-05-17 06:43:43,25.562
2026-05-17 06:44:04,25.062
2026-05-17 06:44:37,24.562
2026-05-17 06:46:04,24.062
2026-05-17 06:46:37,27.875
2026-05-17 06:46:47,35.562
2026-05-17 06:46:58,37.937
2026-05-17 06:47:09,36.062
2026-05-17 06:47:20,33.5
2026-05-17 06:47:31,31.187
2026-05-17 06:47:42,29.437
2026-05-17 06:47:53,28.187
2026-05-17 06:48:04,27.187
2026-05-17 06:48:14,26.437
2026-05-17 06:48:25,25.875
2026-05-17 06:48:47,25.125
2026-05-17 06:49:20,24.5
2026-05-17 06:50:03,24.0
2026-05-17 06:50:58,25.187
2026-05-17 06:51:09,27.062
2026-05-17 06:51:19,28.625
2026-05-17 06:51:30,30.125
2026-05-17 06:51:41,31.125
2026-05-17 06:51:52,31.875
2026-05-17 06:52:03,32.5
2026-05-17 06:52:25,33.25
2026-05-17 06:52:46,33.75
2026-05-17 06:53:19,34.25
2026-05-17 06:54:35,34.75
2026-05-17 06:56:24,35.25
2026-05-17 06:57:19,35.75
2026-05-17 07:08:55,35.25
2026-05-17 07:26:31,34.75
2026-05-17 07:28:19,34.25
2026-05-17 07:30:41,39.75
2026-05-17 07:30:52,43.687
2026-05-17 07:31:03,42.125
2026-05-17 07:31:14,38.812
2026-05-17 07:31:25,35.625
2026-05-17 07:31:35,33.187
2026-05-17 07:31:46,31.25
2026-05-17 07:31:57,29.812
2026-05-17 07:32:08,28.75
2026-05-17 07:32:19,27.875
2026-05-17 07:32:30,27.25
2026-05-17 07:32:41,26.687
2026-05-17 07:33:02,25.937
2026-05-17 07:33:24,25.437
2026-05-17 07:34:08,24.812
2026-05-17 07:35:57,31.687
2026-05-17 07:36:07,37.562
2026-05-17 07:36:29,35.125
2026-05-17 07:36:40,32.625
2026-05-17 07:36:51,30.625
2026-05-17 07:37:02,29.125
2026-05-17 07:37:13,28.0
2026-05-17 07:37:24,27.187
2026-05-17 07:37:34,26.5
2026-05-17 07:37:56,25.687
2026-05-17 07:38:18,25.125
2026-05-17 07:39:02,24.562
2026-05-17 07:40:18,26.5
2026-05-17 07:40:29,28.187
2026-05-17 07:40:40,29.625
2026-05-17 07:40:50,30.812
2026-05-17 07:41:01,31.562
2026-05-17 07:41:23,32.562
2026-05-17 07:41:45,33.125
2026-05-17 07:42:17,33.687
2026-05-17 07:43:12,34.187
2026-05-17 07:45:22,34.687
2026-05-17 07:46:28,35.187
2026-05-17 08:14:46,34.687
2026-05-17 08:16:46,34.187
2026-05-17 08:18:13,34.812
2026-05-17 08:18:24,40.625
2026-05-17 08:18:35,43.812
2026-05-17 08:18:46,41.875
2026-05-17 08:18:57,38.5
2026-05-17 08:19:07,35.5
2026-05-17 08:19:18,33.125
2026-05-17 08:19:29,31.312
2026-05-17 08:19:40,29.937
2026-05-17 08:19:51,28.875
2026-05-17 08:20:02,28.062
2026-05-17 08:20:13,27.437
2026-05-17 08:20:24,26.937
2026-05-17 08:20:45,26.187
2026-05-17 08:21:18,25.562
2026-05-17 08:22:02,25.062
2026-05-17 08:23:18,27.25
2026-05-17 08:23:29,35.875
2026-05-17 08:23:39,40.0
2026-05-17 08:23:50,38.562
2026-05-17 08:24:01,35.687
2026-05-17 08:24:12,33.062
2026-05-17 08:24:23,31.062
2026-05-17 08:24:34,29.562
2026-05-17 08:24:45,28.437
2026-05-17 08:24:56,27.562
2026-05-17 08:25:07,26.937
2026-05-17 08:25:17,26.437
2026-05-17 08:25:39,25.75
2026-05-17 08:26:12,25.187
2026-05-17 08:27:06,24.687
2026-05-17 08:27:39,25.562
2026-05-17 08:27:50,27.437
2026-05-17 08:28:01,29.125
2026-05-17 08:28:11,30.312
2026-05-17 08:28:22,31.187
2026-05-17 08:28:33,31.812
2026-05-17 08:28:44,32.375
2026-05-17 08:29:06,33.062
2026-05-17 08:29:38,33.625
2026-05-17 08:31:49,34.125
2026-05-17 08:33:27,34.625
2026-05-17 08:34:32,35.125
2026-05-17 09:03:33,34.625
2026-05-17 09:05:33,34.125
2026-05-17 09:07:44,36.375
2026-05-17 09:07:55,42.312
2026-05-17 09:08:06,44.812
2026-05-17 09:08:16,45.562
2026-05-17 09:08:38,46.125
2026-05-17 09:11:43,45.625
2026-05-17 09:12:48,45.062
2026-05-17 09:13:43,44.562
2026-05-17 09:14:26,44.062
2026-05-17 09:15:10,43.562
2026-05-17 09:16:15,43.0
2026-05-17 09:17:31,42.5
2026-05-17 09:19:09,41.937
2026-05-17 09:20:04,41.375
2026-05-17 09:21:09,40.875
2026-05-17 09:22:14,40.375
2026-05-17 09:25:08,39.812
2026-05-17 09:26:03,39.312
2026-05-17 09:27:08,38.812
2026-05-17 09:28:35,38.312
2026-05-17 09:30:02,37.812
2026-05-17 09:31:29,37.312
2026-05-17 09:33:07,36.812
2026-05-17 09:34:45,36.312
2026-05-17 09:36:12,35.812
2026-05-17 09:38:01,35.312
2026-05-17 09:39:39,34.812
2026-05-17 09:41:28,34.312
2026-05-17 09:43:16,33.812
2026-05-17 09:45:05,33.312
2026-05-17 09:47:05,32.812
2026-05-17 09:49:05,32.312
2026-05-17 09:51:37,31.75
2026-05-17 09:53:48,31.25
2026-05-17 09:56:09,30.75
2026-05-17 09:58:41,30.25
2026-05-17 10:01:25,29.75
2026-05-17 10:04:19,29.25
2026-05-17 10:07:24,28.75
2026-05-17 10:10:40,28.25
2026-05-17 10:14:17,27.75
2026-05-17 10:18:17,27.25
2026-05-17 10:22:27,26.75
2026-05-17 10:27:21,26.25
2026-05-17 10:42:02,26.75
2026-05-17 10:58:32,26.25
2026-05-17 11:07:58,25.75
2026-05-17 11:17:35,25.25
2026-05-17 11:26:07,24.75
2026-05-17 11:42:15,25.25
2026-05-17 11:43:31,25.75
2026-05-17 11:47:31,26.25
2026-05-17 11:48:25,26.75
2026-05-17 12:06:34,26.25
2026-05-17 12:15:05,25.75
2026-05-17 12:23:15,25.25
2026-05-17 12:31:14,24.75
2026-05-17 12:41:34,24.25
2026-05-17 12:59:53,23.75
2026-05-17 13:08:03,23.25
2026-05-17 13:18:35,22.75
2026-05-17 13:31:38,22.25
2026-05-17 13:51:24,22.75
2026-05-17 14:20:14,22.25
2026-05-17 14:35:28,21.75
2026-05-17 14:50:21,21.25
2026-05-17 15:09:34,20.75
2026-05-17 15:21:43,21.25
2026-05-17 16:20:18,20.75
2026-05-17 16:41:42,20.25
2026-05-17 17:05:50,20.75
2026-05-17 17:56:26,25.312
2026-05-17 17:56:37,29.0
2026-05-17 17:56:58,28.375
2026-05-17 17:57:20,29.375
2026-05-17 17:57:31,30.0
2026-05-17 17:57:53,30.812
2026-05-17 17:58:14,31.312
2026-05-17 17:58:58,31.937
2026-05-17 18:00:15,32.5
2026-05-17 18:02:15,33.0
2026-05-17 18:02:58,33.5
2026-05-17 18:41:04,34.0
2026-05-17 19:06:27,33.5
2026-05-17 19:08:38,36.875
2026-05-17 19:08:49,42.0
2026-05-17 19:09:11,38.75
2026-05-17 19:09:21,35.5
2026-05-17 19:09:32,32.937
2026-05-17 19:09:43,30.937
2026-05-17 19:09:54,29.437
2026-05-17 19:10:05,28.25
2026-05-17 19:10:16,27.375
2026-05-17 19:10:27,26.75
2026-05-17 19:10:38,26.187
2026-05-17 19:10:59,25.437
2026-05-17 19:11:21,24.937
2026-05-17 19:11:54,24.437
2026-05-17 19:12:59,25.812
2026-05-17 19:13:10,27.5
2026-05-17 19:13:21,28.875
2026-05-17 19:13:32,29.937
2026-05-17 19:13:43,30.75
2026-05-17 19:13:53,31.25
2026-05-17 19:14:15,31.937
2026-05-17 19:14:48,32.562
2026-05-17 19:15:42,33.062
2026-05-17 19:18:15,33.562
2026-05-17 19:19:31,34.062
2026-05-17 20:02:52,34.562
2026-05-17 20:31:20,34.062
2026-05-17 20:33:09,33.562
2026-05-17 20:33:42,34.562
2026-05-17 20:33:53,40.0
2026-05-17 20:34:04,42.562
2026-05-17 20:34:14,40.5
2026-05-17 20:34:25,37.312
2026-05-17 20:34:36,34.437
2026-05-17 20:34:47,32.25
2026-05-17 20:34:58,30.562
2026-05-17 20:35:09,29.25
2026-05-17 20:35:20,28.312
2026-05-17 20:35:31,27.562
2026-05-17 20:35:41,26.937
2026-05-17 20:36:03,26.125
2026-05-17 20:36:25,25.625
2026-05-17 20:36:58,25.062
2026-05-17 20:38:14,27.125
2026-05-17 20:38:25,28.75
2026-05-17 20:38:36,30.062
2026-05-17 20:38:46,30.937
2026-05-17 20:38:57,31.625
2026-05-17 20:39:08,32.125
2026-05-17 20:39:30,32.812
2026-05-17 20:40:03,33.312
2026-05-17 20:41:30,33.812
2026-05-17 20:43:51,34.375
2026-05-17 20:45:07,34.875
2026-05-17 21:37:22,35.375
2026-05-17 22:00:46,34.625
2026-05-17 22:00:57,33.437
2026-05-17 22:01:07,32.5
2026-05-17 22:01:18,31.875
2026-05-17 22:01:29,31.375
2026-05-17 22:01:51,30.812
2026-05-17 22:02:24,30.25
2026-05-17 22:03:18,29.75
2026-05-17 22:04:45,29.25
2026-05-17 22:06:34,28.75
2026-05-17 22:08:44,28.25
2026-05-17 22:10:55,27.75
2026-05-17 22:13:38,27.25
2026-05-17 22:16:11,26.75
2026-05-17 22:18:54,26.25
2026-05-17 22:24:20,25.75
2026-05-17 22:29:25,25.25
2026-05-17 22:37:35,24.75
2026-05-17 22:44:39,24.25
2026-05-17 22:51:33,23.75
2026-05-17 22:59:10,23.25
2026-05-17 23:07:41,22.75
2026-05-17 23:16:02,22.25
2026-05-17 23:25:28,21.75
2026-05-18 00:27:18,21.25
2026-05-18 00:44:32,20.75
2026-05-18 01:03:34,20.25
2026-05-18 01:28:58,19.75
2026-05-18 01:44:12,20.25
2026-05-18 01:56:32,20.75
2026-05-18 02:35:43,20.25
2026-05-18 03:00:44,21.625
2026-05-18 03:00:55,26.125
2026-05-18 03:01:06,27.812
2026-05-18 03:01:39,28.937
2026-05-18 03:01:50,29.937
2026-05-18 03:02:01,31.062
2026-05-18 03:02:12,31.875
2026-05-18 03:02:22,32.5
2026-05-18 03:02:44,33.312
2026-05-18 03:03:06,33.812
2026-05-18 03:03:39,34.312
2026-05-18 03:04:33,34.812
2026-05-18 03:06:22,35.312
2026-05-18 03:07:16,35.875
2026-05-18 04:46:07,35.375
2026-05-18 04:47:45,34.875
2026-05-18 04:47:56,35.375
2026-05-18 04:48:07,40.5
2026-05-18 04:48:18,44.062
2026-05-18 04:48:29,42.437
2026-05-18 04:48:39,39.125
2026-05-18 04:48:50,36.0
2026-05-18 04:49:01,33.562
2026-05-18 04:49:12,31.687
2026-05-18 04:49:23,30.25
2026-05-18 04:49:34,29.187
2026-05-18 04:49:45,28.375
2026-05-18 04:49:56,27.75
2026-05-18 04:50:07,27.25
2026-05-18 04:50:28,26.562
2026-05-18 04:50:50,26.062
2026-05-18 04:51:34,25.5
2026-05-18 04:52:28,27.562
2026-05-18 04:52:39,29.25
2026-05-18 04:52:50,30.75
2026-05-18 04:53:01,31.875
2026-05-18 04:53:12,32.625
2026-05-18 04:53:22,33.25
2026-05-18 04:53:44,34.062
2026-05-18 04:54:17,34.687
2026-05-18 04:55:00,35.187
2026-05-18 04:57:11,35.687
2026-05-18 04:58:27,36.312
2026-05-18 06:50:11,34.937
2026-05-18 06:50:21,33.875
2026-05-18 06:50:32,33.125
2026-05-18 06:50:43,32.625
2026-05-18 06:51:05,31.875
2026-05-18 06:51:38,31.25
2026-05-18 06:52:21,30.75
2026-05-18 06:53:48,30.25
2026-05-18 06:55:26,29.75
2026-05-18 06:57:15,29.25
2026-05-18 06:59:26,28.75
2026-05-18 07:01:37,28.25
2026-05-18 07:03:58,27.75
2026-05-18 07:06:20,27.25
2026-05-18 07:09:03,26.75
2026-05-18 07:13:57,26.25
2026-05-18 07:18:18,25.75
2026-05-18 07:25:22,25.25
2026-05-18 07:31:54,24.75
2026-05-18 07:37:20,24.25
2026-05-18 07:43:19,23.75
2026-05-18 07:50:35,23.25
2026-05-18 07:58:01,22.75
2026-05-18 08:06:54,22.25
2026-05-18 08:16:42,21.75
2026-05-18 08:28:29,21.25
2026-05-18 08:44:27,20.75
2026-05-18 09:05:07,20.25
2026-05-18 09:17:38,20.75
2026-05-18 09:30:52,21.25
2026-05-18 10:16:46,20.75
2026-05-18 10:56:07,20.25
2026-05-18 11:14:59,20.75
2026-05-18 11:24:03,21.25
2026-05-18 12:25:54,20.75
2026-05-18 13:22:51,21.25
2026-05-18 14:32:30,20.75
2026-05-18 15:13:07,20.25
2026-05-18 15:26:22,20.75
2026-05-18 15:35:04,21.25
2026-05-18 17:21:21,20.75
2026-05-18 17:30:15,21.25
2026-05-18 17:39:51,21.75
2026-05-18 19:08:11,21.25
2026-05-18 19:27:46,21.75
2026-05-18 19:36:29,22.25
2026-05-18 20:15:50,21.75
2026-05-18 20:43:25,22.25
2026-05-18 21:17:52,21.75
2026-05-18 22:38:13,21.25
2026-05-18 22:58:21,20.75
2026-05-18 23:12:41,21.25
2026-05-19 00:16:32,20.75
2026-05-19 00:42:28,20.25
2026-05-19 01:24:11,20.75
2026-05-19 02:33:39,20.25
2026-05-19 03:09:01,19.75
2026-05-19 03:43:17,20.25
2026-05-19 03:55:48,20.75
2026-05-19 04:47:51,22.062
2026-05-19 04:48:02,26.75
2026-05-19 04:48:13,28.625
2026-05-19 04:48:24,28.125
2026-05-19 04:48:46,28.812
2026-05-19 04:48:56,29.625
2026-05-19 04:49:07,30.625
2026-05-19 04:49:18,31.562
2026-05-19 04:49:29,32.25
2026-05-19 04:49:40,32.75
2026-05-19 04:50:02,33.437
2026-05-19 04:50:24,33.937
2026-05-19 04:51:07,34.5
2026-05-19 04:52:23,35.0
2026-05-19 04:54:01,35.562
2026-05-19 04:55:07,36.062
2026-05-19 05:44:59,35.562
2026-05-19 06:46:39,35.062
2026-05-19 06:48:17,34.562
2026-05-19 06:49:55,34.062
2026-05-19 06:50:06,36.187
2026-05-19 06:50:17,42.0
2026-05-19 06:50:27,43.625
2026-05-19 06:50:38,41.0
2026-05-19 06:50:49,37.562
2026-05-19 06:51:00,34.625
2026-05-19 06:51:11,32.375
2026-05-19 06:51:22,30.687
2026-05-19 06:51:33,29.375
2026-05-19 06:51:44,28.375
2026-05-19 06:51:54,27.562
2026-05-19 06:52:05,27.0
2026-05-19 06:52:16,26.5
2026-05-19 06:52:38,25.875
2026-05-19 06:53:00,25.375
2026-05-19 06:53:43,24.812
2026-05-19 06:54:27,25.75
2026-05-19 06:54:38,27.562
2026-05-19 06:54:48,29.125
2026-05-19 06:54:59,30.5
2026-05-19 06:55:10,31.437
2026-05-19 06:55:21,32.125
2026-05-19 06:55:43,33.0
2026-05-19 06:56:05,33.562
2026-05-19 06:56:48,34.125
2026-05-19 06:58:48,34.625
2026-05-19 07:00:27,35.125
2026-05-19 07:46:20,35.625
2026-05-19 08:26:57,36.125
2026-05-19 08:27:30,35.375
2026-05-19 08:27:41,34.125
2026-05-19 08:27:52,33.125
2026-05-19 08:28:02,32.5
2026-05-19 08:28:13,31.937
2026-05-19 08:28:35,31.312
2026-05-19 08:29:08,30.687
2026-05-19 08:30:02,30.187
2026-05-19 08:31:18,29.687
2026-05-19 08:33:07,29.187
2026-05-19 08:35:18,28.687
2026-05-19 08:37:28,28.187
2026-05-19 08:40:01,27.687
2026-05-19 08:42:33,27.187
2026-05-19 08:45:16,26.687
2026-05-19 08:48:32,26.187
2026-05-19 08:53:15,25.687
2026-05-19 08:59:58,25.187
2026-05-19 09:07:46,24.687
2026-05-19 09:15:34,24.187
2026-05-19 09:23:22,23.687
2026-05-19 09:31:31,23.187
2026-05-19 09:41:08,22.687
2026-05-19 09:51:39,22.187
2026-05-19 10:04:54,21.687
2026-05-19 10:21:56,21.187
2026-05-19 10:58:56,21.687
2026-05-19 11:52:27,21.187
2026-05-19 12:30:11,20.687
2026-05-19 12:42:53,21.187
2026-05-19 12:53:02,21.687
2026-05-19 13:46:43,21.187
2026-05-19 14:19:33,20.687
2026-05-19 14:51:17,21.187
2026-05-19 16:29:25,20.687
2026-05-19 16:54:15,21.187
2026-05-19 17:06:26,21.687
2026-05-19 18:33:50,21.187
2026-05-19 18:50:31,21.687
2026-05-19 19:00:30,22.187
2026-05-19 19:47:18,21.687
2026-05-19 19:52:11,22.187
2026-05-19 20:52:13,21.687
2026-05-19 21:14:43,21.187
2026-05-19 21:35:45,21.687
2026-05-19 22:41:25,22.187
2026-05-19 23:20:47,21.687
2026-05-19 23:44:43,21.187
2026-05-20 00:22:38,21.687
2026-05-20 01:10:52,21.187
2026-05-20 01:41:42,20.687
2026-05-20 02:15:05,20.187
2026-05-20 02:35:45,20.687
2026-05-20 02:47:00,21.187
2026-05-20 03:45:13,20.687
2026-05-20 04:26:34,20.187
2026-05-20 05:01:24,23.812
2026-05-20 05:01:35,31.0
2026-05-20 05:01:46,33.25
2026-05-20 05:01:56,31.687
2026-05-20 05:02:07,30.687
2026-05-20 05:02:40,31.562
2026-05-20 05:03:02,32.437
2026-05-20 05:03:23,33.0
2026-05-20 05:04:07,33.562
2026-05-20 05:05:23,34.062
2026-05-20 05:07:12,34.562
2026-05-20 05:07:55,35.062
2026-05-20 07:43:32,34.562
2026-05-20 07:45:21,39.812
2026-05-20 07:45:32,43.562
2026-05-20 07:45:43,42.125
2026-05-20 07:45:54,38.875
2026-05-20 07:46:05,35.75
2026-05-20 07:46:16,33.312
2026-05-20 07:46:26,31.437
2026-05-20 07:46:37,30.062
2026-05-20 07:46:48,29.0
2026-05-20 07:46:59,28.187
2026-05-20 07:47:10,27.5
2026-05-20 07:47:21,27.0
2026-05-20 07:47:43,26.25
2026-05-20 07:48:15,25.625
2026-05-20 07:48:59,25.125
2026-05-20 07:49:42,27.25
2026-05-20 07:49:53,28.937
2026-05-20 07:50:04,30.25
2026-05-20 07:50:15,31.25
2026-05-20 07:50:26,31.937
2026-05-20 07:50:37,32.5
2026-05-20 07:50:59,33.25
2026-05-20 07:51:31,33.875
2026-05-20 07:55:42,34.375
2026-05-20 07:56:14,34.875
2026-05-20 07:57:30,35.375
2026-05-20 08:07:40,34.75
2026-05-20 08:07:51,33.562
2026-05-20 08:08:02,32.562
2026-05-20 08:08:13,31.875
2026-05-20 08:08:23,31.375
2026-05-20 08:08:45,30.75
2026-05-20 08:09:07,30.25
2026-05-20 08:10:01,29.687
2026-05-20 08:11:28,29.187
2026-05-20 08:13:17,28.687
2026-05-20 08:15:28,28.187
2026-05-20 08:18:00,27.687
2026-05-20 08:20:43,27.187
2026-05-20 08:23:27,26.687
2026-05-20 08:26:32,26.187
2026-05-20 08:29:58,25.687
2026-05-20 08:33:25,25.187
2026-05-20 08:37:46,24.687
2026-05-20 08:41:57,24.187
2026-05-20 08:47:12,23.687
2026-05-20 08:53:33,23.187
2026-05-20 09:00:16,22.687
2026-05-20 09:08:26,22.187
2026-05-20 10:10:38,21.687
2026-05-20 10:35:18,21.187
2026-05-20 11:11:46,20.687
2026-05-20 11:23:22,21.187
2026-05-20 11:32:15,21.687
2026-05-20 12:41:21,21.187
2026-05-20 13:28:42,21.687
2026-05-20 14:49:24,21.187
2026-05-20 15:33:39,21.687
2026-05-20 17:33:43,22.187
2026-05-20 18:52:48,21.687
2026-05-20 19:20:55,22.187
2026-05-20 20:08:04,22.687
2026-05-20 21:03:02,22.187
2026-05-20 21:21:21,21.687
2026-05-20 21:59:59,22.187
2026-05-20 22:37:42,21.687
2026-05-20 22:56:56,22.187
2026-05-20 23:46:59,21.687
2026-05-21 00:09:40,21.187
2026-05-21 00:55:54,21.687
2026-05-21 01:45:15,21.187
2026-05-21 02:17:10,20.687
2026-05-21 03:11:13,21.187
2026-05-21 04:30:18,20.687
2026-05-21 05:35:57,21.187
2026-05-21 05:50:28,21.687
2026-05-21 06:46:20,21.187
2026-05-21 07:17:43,20.687
2026-05-21 07:29:41,21.187
2026-05-21 07:39:07,21.687
2026-05-21 08:31:10,21.187
2026-05-21 09:12:09,20.687
2026-05-21 09:26:51,21.187
2026-05-21 09:36:38,21.687
2026-05-21 10:45:01,21.187
2026-05-21 11:27:49,21.687
2026-05-21 12:53:14,21.187
2026-05-21 13:36:57,21.687
2026-05-21 15:00:01,21.187
2026-05-21 15:51:21,21.687
2026-05-21 17:05:10,22.187
2026-05-21 17:16:24,22.687
2026-05-21 18:03:34,22.187
2026-05-21 18:28:03,21.687
2026-05-21 18:55:37,22.187
2026-05-21 20:04:00,21.687
2026-05-21 20:39:11,22.187
2026-05-21 21:25:26,21.687
2026-05-21 21:50:28,22.187
2026-05-21 22:43:47,21.687
2026-05-21 23:11:00,21.187
2026-05-21 23:33:51,21.687
2026-05-22 00:42:14,21.187
2026-05-22 01:11:48,20.687
2026-05-22 01:54:14,21.187
2026-05-22 03:14:25,20.687
2026-05-22 04:21:20,21.187
2026-05-22 05:51:39,20.687
2026-05-22 06:00:44,22.625
2026-05-22 06:00:55,26.437
2026-05-22 06:01:05,27.5
2026-05-22 06:01:38,28.562
2026-05-22 06:01:49,29.5
2026-05-22 06:02:00,30.437
2026-05-22 06:02:11,31.25
2026-05-22 06:02:22,31.812
2026-05-22 06:02:43,32.562
2026-05-22 06:03:05,33.062
2026-05-22 06:03:38,33.562
2026-05-22 06:04:32,34.062
2026-05-22 06:06:21,34.562
2026-05-22 06:07:05,35.062
2026-05-22 06:44:26,34.562
2026-05-22 06:46:04,34.062
2026-05-22 06:47:09,39.625
2026-05-22 06:47:20,43.437
2026-05-22 06:47:31,41.812
2026-05-22 06:47:42,38.25
2026-05-22 06:47:53,34.937
2026-05-22 06:48:04,32.312
2026-05-22 06:48:15,30.25
2026-05-22 06:48:26,28.687
2026-05-22 06:48:36,27.562
2026-05-22 06:48:47,26.625
2026-05-22 06:48:58,25.937
2026-05-22 06:49:09,25.375
2026-05-22 06:49:31,24.625
2026-05-22 06:49:53,24.125
2026-05-22 06:50:25,23.625
2026-05-22 06:51:31,25.562
2026-05-22 06:51:41,27.312
2026-05-22 06:51:52,28.875
2026-05-22 06:52:03,30.125
2026-05-22 06:52:14,31.0
2026-05-22 06:52:25,31.687
2026-05-22 06:52:47,32.562
2026-05-22 06:53:08,33.062
2026-05-22 06:53:41,33.562
2026-05-22 06:54:46,34.062
2026-05-22 06:56:46,34.562
2026-05-22 06:57:51,35.062
2026-05-22 07:13:17,34.562
2026-05-22 08:25:39,35.062
2026-05-22 08:34:43,34.25
2026-05-22 08:34:54,33.062
2026-05-22 08:35:05,32.125
2026-05-22 08:35:16,31.437
2026-05-22 08:35:27,30.937
2026-05-22 08:35:49,30.312
2026-05-22 08:36:21,29.687
2026-05-22 08:37:16,29.187
2026-05-22 08:38:54,28.687
2026-05-22 08:40:53,28.187
2026-05-22 08:43:26,27.687
2026-05-22 08:45:58,27.187
2026-05-22 08:49:03,26.687
2026-05-22 08:52:30,26.187
2026-05-22 08:57:34,25.687
2026-05-22 09:06:17,25.187
2026-05-22 09:15:21,24.687
2026-05-22 09:23:52,24.187
2026-05-22 09:32:56,23.687
2026-05-22 09:42:55,23.187
2026-05-22 09:54:09,22.687
2026-05-22 10:07:46,22.187
2026-05-22 10:25:32,21.687
2026-05-22 11:06:42,22.187
2026-05-22 12:02:12,21.687
2026-05-22 12:41:56,21.187
2026-05-22 12:58:59,21.687
2026-05-22 13:08:57,22.187
2026-05-22 14:04:38,21.687
2026-05-22 14:46:10,21.187
2026-05-22 15:07:23,21.687
2026-05-22 15:18:49,22.187
2026-05-22 16:09:25,21.687
2026-05-22 16:46:13,21.187
2026-05-22 17:09:59,21.687
2026-05-22 17:19:47,22.187
2026-05-22 18:39:57,21.687
2026-05-22 18:48:07,22.187
2026-05-22 18:57:00,22.687
2026-05-22 19:58:18,22.187
2026-05-22 20:36:46,22.687
2026-05-22 21:39:31,22.187
2026-05-22 22:05:16,21.687
2026-05-22 22:29:34,22.187
2026-05-22 23:29:58,21.687
2026-05-22 23:58:27,21.187
2026-05-23 00:10:04,21.687
2026-05-23 00:20:35,22.187
2026-05-23 01:05:56,21.687
2026-05-23 01:32:35,21.187
2026-05-23 02:09:13,20.687
2026-05-23 02:26:05,21.187
2026-05-23 02:36:04,21.687
2026-05-23 03:39:33,21.187
2026-05-23 04:14:55,20.687
2026-05-23 04:55:10,21.187
2026-05-23 05:06:26,21.687
2026-05-23 06:10:16,21.187
2026-05-23 06:57:26,20.687
2026-05-23 07:11:46,21.187
2026-05-23 07:19:01,21.687
2026-05-23 08:43:10,21.187
2026-05-23 09:07:39,21.687
2026-05-23 09:17:38,22.187
2026-05-23 10:10:47,21.687
2026-05-23 10:44:09,22.187
2026-05-23 11:47:38,21.687
2026-05-23 12:16:50,22.187
2026-05-23 12:32:25,22.687
2026-05-23 13:07:15,22.187
2026-05-23 13:31:44,21.687
2026-05-23 14:12:33,22.187
2026-05-23 16:07:54,22.687
2026-05-23 17:12:06,22.187
2026-05-23 17:44:23,21.687
2026-05-23 18:15:35,22.187
2026-05-23 18:27:11,22.687
2026-05-23 19:19:36,22.187
2026-05-23 19:56:47,21.687
2026-05-23 20:17:38,22.187
2026-05-23 20:29:04,22.687
2026-05-23 21:18:13,22.187
2026-05-23 21:53:35,21.687
2026-05-23 22:28:03,22.187
2026-05-23 23:01:47,22.687
2026-05-23 23:57:28,22.187
2026-05-24 00:17:03,21.687
2026-05-24 00:38:06,21.187
2026-05-24 00:53:20,21.687
2026-05-24 02:09:31,21.187
2026-05-24 02:47:47,20.687
2026-05-24 03:08:06,21.187
2026-05-24 03:17:43,21.687
2026-05-24 04:19:12,21.187
2026-05-24 05:01:49,20.687
2026-05-24 05:37:54,21.187
2026-05-24 05:51:20,21.687
2026-05-24 06:47:01,21.187
2026-05-24 08:00:29,21.687
2026-05-24 08:15:32,22.187
2026-05-24 09:15:12,21.687
2026-05-24 09:51:28,22.187
2026-05-24 11:04:01,21.687
2026-05-24 11:34:29,22.187
2026-05-24 11:43:33,22.687
2026-05-24 13:12:36,23.187
2026-05-24 14:09:22,22.687
2026-05-24 14:27:41,22.187
2026-05-24 14:45:06,22.687
2026-05-24 14:58:09,23.187
2026-05-24 15:40:14,22.687
2026-05-24 16:14:09,22.187
2026-05-24 16:27:35,22.687
2026-05-24 16:38:06,23.187
2026-05-24 17:24:43,22.687
2026-05-24 17:55:54,22.187
2026-05-24 18:24:33,22.687
2026-05-24 18:34:54,23.187
2026-05-24 19:34:34,22.687
2026-05-24 19:53:36,23.187
2026-05-24 20:06:29,23.687
2026-05-24 20:31:20,23.187
2026-05-24 20:56:00,23.687
2026-05-24 21:27:45,23.187
2026-05-24 21:45:53,22.687
2026-05-24 22:15:48,23.187
2026-05-24 22:58:58,22.687
2026-05-24 23:19:07,22.187
2026-05-24 23:43:14,21.687
2026-05-25 00:06:38,22.187
2026-05-25 00:20:04,22.687
2026-05-25 00:57:03,22.187
2026-05-25 01:26:26,21.687
2026-05-25 02:08:31,21.187
2026-05-25 02:21:56,21.687
2026-05-25 02:29:23,22.187
2026-05-25 03:40:07,21.687
2026-05-25 04:29:05,21.187
2026-05-25 04:50:29,21.687
2026-05-25 04:56:39,22.187
2026-05-25 06:27:31,21.687
2026-05-25 07:02:42,22.187
2026-05-25 07:13:13,22.687
2026-05-25 07:55:18,22.187
2026-05-25 08:21:47,21.687
2026-05-25 08:58:47,22.187
2026-05-25 10:34:44,21.687
2026-05-25 10:56:19,22.187
2026-05-25 11:05:12,22.687
2026-05-25 12:11:02,22.187
2026-05-25 12:53:07,21.687
2026-05-25 13:00:44,22.187
2026-05-25 13:12:42,22.687
2026-05-25 14:27:04,22.187
2026-05-25 15:26:11,22.687
2026-05-25 15:39:15,23.187
2026-05-25 16:33:50,22.687
2026-05-25 17:27:53,23.187
2026-05-25 17:41:19,23.687
2026-05-25 18:28:39,23.187
2026-05-25 19:06:22,22.687
2026-05-25 19:15:27,23.187
2026-05-25 19:27:36,23.687
2026-05-25 20:11:51,23.187
2026-05-25 20:23:06,23.687
2026-05-25 21:16:36,23.187
2026-05-25 21:36:44,22.687
2026-05-25 21:50:52,23.187
2026-05-25 22:06:28,23.687
2026-05-25 22:36:02,23.187
2026-05-25 22:57:59,22.687
2026-05-25 23:23:12,22.187
2026-05-25 23:53:18,22.687
2026-05-26 01:10:02,22.187
2026-05-26 01:46:29,21.687
2026-05-26 02:10:26,22.187
2026-05-26 02:18:46,22.687
2026-05-26 03:12:49,22.187
2026-05-26 03:47:49,21.687
2026-05-26 04:51:07,22.187
2026-05-26 05:07:48,22.687
2026-05-26 06:00:57,22.187
2026-05-26 07:05:20,22.687
2026-05-26 08:09:21,22.187
2026-05-26 08:59:46,22.687
2026-05-26 10:21:34,22.187
2026-05-26 10:55:51,22.687
2026-05-26 11:08:11,23.187
2026-05-26 11:55:20,22.687
2026-05-26 12:39:04,22.187
2026-05-26 12:57:01,22.687
2026-05-26 13:05:54,23.187
2026-05-26 14:06:07,22.687
2026-05-26 14:44:23,22.187
2026-05-26 15:15:03,22.687
2026-05-26 15:23:23,23.187
2026-05-26 16:53:21,22.687
2026-05-26 17:20:01,23.187
2026-05-26 18:55:36,22.687
2026-05-26 19:04:40,23.187
2026-05-26 19:13:44,23.687
2026-05-26 19:26:15,24.187
2026-05-26 19:50:44,24.687
2026-05-26 20:31:11,25.187
2026-05-26 21:04:33,24.687
2026-05-26 21:18:42,24.187
2026-05-26 21:34:18,23.687
2026-05-26 21:51:54,23.187
2026-05-26 22:07:19,23.687
2026-05-26 22:24:11,24.187
2026-05-26 22:49:23,23.687
2026-05-26 23:11:31,23.187
2026-05-26 23:35:49,22.687
2026-05-27 00:14:38,23.187
2026-05-27 01:22:50,22.687
2026-05-27 01:56:01,22.187
2026-05-27 02:38:49,22.687
2026-05-27 02:52:36,23.187
2026-05-27 03:32:41,22.687
2026-05-27 04:08:47,22.187
2026-05-27 04:48:08,21.687
2026-05-27 05:17:31,22.187
2026-05-27 05:25:19,22.687
2026-05-27 06:49:17,22.187
2026-05-27 07:23:12,22.687
2026-05-27 07:37:54,23.187
2026-05-27 08:12:54,22.687
2026-05-27 08:47:43,22.187
2026-05-27 09:21:07,22.687
2026-05-27 09:29:49,23.187
2026-05-27 10:32:01,22.687
2026-05-27 11:14:28,22.187
2026-05-27 11:18:16,22.687
2026-05-27 11:27:21,23.187
2026-05-27 12:52:46,22.687
2026-05-27 13:37:23,23.187
2026-05-27 13:53:21,23.687
2026-05-27 14:34:09,23.187
2026-05-27 15:08:37,22.687
2026-05-27 15:57:03,23.187
2026-05-27 16:08:17,23.687
2026-05-27 17:27:00,23.187
2026-05-27 18:16:09,23.687
2026-05-27 18:26:08,24.187
2026-05-27 19:14:55,23.687
2026-05-27 19:48:17,23.187
2026-05-27 20:14:24,23.687
2026-05-27 20:24:45,24.187
2026-05-27 20:58:07,23.687
2026-05-27 21:05:01,24.187
2026-05-27 21:55:47,23.687
2026-05-27 22:15:55,23.187
2026-05-27 22:20:49,23.687
2026-05-27 22:30:58,24.187
2026-05-27 23:04:32,23.687
2026-05-27 23:23:56,23.187
2026-05-27 23:47:20,22.687
2026-05-28 00:11:27,23.187
2026-05-28 01:20:23,22.687
2026-05-28 01:51:02,22.187
2026-05-28 02:36:35,22.687
2026-05-28 03:48:04,22.187
2026-05-28 04:36:29,21.687
2026-05-28 05:14:03,22.187
2026-05-28 05:20:34,22.687
2026-05-28 06:43:06,22.187
2026-05-28 07:20:06,22.687
2026-05-28 07:28:59,23.187
2026-05-28 08:09:59,22.687
2026-05-28 08:40:05,22.187
2026-05-28 09:17:05,22.687
2026-05-28 09:26:09,23.187
2026-05-28 10:21:50,22.687
2026-05-28 11:00:38,22.187
2026-05-28 11:12:04,22.687
2026-05-28 11:21:52,23.187
2026-05-28 12:27:42,22.687
2026-05-28 13:11:25,22.187
2026-05-28 13:30:39,22.687
2026-05-28 13:40:04,23.187
2026-05-28 14:55:21,22.687
2026-05-28 15:43:35,22.187
2026-05-28 15:49:23,22.687
2026-05-28 15:57:00,23.187
2026-05-28 17:41:50,22.687
2026-05-28 17:56:43,23.187
2026-05-28 18:05:25,23.687
2026-05-28 19:30:07,23.187
2026-05-28 19:41:44,23.687
2026-05-28 19:52:15,24.187
2026-05-28 20:29:48,23.687
2026-05-28 20:47:13,23.187
2026-05-28 20:56:38,23.687
2026-05-28 21:51:36,23.187
2026-05-28 22:12:38,22.687
2026-05-28 22:24:58,23.187
2026-05-28 22:36:56,23.687
2026-05-28 23:12:29,23.187
2026-05-28 23:36:04,22.687
2026-05-29 00:05:38,22.187
2026-05-29 00:33:33,22.687
2026-05-29 00:42:16,23.187
2026-05-29 01:27:25,22.687
2026-05-29 01:54:37,22.187
2026-05-29 02:30:43,21.687
2026-05-29 03:04:16,22.187
2026-05-29 03:12:47,22.687
2026-05-29 04:08:39,22.187
2026-05-29 04:46:11,21.687
2026-05-29 05:44:14,22.187
2026-05-29 05:53:40,22.687
2026-05-29 06:58:03,22.187
2026-05-29 07:30:42,21.687
2026-05-29 07:39:24,22.187
2026-05-29 07:49:55,22.687
2026-05-29 08:51:57,22.187
2026-05-29 09:45:49,22.687
2026-05-29 11:19:46,22.187
2026-05-29 11:42:37,22.687
2026-05-29 11:49:52,23.187
2026-05-29 12:57:31,22.687
2026-05-29 13:38:09,22.187
2026-05-29 13:45:57,22.687
2026-05-29 13:55:12,23.187
2026-05-29 15:29:52,22.687
2026-05-29 15:57:26,23.187
2026-05-29 16:06:30,23.687
2026-05-29 17:16:31,23.187
2026-05-29 17:41:22,22.687
2026-05-29 17:48:04,23.187
2026-05-29 17:57:30,23.687
2026-05-29 19:02:05,23.187
2026-05-29 19:38:54,22.687
2026-05-29 19:47:15,23.187
2026-05-29 19:55:35,23.687
2026-05-29 21:09:24,23.187
2026-05-29 21:56:55,23.687
2026-05-29 23:00:24,23.187
2026-05-29 23:27:26,22.687
2026-05-29 23:49:01,23.187
2026-05-29 23:57:22,23.687
2026-05-30 00:40:43,23.187
2026-05-30 00:58:08,22.687
2026-05-30 01:12:39,23.187
2026-05-30 01:26:04,23.687
2026-05-30 01:52:32,23.187
2026-05-30 02:10:30,22.687
2026-05-30 02:31:32,22.187
2026-05-30 03:02:12,21.687
2026-05-30 03:20:09,22.187
2026-05-30 03:25:46,22.687
2026-05-30 04:31:36,22.187
2026-05-30 05:07:53,21.687
2026-05-30 05:50:19,22.187
2026-05-30 05:56:51,22.687
2026-05-30 07:21:55,22.187
2026-05-30 08:09:15,22.687
2026-05-30 08:17:46,23.187
2026-05-30 09:14:54,22.687
2026-05-30 09:53:54,23.187
2026-05-30 10:04:59,23.687
2026-05-30 10:47:58,23.187
2026-05-30 11:20:48,22.687
2026-05-30 11:31:19,23.187
2026-05-30 11:40:34,23.687
2026-05-30 12:36:58,23.187
2026-05-30 13:08:10,22.687
2026-05-30 13:15:25,23.187
2026-05-30 13:25:02,23.687
2026-05-30 14:22:09,23.187
2026-05-30 15:21:07,23.687
2026-05-30 15:28:55,24.187
2026-05-30 16:19:31,23.687
2026-05-30 16:51:15,24.187
2026-05-30 17:55:50,23.687
2026-05-30 18:41:32,24.187
2026-05-30 19:45:22,23.687
2026-05-30 20:10:35,23.187
2026-05-30 20:31:16,23.687
2026-05-30 20:41:36,24.187
2026-05-30 21:14:26,23.687
2026-05-30 21:48:21,24.187
2026-05-30 23:12:09,23.687
2026-05-30 23:29:22,23.187
2026-05-30 23:50:14,22.687
2026-05-30 23:56:02,23.187
2026-05-31 00:05:39,23.687
2026-05-31 00:48:59,23.187
2026-05-31 01:11:07,22.687
2026-05-31 01:40:40,22.187
2026-05-31 02:23:40,22.687
2026-05-31 02:37:05,23.187
2026-05-31 03:16:38,22.687
2026-05-31 03:50:00,22.187
2026-05-31 04:38:14,21.687
2026-05-31 04:55:07,22.187
2026-05-31 05:03:27,22.687
2026-05-31 06:29:36,22.187
2026-05-31 07:32:54,22.687
2026-05-31 07:40:42,23.187
2026-05-31 09:02:30,22.687
2026-05-31 09:22:38,23.187
2026-05-31 09:34:36,23.687
2026-05-31 10:21:24,23.187
2026-05-31 10:55:51,22.687
2026-05-31 11:14:10,23.187
2026-05-31 11:23:25,23.687
2026-05-31 12:21:06,23.187
2026-05-31 12:53:01,23.687
2026-05-31 13:51:25,23.187
2026-05-31 14:22:15,23.687
2026-05-31 14:28:58,24.187
2026-05-31 15:33:21,23.687
2026-05-31 16:00:23,24.187
2026-05-31 16:51:32,23.687
2026-05-31 17:18:00,23.187
2026-05-31 17:57:00,23.687
2026-05-31 18:48:20,24.187
2026-05-31 19:01:45,24.687
2026-05-31 19:23:09,24.187
2026-05-31 19:38:56,23.687
2026-05-31 19:57:04,23.187
2026-05-31 20:06:41,23.687
2026-05-31 20:19:01,24.187
2026-05-31 20:49:18,23.687
2026-05-31 21:08:54,23.187
2026-05-31 21:24:08,23.687
2026-05-31 21:37:55,24.187
2026-05-31 22:03:07,23.687
2026-05-31 22:20:54,23.187
2026-05-31 22:43:01,22.687
2026-05-31 23:14:03,22.187
2026-05-31 23:19:07,22.687
2026-05-31 23:26:23,23.187
2026-06-01 00:36:45,22.687
2026-06-01 01:10:40,22.187
2026-06-01 01:38:03,22.687
2026-06-01 01:44:46,23.187
2026-06-01 02:40:38,22.687
2026-06-01 03:12:44,22.187
2026-06-01 04:18:34,22.687
2026-06-01 04:30:44,23.187
2026-06-01 05:26:24,22.687
2026-06-01 06:14:06,22.187
2026-06-01 06:35:52,22.687
2026-06-01 06:44:02,23.187
2026-06-01 07:50:46,22.687
2026-06-01 08:16:42,22.187
2026-06-01 08:24:30,22.687
2026-06-01 08:33:02,23.187
2026-06-01 09:41:36,22.687
2026-06-01 10:23:19,23.187
2026-06-01 10:32:34,23.687
2026-06-01 11:19:44,23.187
2026-06-01 11:54:55,22.687
2026-06-01 12:21:56,23.187
2026-06-01 12:32:06,23.687
2026-06-01 13:30:52,23.187
2026-06-01 14:06:25,22.687
2026-06-01 14:27:48,23.187
2026-06-01 14:37:25,23.687
2026-06-01 15:41:59,23.187
2026-06-01 16:41:50,23.687
2026-06-01 16:48:00,24.187
2026-06-01 17:52:45,23.687
2026-06-01 18:28:29,23.187
2026-06-01 18:50:59,23.687
2026-06-01 18:58:46,24.187
2026-06-01 19:46:39,23.687
2026-06-01 19:53:33,24.187
2026-06-01 19:56:05,24.687
2026-06-01 20:37:04,24.187
2026-06-01 20:53:02,23.687
2026-06-01 21:10:38,23.187
2026-06-01 21:14:26,23.687
2026-06-01 21:23:30,24.187
2026-06-01 22:00:08,23.687
2026-06-01 22:19:33,23.187
2026-06-01 22:44:02,22.687
2026-06-01 22:59:49,23.187
2026-06-01 23:10:31,23.687
2026-06-01 23:55:08,23.187
2026-06-02 00:22:54,22.687
2026-06-02 00:58:49,22.187
2026-06-02 01:25:51,22.687
2026-06-02 01:32:55,23.187
2026-06-02 02:25:09,22.687
2026-06-02 02:57:59,22.187
2026-06-02 03:46:46,21.687
2026-06-02 04:00:00,22.187
2026-06-02 04:07:26,22.687
2026-06-02 04:20:52,23.187
2026-06-02 05:04:24,22.687
2026-06-02 05:47:22,22.187
2026-06-02 06:32:54,22.687
2026-06-02 06:40:31,23.187
2026-06-02 07:38:11,22.687
2026-06-02 08:07:56,22.187
2026-06-02 08:24:37,22.687
2026-06-02 08:33:41,23.187
2026-06-02 09:45:08,22.687
2026-06-02 10:28:07,23.187
2026-06-02 10:40:17,23.687
2026-06-02 11:21:27,23.187
2026-06-02 11:54:16,22.687
2026-06-02 12:28:45,23.187
2026-06-02 12:38:11,23.687
2026-06-02 13:26:03,23.187
2026-06-02 13:59:58,22.687
2026-06-02 14:34:26,23.187
2026-06-02 14:42:14,23.687
2026-06-02 15:47:09,23.187
2026-06-02 16:37:24,23.687
2026-06-02 16:44:28,24.187
2026-06-02 17:30:10,23.687
2026-06-02 17:57:01,23.187
2026-06-02 18:01:55,23.687
2026-06-02 18:09:43,24.187
2026-06-02 19:05:34,23.687
2026-06-02 19:36:35,24.187
2026-06-02 19:45:39,24.687
2026-06-02 20:22:50,24.187
2026-06-02 20:39:10,23.687
2026-06-02 20:57:51,23.187
2026-06-02 21:19:58,23.687
2026-06-02 22:14:34,23.187
2026-06-02 22:22:55,23.687
2026-06-02 22:31:48,24.187
2026-06-02 23:10:26,23.687
2026-06-02 23:31:39,23.187
2026-06-02 23:53:35,22.687
2026-06-03 00:24:25,23.187
2026-06-03 01:33:42,22.687
2026-06-03 02:13:14,22.187
2026-06-03 02:47:31,22.687
2026-06-03 02:54:35,23.187
2026-06-03 03:52:37,22.687
2026-06-03 04:34:09,22.187
2026-06-03 05:23:40,22.687
2026-06-03 05:29:50,23.187
2026-06-03 07:00:31,22.687
2026-06-03 07:31:21,23.187
2026-06-03 07:41:52,23.687
2026-06-03 08:19:58,23.187
2026-06-03 08:50:04,22.687
2026-06-03 09:37:14,23.187
2026-06-03 09:48:06,23.687
2026-06-03 10:34:33,23.187
2026-06-03 11:09:55,22.687
2026-06-03 11:39:07,23.187
2026-06-03 11:48:22,23.687
2026-06-03 12:39:31,23.187
2026-06-03 13:09:26,22.687
2026-06-03 13:43:43,23.187
2026-06-03 13:53:09,23.687
2026-06-03 14:41:12,23.187
2026-06-03 15:10:36,22.687
2026-06-03 15:55:13,23.187
2026-06-03 16:01:55,23.687
2026-06-03 17:00:52,23.187
2026-06-03 17:35:41,22.687
2026-06-03 17:51:28,23.187
2026-06-03 18:00:54,23.687
2026-06-03 19:03:50,23.187
2026-06-03 19:31:02,22.687
2026-06-03 19:41:12,23.187
2026-06-03 19:50:26,23.687
2026-06-03 20:29:48,24.187
2026-06-03 21:17:20,23.687
2026-06-03 21:34:33,23.187
2026-06-03 21:50:20,23.687
2026-06-03 22:42:23,23.187
2026-06-03 23:05:36,22.687
2026-06-03 23:09:14,23.187
2026-06-03 23:18:07,23.687
2026-06-04 00:08:21,23.187
2026-06-04 00:29:45,22.687
2026-06-04 00:53:52,22.187
2026-06-04 01:10:23,22.687
2026-06-04 01:17:49,23.187
2026-06-04 02:10:14,22.687
2026-06-04 02:41:15,22.187
2026-06-04 03:21:42,21.687
2026-06-04 03:35:18,22.187
2026-06-04 03:43:16,22.687
2026-06-04 05:07:15,22.187
2026-06-04 06:14:10,22.687
2026-06-04 06:22:31,23.187
2026-06-04 07:16:45,22.687
2026-06-04 07:44:29,22.187
2026-06-04 08:06:37,22.687
2026-06-04 08:13:09,23.187
2026-06-04 09:18:48,22.687
2026-06-04 10:02:42,23.187
2026-06-04 10:11:57,23.687
2026-06-04 10:58:23,23.187
2026-06-04 11:30:50,22.687
2026-06-04 11:59:30,23.187
2026-06-04 12:06:34,23.687
2026-06-04 12:57:43,23.187
2026-06-04 13:27:07,22.687
2026-06-04 14:11:44,23.187
2026-06-04 14:22:37,23.687
2026-06-04 15:05:57,23.187
2026-06-04 15:38:36,22.687
2026-06-04 16:18:19,23.187
2026-06-04 16:26:18,23.687
2026-06-04 17:47:11,23.187
2026-06-04 18:10:13,23.687
2026-06-04 18:19:39,24.187
2026-06-04 19:23:29,23.687
2026-06-04 20:02:51,24.187
2026-06-04 20:51:38,23.687
2026-06-04 21:01:04,24.187
2026-06-04 21:17:02,24.687
2026-06-04 21:39:20,24.187
2026-06-04 21:55:18,23.687
2026-06-04 22:11:37,23.187
2026-06-04 22:15:58,23.687
2026-06-04 22:28:08,24.187
2026-06-04 22:59:41,23.687
2026-06-04 23:20:32,23.187
2026-06-04 23:45:23,22.687
2026-06-05 00:15:08,23.187
2026-06-05 00:24:56,23.687
2026-06-05 01:02:50,23.187
2026-06-05 01:29:41,22.687
2026-06-05 02:05:25,22.187
2026-06-05 02:41:52,22.687
2026-06-05 02:49:40,23.187
2026-06-05 03:41:32,22.687
2026-06-05 04:15:27,22.187
2026-06-05 05:20:35,22.687
2026-06-05 05:30:00,23.187
2026-06-05 06:31:40,22.687
2026-06-05 07:16:28,22.187
2026-06-05 07:26:59,22.687
2026-06-05 07:34:47,23.187
2026-06-05 08:46:37,22.687
2026-06-05 09:36:18,23.187
2026-06-05 09:47:22,23.687
2026-06-05 10:28:00,23.187
2026-06-05 11:00:27,22.687
2026-06-05 11:39:05,23.187
2026-06-05 11:48:20,23.687
2026-06-05 12:38:02,23.187
2026-06-05 13:12:41,22.687
2026-06-05 13:40:58,23.187
2026-06-05 13:49:51,23.687
2026-06-05 14:43:33,23.187
2026-06-05 15:19:38,22.687
2026-06-05 15:39:03,23.187
2026-06-05 15:47:23,23.687
2026-06-05 17:05:33,23.187
2026-06-05 17:41:28,23.687
2026-06-05 17:52:42,24.187
2026-06-05 18:31:53,23.687
2026-06-05 18:59:27,23.187
2026-06-05 19:39:21,23.687
2026-06-05 20:33:56,23.187
2026-06-05 20:39:23,23.687
2026-06-05 20:48:27,24.187
2026-06-05 21:24:00,23.687
2026-06-05 21:41:14,23.187
2026-06-05 22:01:44,22.687
2026-06-05 22:20:57,23.187
2026-06-05 22:30:23,23.687
2026-06-05 23:04:51,23.187
2026-06-05 23:27:09,22.687
2026-06-05 23:43:39,23.187
2026-06-05 23:53:05,23.687
2026-06-06 00:31:43,23.187
2026-06-06 00:54:24,22.687
2026-06-06 01:19:47,22.187
2026-06-06 01:57:31,22.687
2026-06-06 02:07:08,23.187
2026-06-06 02:45:45,22.687
2026-06-06 03:17:08,22.187
2026-06-06 03:56:51,21.687
2026-06-06 04:28:14,22.187
2026-06-06 04:36:56,22.687
2026-06-06 05:40:47,22.187
2026-06-06 06:34:39,21.687
2026-06-06 06:56:03,22.187
2026-06-06 07:05:07,22.687
2026-06-06 08:42:10,22.187
2026-06-06 08:58:41,22.687
2026-06-06 09:07:45,23.187
2026-06-06 10:23:11,22.687
2026-06-06 10:52:02,23.187
2026-06-06 11:00:22,23.687
2026-06-06 11:39:11,23.187
2026-06-06 12:00:35,22.687
2026-06-06 12:20:10,23.187
2026-06-06 12:28:09,23.687
2026-06-06 13:10:58,23.187
2026-06-06 13:36:54,22.687
2026-06-06 13:45:47,23.187
2026-06-06 13:53:13,23.687
2026-06-06 15:11:56,23.187
2026-06-06 15:38:58,23.687
2026-06-06 15:43:41,24.187
2026-06-06 15:50:34,24.687
2026-06-06 16:52:58,24.187
2026-06-06 17:19:16,23.687
2026-06-06 17:40:40,24.187
2026-06-06 18:44:42,23.687
2026-06-06 19:34:02,24.187
2026-06-06 20:37:09,23.687
2026-06-06 21:11:36,23.187
2026-06-06 21:28:39,23.687
2026-06-06 21:36:27,24.187
2026-06-06 22:35:35,23.687
2026-06-06 22:54:27,23.187
2026-06-06 23:06:15,23.687
2026-06-06 23:17:40,24.187
2026-06-06 23:50:52,23.687
2026-06-07 00:10:49,23.187
2026-06-07 00:33:51,22.687
2026-06-07 01:04:19,22.187
2026-06-07 01:13:12,22.687
2026-06-07 01:21:44,23.187
2026-06-07 02:26:07,22.687
2026-06-07 03:03:18,22.187
2026-06-07 03:50:49,22.687
2026-06-07 03:58:59,23.187
2026-06-07 04:52:40,22.687
2026-06-07 05:25:51,22.187
2026-06-07 06:33:20,22.687
2026-06-07 06:42:24,23.187
2026-06-07 07:53:40,22.687
2026-06-07 08:47:54,23.187
2026-06-07 08:56:15,23.687
2026-06-07 09:51:56,23.187
2026-06-07 10:34:45,23.687
2026-06-07 11:48:45,23.187
2026-06-07 12:25:01,23.687
2026-06-07 13:30:51,23.187
2026-06-07 13:57:20,22.687
2026-06-07 14:07:30,23.187
2026-06-07 14:16:34,23.687
2026-06-07 15:15:31,23.187
2026-06-07 15:39:38,22.687
2026-06-07 16:04:18,23.187
2026-06-07 16:14:39,23.687
2026-06-07 16:57:59,23.187
2026-06-07 17:28:06,22.687
2026-06-07 18:13:26,23.187
2026-06-07 18:22:19,23.687
2026-06-07 18:59:30,24.187
2026-06-07 19:44:29,23.687
2026-06-07 20:11:31,24.187
2026-06-07 20:46:42,23.687
2026-06-07 21:05:12,23.187
2026-06-07 21:26:37,22.687
2026-06-07 21:48:44,23.187
2026-06-07 22:00:21,23.687
2026-06-07 22:36:15,23.187
2026-06-07 22:57:17,22.687
2026-06-07 23:01:17,23.187
2026-06-07 23:09:04,23.687
2026-06-07 23:53:30,23.187
2026-06-08 00:16:22,22.687
2026-06-08 00:44:07,22.187
2026-06-08 01:13:30,22.687
2026-06-08 01:21:40,23.187
2026-06-08 02:08:16,22.687
2026-06-08 02:35:07,22.187
2026-06-08 03:10:07,21.687
2026-06-08 03:48:02,22.187
2026-06-08 03:54:44,22.687
2026-06-08 05:15:16,22.187
2026-06-08 06:19:50,22.687
2026-06-08 06:27:16,23.187
2026-06-08 07:24:34,22.687
2026-06-08 07:51:14,22.187
2026-06-08 08:17:43,22.687
2026-06-08 08:24:47,23.187
2026-06-08 09:27:43,22.687
2026-06-08 10:06:43,22.187
2026-06-08 10:11:48,22.687
2026-06-08 10:19:46,23.187
2026-06-08 11:35:46,22.687
2026-06-08 12:23:28,23.187
2026-06-08 12:34:43,23.687
2026-06-08 13:17:53,23.187
2026-06-08 13:49:16,22.687
2026-06-08 14:25:32,23.187
2026-06-08 14:36:14,23.687
2026-06-08 15:17:25,23.187
2026-06-08 16:36:18,23.687
2026-06-08 16:43:23,24.187
2026-06-08 17:52:19,23.687
2026-06-08 18:36:12,24.187
2026-06-08 18:38:45,24.687
2026-06-08 18:42:44,25.187
2026-06-08 19:15:12,24.687
2026-06-08 19:30:26,24.187
2026-06-08 19:43:40,24.687
2026-06-08 20:33:23,24.187
2026-06-08 20:48:48,23.687
2026-06-08 21:17:16,24.187
2026-06-08 22:00:37,23.687
2026-06-08 22:21:50,23.187
2026-06-08 22:28:33,23.687
2026-06-08 22:35:59,24.187
2026-06-08 23:21:20,23.687
2026-06-08 23:41:06,23.187
2026-06-09 00:06:08,22.687
2026-06-09 00:34:36,23.187
2026-06-09 00:42:24,23.687
2026-06-09 01:27:01,23.187
2026-06-09 01:54:35,22.687
2026-06-09 02:31:56,22.187
2026-06-09 03:02:03,22.687
2026-06-09 03:08:13,23.187
2026-06-09 04:22:13,22.687
2026-06-09 05:14:27,22.187
2026-06-09 05:38:34,22.687
2026-06-09 05:46:01,23.187
2026-06-09 05:58:10,23.687
2026-06-09 06:50:24,23.187
2026-06-09 07:22:30,22.687
2026-06-09 07:50:15,23.187
2026-06-09 07:59:08,23.687
2026-06-09 08:48:39,23.187
2026-06-09 09:27:07,22.687
2026-06-09 09:47:47,23.187
2026-06-09 09:57:02,23.687
2026-06-09 11:08:41,23.187
2026-06-09 11:57:06,23.687
2026-06-09 13:10:12,23.187
2026-06-09 13:45:56,22.687
2026-06-09 13:59:43,23.187
2026-06-09 14:07:53,23.687
2026-06-09 15:16:26,23.187
2026-06-09 15:52:53,22.687
2026-06-09 16:06:51,23.187
2026-06-09 16:14:28,23.687
2026-06-09 17:37:00,23.187
2026-06-09 18:16:32,23.687
2026-06-09 18:24:42,24.187
2026-06-09 19:08:46,23.687
2026-06-09 19:36:42,23.187
2026-06-09 20:03:44,23.687
2026-06-09 20:11:53,24.187
2026-06-09 20:41:49,23.687
2026-06-09 20:46:21,24.187
2026-06-09 20:56:52,24.687
2026-06-09 21:22:38,24.187
2026-06-09 21:38:24,23.687
2026-06-09 21:55:05,23.187
2026-06-09 22:07:26,23.687
2026-06-09 22:20:18,24.187
2026-06-09 22:49:30,23.687
2026-06-09 23:09:16,23.187
2026-06-09 23:31:13,22.687
2026-06-10 00:03:19,22.187
2026-06-10 00:13:50,22.687
2026-06-10 00:21:06,23.187
2026-06-10 01:26:45,22.687
2026-06-10 02:00:40,22.187
2026-06-10 02:47:28,22.687
2026-06-10 02:55:16,23.187
2026-06-10 03:46:35,22.687
2026-06-10 04:27:24,22.187
2026-06-10 05:25:19,22.687
2026-06-10 05:32:45,23.187
2026-06-10 06:49:50,22.687
2026-06-10 07:35:00,23.187
2026-06-10 08:46:28,22.687
2026-06-10 09:38:31,23.187
2026-06-10 09:48:40,23.687
2026-06-10 10:32:01,23.187
2026-06-10 11:01:57,22.687
2026-06-10 11:48:55,23.187
2026-06-10 11:59:37,23.687
2026-06-10 12:41:20,23.187
2026-06-10 13:12:10,22.687
2026-06-10 14:02:35,23.187
2026-06-10 14:12:55,23.687
2026-06-10 14:55:33,23.187
2026-06-10 15:25:18,22.687
2026-06-10 16:12:05,23.187
2026-06-10 16:20:04,23.687
2026-06-10 17:10:51,23.187
2026-06-10 17:40:24,22.687
2026-06-10 18:19:46,23.187
2026-06-10 18:29:12,23.687
2026-06-10 19:19:15,23.187
2026-06-10 19:54:15,22.687
2026-06-10 20:06:36,23.187
2026-06-10 20:17:51,23.687
2026-06-10 20:51:24,23.187
2026-06-10 21:07:55,23.687
2026-06-10 21:59:14,24.187
2026-06-10 22:33:20,23.687
2026-06-10 22:50:12,23.187
2026-06-10 23:07:58,22.687
2026-06-10 23:29:34,22.187
2026-06-10 23:34:27,22.687
2026-06-10 23:42:48,23.187
2026-06-11 00:36:07,22.687
2026-06-11 00:58:58,22.187
2026-06-11 01:26:32,21.687
2026-06-11 01:58:17,22.187
2026-06-11 02:04:49,22.687
2026-06-11 03:00:51,22.187
2026-06-11 03:32:03,21.687
2026-06-11 04:33:32,22.187
2026-06-11 04:41:52,22.687
2026-06-11 05:44:16,22.187
2026-06-11 06:54:17,22.687
2026-06-11 07:04:59,23.187
2026-06-11 07:38:32,22.687
2026-06-11 08:03:34,22.187
2026-06-11 08:43:06,21.687
2026-06-11 08:49:05,22.187
2026-06-11 08:55:58,22.687
2026-06-11 09:04:52,23.187
2026-06-11 09:50:45,22.687
2026-06-11 10:25:12,22.187
2026-06-11 10:58:23,22.687
2026-06-11 11:05:06,23.187
2026-06-11 12:04:14,22.687
2026-06-11 12:37:03,22.187
2026-06-11 12:49:56,22.687
2026-06-11 12:59:00,23.187
2026-06-11 13:56:41,22.687
2026-06-11 14:30:47,22.187
2026-06-11 15:04:52,22.687
2026-06-11 15:11:57,23.187
2026-06-11 16:08:10,22.687
2026-06-11 16:41:21,22.187
2026-06-11 17:01:51,22.687
2026-06-11 17:10:01,23.187
2026-06-11 18:10:03,22.687
2026-06-11 18:45:14,22.187
2026-06-11 18:51:24,22.687
2026-06-11 18:58:29,23.187
2026-06-11 19:45:38,23.687
2026-06-11 19:54:42,24.187
2026-06-11 20:31:42,23.687
2026-06-11 20:50:56,23.187
2026-06-11 21:21:35,23.687
2026-06-11 22:06:01,23.187
2026-06-11 22:25:58,22.687
2026-06-11 22:48:05,22.187
2026-06-11 23:16:01,22.687
2026-06-11 23:22:22,23.187
2026-06-12 00:11:53,22.687
2026-06-12 00:37:17,22.187
2026-06-12 01:07:23,21.687
2026-06-12 01:32:25,22.187
2026-06-12 01:39:08,22.687
2026-06-12 02:40:15,22.187
2026-06-12 03:11:26,21.687
2026-06-12 04:08:02,22.187
2026-06-12 04:17:06,22.687
2026-06-12 05:07:09,27.25
2026-06-12 05:07:20,29.75
2026-06-12 05:07:31,29.125
2026-06-12 05:08:15,29.937
2026-06-12 05:08:25,30.687
2026-06-12 05:08:36,31.187
2026-06-12 05:08:58,31.937
2026-06-12 05:09:31,32.562
2026-06-12 05:10:14,33.125
2026-06-12 05:11:20,33.625
2026-06-12 05:12:57,34.125
2026-06-12 05:13:52,34.625
2026-06-12 06:35:18,34.125
2026-06-12 07:06:40,33.625
2026-06-12 07:08:51,33.125
2026-06-12 07:10:18,34.187
2026-06-12 07:10:29,40.125
2026-06-12 07:10:40,42.437
2026-06-12 07:10:51,40.0
2026-06-12 07:11:02,36.625
2026-06-12 07:11:12,33.687
2026-06-12 07:11:23,31.375
2026-06-12 07:11:34,29.687
2026-06-12 07:11:45,28.437
2026-06-12 07:11:56,27.375
2026-06-12 07:12:07,26.625
2026-06-12 07:12:18,26.062
2026-06-12 07:12:40,25.25
2026-06-12 07:13:01,24.687
2026-06-12 07:13:34,24.187
2026-06-12 07:14:50,26.312
2026-06-12 07:15:01,27.937
2026-06-12 07:15:12,29.187
2026-06-12 07:15:23,30.125
2026-06-12 07:15:34,30.812
2026-06-12 07:15:45,31.312
2026-06-12 07:16:06,31.937
2026-06-12 07:16:39,32.562
2026-06-12 07:17:55,33.062
2026-06-12 07:20:17,33.562
2026-06-12 07:55:38,34.062
2026-06-12 08:09:04,33.187
2026-06-12 08:09:15,32.0
2026-06-12 08:09:26,31.125
2026-06-12 08:09:36,30.562
2026-06-12 08:09:58,29.812
2026-06-12 08:10:20,29.312
2026-06-12 08:11:04,28.812
2026-06-12 08:12:20,28.312
2026-06-12 08:14:41,27.812
2026-06-12 08:17:35,27.312
2026-06-12 08:20:51,26.812
2026-06-12 08:24:40,26.312
2026-06-12 08:28:39,25.812
2026-06-12 08:33:22,25.312
2026-06-12 08:38:38,24.812
2026-06-12 08:44:37,24.312
2026-06-12 08:51:41,23.812
2026-06-12 09:46:38,23.312
2026-06-12 10:06:25,22.812
2026-06-12 10:30:43,22.312
2026-06-12 11:08:05,22.812
2026-06-12 12:26:26,22.312
2026-06-12 13:15:13,22.812
2026-06-12 13:27:55,23.312
2026-06-12 14:04:55,22.812
2026-06-12 14:34:18,22.312
2026-06-12 15:22:54,22.812
2026-06-12 15:32:31,23.312
2026-06-12 16:24:45,22.812
2026-06-12 16:55:46,22.312
2026-06-12 17:28:03,22.812
2026-06-12 17:34:24,23.312
2026-06-12 18:32:26,22.812
2026-06-12 19:07:59,22.312
2026-06-12 19:32:06,22.812
2026-06-12 19:38:49,23.312
2026-06-12 20:44:17,22.812
2026-06-12 21:00:37,23.312
2026-06-12 21:03:31,23.812
2026-06-12 21:48:29,23.312
2026-06-12 22:05:43,22.812
2026-06-12 22:26:56,22.312
2026-06-12 22:51:03,22.812
2026-06-12 23:00:29,23.312
2026-06-12 23:39:40,22.812
2026-06-13 00:02:31,22.312
2026-06-13 00:30:27,21.812
2026-06-13 00:51:08,22.312
2026-06-13 00:59:06,22.812
2026-06-13 01:51:31,22.312
2026-06-13 02:21:27,21.812
2026-06-13 03:03:09,21.312
2026-06-13 03:15:40,21.812
2026-06-13 03:23:06,22.312
2026-06-13 04:43:05,21.812
2026-06-13 05:38:35,21.312
2026-06-13 05:54:55,21.812
2026-06-13 05:56:00,22.687
2026-06-13 05:56:11,29.5
2026-06-13 05:56:22,33.687
2026-06-13 05:56:32,32.687
2026-06-13 05:56:43,31.312
2026-06-13 05:58:54,31.812
2026-06-13 06:00:43,32.375
2026-06-13 06:02:21,32.875
2026-06-13 06:23:45,33.375
2026-06-13 07:44:16,33.875
2026-06-13 08:43:02,33.25
2026-06-13 08:43:13,32.062
2026-06-13 08:43:24,31.25
2026-06-13 08:43:35,30.562
2026-06-13 08:43:56,29.812
2026-06-13 08:44:29,29.187
2026-06-13 08:45:23,28.687
2026-06-13 08:47:01,28.187
2026-06-13 08:50:39,27.687
2026-06-13 08:56:16,27.187
2026-06-13 09:04:37,26.687
2026-06-13 09:12:04,26.187
2026-06-13 09:19:08,25.687
2026-06-13 09:26:56,25.187
2026-06-13 09:35:27,24.687
2026-06-13 09:45:04,24.187
2026-06-13 09:57:24,23.687
2026-06-13 10:12:39,23.187
2026-06-13 10:43:18,23.687
2026-06-13 11:29:33,23.187
2026-06-13 11:51:08,22.687
2026-06-13 12:25:35,23.187
2026-06-13 13:32:31,22.687
2026-06-13 14:15:52,23.187
2026-06-13 15:24:26,22.687
2026-06-13 16:12:18,23.187
2026-06-13 16:21:23,23.687
2026-06-13 17:18:41,23.187
2026-06-13 17:48:58,22.687
2026-06-13 18:19:05,23.187
2026-06-13 18:25:15,23.687
2026-06-13 18:32:30,24.187
2026-06-13 19:34:00,23.687
2026-06-13 20:33:41,24.187
2026-06-13 20:49:27,24.687
2026-06-13 21:12:07,24.187
2026-06-13 21:31:54,23.687
2026-06-13 21:55:39,23.187
2026-06-13 22:29:34,22.687
2026-06-13 22:40:16,23.187
2026-06-13 22:49:42,23.687
2026-06-13 23:31:04,23.187
2026-06-13 23:51:55,22.687
2026-06-14 00:17:51,22.187
2026-06-14 00:41:59,22.687
2026-06-14 00:49:36,23.187
2026-06-14 01:35:50,22.687
2026-06-14 02:01:14,22.187
2026-06-14 02:38:57,21.687
2026-06-14 03:06:31,22.187
2026-06-14 03:12:52,22.687
2026-06-14 04:18:10,22.187
2026-06-14 04:53:32,21.687
2026-06-14 05:48:51,22.187
2026-06-14 05:56:07,22.687
2026-06-14 07:07:56,22.187
2026-06-14 08:21:56,22.687
2026-06-14 08:30:28,23.187
2026-06-14 09:29:35,22.687
2026-06-14 09:59:20,22.187
2026-06-14 10:10:56,22.687
2026-06-14 10:19:39,23.187
2026-06-14 11:27:28,22.687
2026-06-14 12:06:28,23.187
2026-06-14 12:17:32,23.687
2026-06-14 12:49:16,23.187
2026-06-14 13:09:13,22.687
2026-06-14 13:15:45,23.187
2026-06-14 13:32:27,23.687
2026-06-14 13:57:50,23.187
2026-06-14 14:27:13,22.687
2026-06-14 14:29:56,25.812
2026-06-14 14:30:07,29.0
2026-06-14 14:31:02,29.812
2026-06-14 14:31:23,30.5
2026-06-14 14:32:07,31.0
2026-06-14 14:33:34,31.5
2026-06-14 14:35:45,32.062
2026-06-14 14:37:01,32.562
2026-06-14 14:39:11,33.125
2026-06-14 14:43:22,32.625
2026-06-14 14:44:16,33.125
2026-06-14 14:48:15,33.687
2026-06-14 14:55:52,33.187
2026-06-14 14:58:25,37.437
2026-06-14 14:58:36,42.0
2026-06-14 14:58:46,40.812
2026-06-14 14:58:57,37.5
2026-06-14 14:59:08,34.25
2026-06-14 14:59:19,31.75
2026-06-14 14:59:30,29.812
2026-06-14 14:59:41,28.375
2026-06-14 14:59:52,27.312
2026-06-14 15:00:03,26.5
2026-06-14 15:00:14,25.875
2026-06-14 15:00:25,25.375
2026-06-14 15:00:46,24.687
2026-06-14 15:01:19,24.062
2026-06-14 15:02:02,23.5
2026-06-14 15:02:46,25.187
2026-06-14 15:02:57,26.75
2026-06-14 15:03:08,28.062
2026-06-14 15:03:19,29.0
2026-06-14 15:03:30,29.75
2026-06-14 15:03:40,30.25
2026-06-14 15:04:02,30.812
2026-06-14 15:04:35,31.312
2026-06-14 15:05:18,32.062
2026-06-14 15:07:40,31.312
2026-06-14 15:07:51,30.0
2026-06-14 15:08:02,29.0
2026-06-14 15:08:12,28.312
2026-06-14 15:08:23,27.812
2026-06-14 15:08:45,27.25
2026-06-14 15:09:18,26.687
2026-06-14 15:10:23,26.187
2026-06-14 15:13:28,25.687
2026-06-14 15:18:22,25.187
2026-06-14 15:25:04,24.687
2026-06-14 15:33:03,24.187
2026-06-14 15:43:13,23.687
2026-06-14 15:55:54,23.187
2026-06-14 16:14:03,22.687
2026-06-14 16:18:46,23.187
2026-06-14 16:27:39,23.687
2026-06-14 17:23:42,23.187
2026-06-14 17:47:27,22.687
2026-06-14 18:25:33,23.187
2026-06-14 18:37:09,23.687
2026-06-14 19:19:14,23.187
2026-06-14 19:44:37,23.687
2026-06-14 20:37:46,23.187
2026-06-14 20:55:11,22.687
2026-06-14 21:27:18,23.187
2026-06-14 22:19:10,22.687
2026-06-14 22:41:06,22.187
2026-06-14 22:52:54,22.687
2026-06-14 23:01:47,23.187
2026-06-14 23:51:50,22.687
2026-06-15 00:17:03,22.187
2026-06-15 00:50:58,21.687
2026-06-15 01:02:02,22.187
2026-06-15 01:11:17,22.687
2026-06-15 02:13:07,22.187
2026-06-15 02:42:09,21.687
2026-06-15 03:41:49,22.187
2026-06-15 03:54:53,22.687
2026-06-15 04:40:35,22.187
2026-06-15 05:22:07,21.687
2026-06-15 06:10:11,24.312
2026-06-15 06:10:21,31.375
2026-06-15 06:10:32,33.75
2026-06-15 06:10:43,32.25
2026-06-15 06:10:54,31.187
2026-06-15 06:12:10,31.75
2026-06-15 06:13:16,32.25
2026-06-15 06:14:53,32.75
2026-06-15 06:16:31,33.25
2026-06-15 07:30:32,33.75
2026-06-15 08:09:10,34.25
2026-06-15 08:32:23,34.812
2026-06-15 08:34:12,34.312
2026-06-15 08:44:10,34.875
2026-06-15 08:48:42,34.375
2026-06-15 08:54:31,36.312
2026-06-15 08:54:42,41.812
2026-06-15 08:54:52,42.812
2026-06-15 08:55:03,40.0
2026-06-15 08:55:14,36.687
2026-06-15 08:55:25,33.875
2026-06-15 08:55:36,31.75
2026-06-15 08:55:47,30.125
2026-06-15 08:55:58,28.875
2026-06-15 08:56:09,27.937
2026-06-15 08:56:20,27.187
2026-06-15 08:56:30,26.625
2026-06-15 08:56:52,25.875
2026-06-15 08:57:14,25.375
2026-06-15 08:57:47,24.875
2026-06-15 08:59:03,24.375
2026-06-15 09:02:41,23.875
2026-06-15 09:12:17,23.375
2026-06-15 09:24:37,22.875
2026-06-15 09:43:18,22.375
2026-06-15 09:54:44,22.875
2026-06-15 10:07:36,23.375
2026-06-15 10:41:53,22.875
2026-06-15 11:11:48,22.375
2026-06-15 11:50:37,21.875
2026-06-15 12:02:15,22.375
2026-06-15 12:10:14,22.875
2026-06-15 13:23:52,22.375
2026-06-15 14:01:46,21.875
2026-06-15 14:11:23,22.375
2026-06-15 14:18:49,22.875
2026-06-15 15:33:21,22.375
2026-06-15 16:25:35,22.875
2026-06-15 16:31:24,23.375
2026-06-15 17:43:46,22.875
2026-06-15 18:19:19,22.375
2026-06-15 18:30:33,22.875
2026-06-15 18:38:54,23.375
2026-06-15 19:47:27,22.875
2026-06-15 20:00:31,23.375
2026-06-15 20:11:35,23.875
2026-06-15 20:43:08,23.375
2026-06-15 21:03:16,22.875
2026-06-15 21:26:18,22.375
2026-06-15 22:00:57,22.875
2026-06-15 23:07:09,23.375
2026-06-15 23:51:46,22.875
2026-06-16 00:11:11,22.375
2026-06-16 00:35:40,21.875
2026-06-16 01:07:57,22.375
2026-06-16 01:23:43,22.875
2026-06-16 01:57:27,22.375
2026-06-16 02:27:01,21.875
2026-06-16 03:07:50,21.375
2026-06-16 03:36:18,21.875
2026-06-16 03:43:33,22.375
2026-06-16 04:55:11,21.875
2026-06-16 06:13:00,22.375
2026-06-16 06:26:36,22.875
2026-06-16 07:15:24,22.375
2026-06-16 07:46:46,21.875
2026-06-16 08:04:55,22.375
2026-06-16 08:14:53,22.875
2026-06-16 09:25:04,22.375
2026-06-16 10:11:53,22.875
2026-06-16 11:31:08,22.375
2026-06-16 12:12:07,22.875
2026-06-16 12:21:44,23.375
2026-06-16 13:10:42,22.875
2026-06-16 13:41:43,22.375
2026-06-16 14:21:05,22.875
2026-06-16 14:37:13,23.375
2026-06-16 15:24:22,22.875
2026-06-16 16:08:27,22.375
2026-06-16 16:19:09,22.875
2026-06-16 16:26:46,23.375
2026-06-16 16:42:33,23.875
2026-06-16 17:19:00,23.375
2026-06-16 17:51:39,22.875
2026-06-16 18:23:34,23.375
2026-06-16 18:33:44,23.875
2026-06-16 19:12:33,23.375
2026-06-16 19:45:44,23.875
2026-06-16 20:03:20,24.375
2026-06-16 20:24:00,23.875
2026-06-16 20:42:30,23.375
2026-06-16 21:01:55,22.875
2026-06-16 21:16:25,23.375
2026-06-16 22:18:49,22.875
2026-06-16 22:40:56,22.375
2026-06-16 22:55:05,22.875
2026-06-16 23:05:03,23.375
2026-06-16 23:54:02,22.875
2026-06-17 00:19:14,22.375
2026-06-17 00:47:43,21.875
2026-06-17 01:06:02,22.375
2026-06-17 01:12:34,22.875
2026-06-17 02:16:57,22.375
2026-06-17 02:50:52,21.875
2026-06-17 03:44:44,22.375
2026-06-17 04:02:41,22.875
2026-06-17 04:44:24,22.375
2026-06-17 05:33:01,21.875
2026-06-17 06:00:46,25.062
2026-06-17 06:00:57,27.312
2026-06-17 06:01:19,26.625
2026-06-17 06:01:40,26.125
2026-06-17 06:02:24,25.625
2026-06-17 06:04:56,28.25
2026-06-17 06:05:07,35.562
2026-06-17 06:05:18,37.437
2026-06-17 06:05:29,35.062
2026-06-17 06:05:40,32.062
2026-06-17 06:05:51,29.562
2026-06-17 06:06:02,27.687
2026-06-17 06:06:13,26.312
2026-06-17 06:06:23,25.312
2026-06-17 06:06:34,24.562
2026-06-17 06:06:45,23.937
2026-06-17 06:07:07,23.25
2026-06-17 06:07:29,22.75
2026-06-17 06:08:12,22.187
2026-06-17 06:09:17,23.125
2026-06-17 06:09:28,24.875
2026-06-17 06:09:39,26.437
2026-06-17 06:09:50,27.75
2026-06-17 06:10:01,28.687
2026-06-17 06:10:12,29.375
2026-06-17 06:10:23,29.875
2026-06-17 06:10:45,30.562
2026-06-17 06:11:17,31.125
2026-06-17 06:12:01,31.625
2026-06-17 06:13:17,32.125
2026-06-17 06:15:06,32.625
2026-06-17 06:32:52,32.0
2026-06-17 06:33:03,31.125
2026-06-17 06:33:14,29.687
2026-06-17 06:33:25,28.25
2026-06-17 06:33:36,27.125
2026-06-17 06:33:46,26.25
2026-06-17 06:33:57,25.562
2026-06-17 06:34:19,24.75
2026-06-17 06:34:41,24.187
2026-06-17 06:35:24,23.625
2026-06-17 06:36:30,23.125
2026-06-17 06:37:02,24.0
2026-06-17 06:37:13,25.687
2026-06-17 06:37:24,27.187
2026-06-17 06:37:35,28.375
2026-06-17 06:37:46,29.187
2026-06-17 06:37:57,29.812
2026-06-17 06:38:19,30.625
2026-06-17 06:38:40,31.125
2026-06-17 06:39:13,31.625
2026-06-17 06:40:18,32.125
2026-06-17 06:42:29,32.687
2026-06-17 07:13:19,33.187
2026-06-17 07:25:50,32.437
2026-06-17 07:26:00,31.312
2026-06-17 07:26:11,30.437
2026-06-17 07:26:22,29.812
2026-06-17 07:26:33,29.312
2026-06-17 07:26:55,28.75
2026-06-17 07:27:28,28.25
2026-06-17 07:28:33,27.75
2026-06-17 07:30:43,27.25
2026-06-17 07:33:59,26.75
2026-06-17 07:37:48,26.25
2026-06-17 07:42:20,25.75
2026-06-17 07:47:03,25.25
2026-06-17 07:52:40,24.75
2026-06-17 08:30:56,24.25
2026-06-17 08:48:21,23.75
2026-06-17 09:06:40,23.25
2026-06-17 09:29:10,22.75
2026-06-17 10:03:38,23.25
2026-06-17 11:13:38,22.75
2026-06-17 11:51:43,22.25
2026-06-17 12:03:09,22.75
2026-06-17 12:12:24,23.25
2026-06-17 13:22:46,22.75
2026-06-17 14:01:56,22.25
2026-06-17 14:08:06,22.75
2026-06-17 14:17:32,23.25
2026-06-17 15:31:21,22.75
2026-06-17 16:16:53,23.25
2026-06-17 16:25:02,23.75
2026-06-17 17:49:01,23.25
2026-06-17 18:31:27,23.75
2026-06-17 18:39:59,24.25
2026-06-17 19:18:04,23.75
2026-06-17 19:31:51,24.25
2026-06-17 20:23:22,23.75
2026-06-17 20:41:52,23.25
2026-06-17 21:05:16,23.75
2026-06-17 22:04:45,23.25
2026-06-17 22:22:53,23.75
2026-06-17 22:34:51,24.25
2026-06-17 23:06:58,23.75
2026-06-17 23:25:50,23.25
2026-06-17 23:47:14,22.75
2026-06-18 00:25:30,23.25
2026-06-18 01:23:11,22.75
2026-06-18 01:55:06,22.25
2026-06-18 02:39:43,21.75
2026-06-18 02:45:32,22.25
2026-06-18 02:53:41,22.75
2026-06-18 03:10:01,23.25
2026-06-18 03:48:06,22.75
2026-06-18 04:27:27,22.25
2026-06-18 05:28:24,22.75
2026-06-18 05:36:22,23.25
2026-06-18 06:48:44,22.75
2026-06-18 07:29:00,23.25
2026-06-18 07:40:48,23.75
2026-06-18 08:16:10,23.25
2026-06-18 08:46:49,22.75
2026-06-18 09:29:15,23.25
2026-06-18 09:38:19,23.75
2026-06-18 10:26:02,23.25
2026-06-18 11:02:40,22.75
2026-06-18 11:40:23,23.25
2026-06-18 11:48:33,23.75
2026-06-18 12:42:25,23.25
2026-06-18 13:18:52,22.75
2026-06-18 13:54:58,23.25
2026-06-18 14:02:02,23.75
2026-06-18 14:59:21,23.25
2026-06-18 16:08:51,23.75
2026-06-18 16:16:28,24.25
2026-06-18 17:32:06,23.75
2026-06-18 18:14:54,24.25
2026-06-18 18:24:52,24.75
2026-06-18 19:12:13,24.25
2026-06-18 19:58:27,23.75
2026-06-18 20:04:38,24.25
2026-06-18 20:14:25,24.75
2026-06-18 20:53:36,24.25
2026-06-18 20:59:46,24.75
2026-06-18 21:32:03,25.25
2026-06-18 22:12:51,24.75
2026-06-18 22:26:49,24.25
2026-06-18 22:42:47,23.75
2026-06-18 23:15:36,24.25
2026-06-19 00:05:51,23.75
2026-06-19 00:28:42,23.25
2026-06-19 00:56:05,22.75
2026-06-19 01:23:40,23.25
2026-06-19 01:32:44,23.75
2026-06-19 02:24:03,23.25
2026-06-19 02:53:26,22.75
2026-06-19 03:35:09,22.25
2026-06-19 03:54:01,22.75
2026-06-19 04:01:27,23.25
2026-06-19 04:17:03,23.75
2026-06-19 04:54:57,23.25
2026-06-19 05:33:24,22.75
2026-06-19 06:29:50,23.25
2026-06-19 06:36:32,23.75
2026-06-19 07:37:40,23.25
2026-06-19 08:11:02,22.75
2026-06-19 08:20:38,23.25
2026-06-19 08:28:37,23.75
2026-06-19 09:41:21,23.25
2026-06-19 10:24:52,23.75
2026-06-19 10:34:29,24.25
2026-06-19 11:21:49,23.75
2026-06-19 11:53:44,23.25
2026-06-19 12:28:45,23.75
2026-06-19 12:36:54,24.25
2026-06-19 13:26:25,23.75
2026-06-19 14:00:53,23.25
2026-06-19 14:34:37,23.75
2026-06-19 14:41:19,24.25
2026-06-19 16:10:33,23.75
2026-06-19 16:40:29,24.25
2026-06-19 16:47:11,24.75
2026-06-19 16:59:31,25.25
2026-06-19 17:39:15,24.75
2026-06-19 18:11:44,24.25
2026-06-19 18:53:59,24.75
2026-06-19 19:00:31,25.25
2026-06-19 19:56:44,24.75
2026-06-19 20:28:07,24.25
2026-06-19 20:58:14,24.75
2026-06-19 21:05:18,25.25
2026-06-19 21:48:50,24.75
2026-06-19 22:11:09,24.25
2026-06-19 22:29:06,24.75
2026-06-19 22:37:48,25.25
2026-06-19 23:12:05,24.75
2026-06-19 23:29:51,24.25
2026-06-19 23:51:26,23.75
2026-06-20 00:04:19,24.25
2026-06-20 00:11:13,24.75
2026-06-20 00:56:22,24.25
2026-06-20 01:16:30,23.75
2026-06-20 01:39:32,23.25
2026-06-20 02:13:16,22.75
2026-06-20 02:28:41,23.25
2026-06-20 02:34:51,23.75
2026-06-20 02:46:06,24.25
2026-06-20 03:28:33,23.75
2026-06-20 03:56:40,23.25
2026-06-20 04:34:23,22.75
2026-06-20 05:02:08,23.25
2026-06-20 05:07:57,23.75
2026-06-20 05:15:34,24.25
2026-06-20 06:04:53,23.75
2026-06-20 06:44:58,23.25
2026-06-20 07:32:08,23.75
2026-06-20 07:37:02,24.25
2026-06-20 08:51:12,23.75
2026-06-20 09:27:18,24.25
2026-06-20 09:32:01,24.75
2026-06-20 10:22:48,24.25
2026-06-20 10:44:34,23.75
2026-06-20 10:51:27,24.25
2026-06-20 10:57:37,24.75
2026-06-20 11:06:41,25.25
2026-06-20 11:35:43,24.75
2026-06-20 12:30:29,25.25
2026-06-20 12:37:22,25.75
2026-06-20 13:47:01,25.25
2026-06-20 14:09:09,25.75
2026-06-20 15:20:48,25.25
2026-06-20 15:56:10,24.75
2026-06-20 16:07:14,25.25
2026-06-20 16:13:56,25.75
2026-06-20 17:52:47,25.25
2026-06-20 18:12:12,25.75
2026-06-20 18:18:43,26.25
2026-06-20 18:54:49,25.75
2026-06-20 19:15:52,25.25
2026-06-20 19:39:15,24.75
2026-06-20 20:18:59,25.25
2026-06-20 20:24:04,25.75
2026-06-20 21:22:50,25.25
2026-06-20 21:49:18,24.75
2026-06-20 22:16:30,24.25
2026-06-20 22:28:07,24.75
2026-06-20 22:35:55,25.25
2026-06-20 23:26:09,24.75
2026-06-20 23:49:54,24.25
2026-06-21 00:22:23,23.75
2026-06-21 01:05:23,24.25
2026-06-21 01:12:49,24.75
2026-06-21 01:57:58,24.25
2026-06-21 02:27:21,23.75
2026-06-21 03:03:59,23.25
2026-06-21 03:54:24,23.75
2026-06-21 04:00:02,24.25
2026-06-21 05:04:04,23.75
2026-06-21 05:41:04,23.25
2026-06-21 06:44:44,23.75
2026-06-21 06:49:38,24.25
2026-06-21 08:26:40,23.75
2026-06-21 08:48:47,24.25
2026-06-21 08:55:52,24.75
2026-06-21 10:00:58,24.25
2026-06-21 10:39:25,24.75
2026-06-21 10:47:24,25.25
2026-06-21 11:22:57,24.75
2026-06-21 11:45:59,24.25
2026-06-21 12:14:27,24.75
2026-06-21 12:21:10,25.25
2026-06-21 13:13:57,24.75
2026-06-21 13:59:06,25.25
2026-06-21 14:05:16,25.75
2026-06-21 14:44:38,25.25
2026-06-21 15:01:40,24.75
2026-06-21 15:23:04,24.25
2026-06-21 15:37:13,24.75
2026-06-21 15:43:56,25.25
2026-06-21 16:41:37,24.75
2026-06-21 17:07:00,24.25
2026-06-21 17:24:14,24.75
2026-06-21 17:32:34,25.25
2026-06-21 18:13:01,24.75
2026-06-21 18:34:47,24.25
2026-06-21 19:01:38,24.75
2026-06-21 19:08:20,25.25
2026-06-21 19:30:28,25.75
2026-06-21 20:14:43,25.25
2026-06-21 20:30:08,24.75
2026-06-21 20:52:59,25.25
2026-06-21 21:46:40,25.75
2026-06-21 22:28:23,25.25
2026-06-21 22:45:47,24.75
2026-06-21 23:03:56,24.25
2026-06-21 23:18:37,24.75
2026-06-21 23:26:47,25.25
2026-06-22 00:06:41,24.75
2026-06-22 00:28:05,24.25
2026-06-22 00:54:22,23.75
2026-06-22 01:31:23,23.25
2026-06-22 01:42:16,23.75
2026-06-22 01:48:04,24.25
2026-06-22 01:57:08,24.75
2026-06-22 02:38:40,24.25
